chunk_id,doc_type,subreddit,text,has_sg,wc,singbert_neg_prob,singbert_neu_prob,singbert_pos_prob,singbert_label,queue_type,human_label
2uitud_0,submission,singapore,Travelling before NS enlistment. I was wondering if a NS pre-enlistee is able to travel overseas before enlistment date?,False,20,0.0086,0.985,0.0064,neutral,random_balance,
hz5i36h_0,comment,NationalServiceSG,"If he is a gamer and you dk what games to buy for him, can consider getting a Steam gift card so he can choose what games to buy. All gamers will love that. :P I am pretty sure no gamers will complain he has too much games lmao",False,49,0.0072,0.0213,0.9715,positive,positive_candidate,
nmnkgmy_0,comment,NationalServiceSG,At 34..  The SAF won't hire you even if you're a locally born citizen..  But you can join the Singapore auxiliary police force who will hire foreigners..,False,29,0.0547,0.9285,0.0168,neutral,random_balance,
gqz8hlv_0,comment,NationalServiceSG,Thank you! Looking forward to it especially that recon tab and jungle hat...,False,13,0.0059,0.0131,0.9811,positive,positive_candidate,
hvfeht2_4,comment,NationalServiceSG,don't worry and eat more! I actually learnt to eat brocolli during my BMT days haha so I guess train urself to eat more food.,False,26,0.0049,0.0169,0.9782,positive,positive_candidate,
rz4noc_1,submission,NationalServiceSG,has it happened or anyone experienced this before? just wondering.,False,10,0.0179,0.9666,0.0155,neutral,random_balance,
eoi7m02_0,comment,singapore,Spent the off day learning the chords to Don't Think Twice It's Alright. Now only if I can sing..,False,21,0.0815,0.0354,0.8832,positive,positive_candidate,
mixtzp2_0,comment,NationalServiceSG,my mom’s dead and my dad’s a deadbeat hater who lives alone. he doesnt allow anyone to live with him.,False,22,0.921,0.0559,0.023,negative,random_balance,
gpmstay_0,comment,NationalServiceSG,"Some of the stories I know (not full details) of Tekong: 

1. The ""captain spirit"" who roams around School 1 cluster (near Apache Company), but I heard that this ""captain"" is there to protect us, pretty harmless.",False,37,0.0076,0.0957,0.8967,positive,positive_candidate,
ftgwzvy_0,comment,NationalServiceSG,"i usually talk to my family about my life at the end of each day itself, so by the time i get home i can stop thinking abt ns. maybe you shld try it. can help give u some ranting time also hahaha",False,43,0.0113,0.0226,0.9661,positive,positive_candidate,
gqnpipu_0,comment,NationalServiceSG,https://youtu.be/9wuZwSAQsPg just watch this video regarding NFM... cringe vid though lol,False,14,0.3303,0.0416,0.6281,positive,positive_candidate,
ipg83hd_0,comment,NationalServiceSG,"Not going to uni, ain't the end of the world. But if you really want to, try getting real working experience anddddddd apply via the adult learner scheme for uni :)",False,31,0.0596,0.0531,0.8873,positive,positive_candidate,
n2zwc23_0,comment,askSingapore,"I am also lucky that my mum has also started to understand and appreciate me wanting to just do the bare minimum in life. Won't be too specific but after I ORDed from army I literally did nothing for a whole year, savings starting to deplete so I decided okay lah time to get a job at least I got money to survive.",True,64,0.0949,0.0358,0.8693,positive,positive_candidate,
neo9kfd_0,comment,NationalServiceSG,Whats your motivation to go to OCS? Is it for the bragging rights or you truly have an intention to lead and bring out the best in the people ard you?,False,31,0.0235,0.7479,0.2286,neutral,random_balance,
jwyllfn_0,comment,NationalServiceSG,Race against the wind,False,4,0.153,0.408,0.439,positive,random_balance,
gir1cif_0,comment,NationalServiceSG,"No worries. Sorry pardon my harshness, maybe I should have phrased my comment better. You did mention some things that were right about the platoon sensor's role.",False,28,0.032,0.3465,0.6215,positive,positive_candidate,
dnpbxb7_0,comment,singapore,"Hey at least u get to eat for free 5 days a week. :( The 3 things i look forward to during ICT is the free food, lepak and easy ippt pass. Lol.",True,32,0.0096,0.0102,0.9802,positive,positive_candidate,
lwd6wft_0,comment,NationalServiceSG,Everyone’s dream posting 😄,False,4,0.0063,0.0204,0.9734,positive,positive_candidate,
hoschrw_0,comment,NationalServiceSG,"I'm currently in NS, my slackest period is right now in Unit. I thought bmt in Pes Bp was gonna be chill, I thought I was gonna go Infantry and probably did there, since I was regraded to Pes B1.",False,41,0.1293,0.0493,0.8214,positive,positive_candidate,
nkyjelo_0,comment,NationalServiceSG,Is it ur first time defaulting? First time it’s warning most the time.,False,14,0.0627,0.9175,0.0198,neutral,random_balance,
ne0dfd7_1,comment,NationalServiceSG,"Remember back day is impt too! If you can't do a pull up it's alright, start by hanging on the bar. Progress is key!!",False,26,0.0087,0.0573,0.934,positive,positive_candidate,
ffpstgn_0,comment,singapore,"Yeah, I was speaking in the context of vending machines - more convenient. Hell, even my camp switched to Coke Stevia before I ORDed. No more good Coke after a xiong guard duty",False,32,0.1402,0.1247,0.7352,positive,positive_candidate,
m3e3l47_1,comment,NationalServiceSG,You'll hear a lot of stories about the training to give you an idea you stay well above four stories and there's only stairs. If you ooc or cmi i think you get rolled to sentry at the SOC base haha.,True,43,0.0071,0.0464,0.9465,positive,positive_candidate,
lwtr40y_0,comment,NationalServiceSG,Can transfer to YouTrip then to bank account. https://youtu.be/ooR2S4OZHsY?si=sRzpADqes6bCIAoo,False,14,0.022,0.9063,0.0716,neutral,random_balance,
v2h1p0_0,submission,NationalServiceSG,"ORD-ing soon…. what farewell gifts would you think my men/ superiors would be happy receiving?. Gonna ORD soon after 1 year &amp; 9 months in my unit as an Admin Spec; just want to get something for those who’ve made the journey a little better with their kindness, patience and teamwork - but definitely for those that have made my NS life slightly better :-)",False,65,0.0088,0.0285,0.9627,positive,positive_candidate,
hnz156f_3,comment,NationalServiceSG,"I previously from 06/21 IC2 operator and my life there is very good. PT only twice a week, other than that, most of the time is admin time after last parade at around 6pm.",False,35,0.01,0.045,0.9449,positive,positive_candidate,
fc789wa_0,comment,singapore,Bruh i saw them at SAF ferry terminal(the one where you take ferry to Tekong),False,16,0.0067,0.0348,0.9585,positive,positive_candidate,
lnwxwmu_0,comment,NationalServiceSG,Bp was an actual vacation.,False,5,0.0229,0.0564,0.9207,positive,positive_candidate,
h1d32oh_0,comment,NationalServiceSG,I just don't rlly know anything about the course and training haha plus no one I know got posted there,False,21,0.0729,0.0873,0.8398,positive,positive_candidate,
h1l0ku6_1,comment,NationalServiceSG,"If you have a background in science/bio, will be a breeze. More of memory work rather than chiongsua.",False,19,0.0088,0.1098,0.8813,positive,positive_candidate,
hxyo6vf_0,comment,NationalServiceSG,"Well the MOs are mere uni fresh grads, so they absolutely don't know what they are doing. They follow a directive that is very predatorial and aims to squeeze as much free labor they can get a man to do no matter how unfit they are to serve, the goal is just set to exploit NSFs within their 2 years here for as much work/energy/effort that they can with nothing for them to be gained but 2 years of wasted time, money and sanity.",False,87,0.9162,0.0634,0.0204,negative,random_balance,
lhwcwp5_0,comment,NationalServiceSG,"no im not getting into bmtc because i did too well, they only take the bottom few percents of the cohort",False,21,0.7958,0.1718,0.0323,negative,random_balance,
13k3c3a_0,submission,NationalServiceSG,GCC - Vetos and if selected can say don’t want to be there?. If someone gets selected for GCC can you say not interested in being there? If stay on what are the vetos?,False,34,0.0267,0.9644,0.0089,neutral,random_balance,
mn6olk8_1,comment,NationalServiceSG,thanks. btw the mc is from a private psych,False,9,0.0157,0.9218,0.0625,neutral,random_balance,
76h2zn_0,submission,singapore,"Elusyf Global, MLM company. So recently, one my friend called me up to introduce me about a business opportunity and something about good things are meant to be shares and that we can earn money together.",False,36,0.0157,0.139,0.8453,positive,positive_candidate,
jjsuq7m_0,comment,NationalServiceSG,"Hi, isit possible if u can share what vocation are u in as a b4 who has mild asthma?",False,19,0.0138,0.979,0.0071,neutral,random_balance,
nvady7m_0,comment,NationalServiceSG,Goated oc right there,False,4,0.0168,0.0167,0.9665,positive,positive_candidate,
hmj78y2_1,comment,NationalServiceSG,Finally capped off our couple of weeks with him with a pushup position down + hold it there in FBO on gravel at Asrama after what was essentially a route march around the place with some activity stations. Fun times. It's been years sia...,True,44,0.0076,0.016,0.9765,positive,positive_candidate,
hxtzbau_0,comment,NationalServiceSG,"i dont think ive received a letter yet though, i only got an SMS so far but i'll be sure to look out for it in my mail

thank you :)",False,31,0.0107,0.0667,0.9227,positive,positive_candidate,
fncluza_0,comment,NationalServiceSG,It was on the 16th :),False,5,0.0055,0.024,0.9705,positive,positive_candidate,
j75tr47_0,comment,NationalServiceSG,How long were you in for?,False,6,0.0105,0.9761,0.0135,neutral,random_balance,
dw60wmo_0,comment,singapore,"Good enough to go outfield, good enough for me",False,9,0.0186,0.1537,0.8276,positive,positive_candidate,
iaz67qr_0,comment,NationalServiceSG,"""Cos dengue cases in SG decreasing"" /s",False,7,0.1283,0.4505,0.4212,neutral,random_balance,
g0fkrgt_0,comment,NationalServiceSG,"In my experience, it's kind of okay if your blur, as long as you're not a burden. If you're blur, your commanders usually won't hate you if they can see that you're trying your best. My commanders (and section mates) knew pretty early on that I was blur, so they did take more time to help me.",False,62,0.0302,0.0724,0.8974,positive,positive_candidate,
kdtsjex_0,comment,NationalServiceSG,That’s a fantastic idea. You guys have all kinds of uniform codes. And yes I do have a commissioning ceremony in mind for Pte Xiao Didi 😂,False,27,0.0061,0.0221,0.9718,positive,positive_candidate,
ff8p3jw_0,comment,singapore,"You'll learn wherever you go as long as you're willing. Also, pes e still have to reservist one hor. The rules have been changed.",True,26,0.0623,0.2119,0.7258,positive,positive_candidate,
mk9n8a_15,submission,NationalServiceSG,"One thing is for sure, when you are stricken with fear...your mind could go blank! After a few minutes I garnered enough courage to take a peek.",False,28,0.1291,0.0756,0.7953,positive,positive_candidate,
makdzzn_0,comment,askSingapore,"Yup agree with this, one of the good advice here. Got to get those endorphins man.",False,16,0.0321,0.0534,0.9144,positive,positive_candidate,
mcpk4id_0,comment,NationalServiceSG,Seconded. If anyone knows where to get the good stuff in SG I want to know lol!,False,17,0.0239,0.0383,0.9378,positive,positive_candidate,
nf0x6z1_0,comment,NationalServiceSG,Totally agree this is the best option. I also got my deferment via this options.,False,15,0.0395,0.171,0.7895,positive,positive_candidate,
i0hhwyh_1,comment,NationalServiceSG,"you think yours is the former, or the latter? 🤔",False,9,0.0257,0.0474,0.9269,positive,positive_candidate,
jwju16x_0,comment,NationalServiceSG,"If you think bmt route march is bad, wait till you go unit hahahh. Ur field pack weight worsen but anyways it’s easy la close eye’s keep walking",False,30,0.0183,0.0154,0.9663,positive,positive_candidate,
if0vk06_0,comment,NationalServiceSG,ok ah gong lets keep this going 🤓,False,7,0.0235,0.029,0.9475,positive,positive_candidate,
mnd1pa9_0,comment,NationalServiceSG,"I think you mean ""service"" (SAF, SPF, SCDF) rather than ""vocation"" (Infantry, Guards, Firefighting etc)

Previous redditors have alluded to ending up in a different service after passing IPPT so you may end up elsewhere. As previously mentioned, it all depends on where manpower is needed.",False,46,0.0125,0.9799,0.0075,neutral,random_balance,
lmuxn0v_0,comment,NationalServiceSG,"you pass them an unused pee stick, they finish peeing show you then you see whether the stick abnormal then patients ownself throw you don't touch",False,27,0.0748,0.8605,0.0648,neutral,random_balance,
ema5a01_0,comment,singapore,"Me : Encik, today can bookout early? Encik : Go and fuck spider",False,11,0.0831,0.6455,0.2714,neutral,random_balance,
mgffgt0_0,comment,NationalServiceSG,"If you have the valid reasons listed there and you have relevant document of it. For me, I have deferred one high key due to school. I just gave them my student status letter and the academic calendar.",False,38,0.0102,0.9587,0.0311,neutral,random_balance,
hk22vfn_0,comment,NationalServiceSG,ur enciks trying to smoke u,False,6,0.7406,0.1615,0.0979,negative,random_balance,
ntkqh9v_0,comment,NationalServiceSG,stayout vocation congrats,False,3,0.0151,0.0431,0.9417,positive,positive_candidate,
kiwa37s_1,comment,NationalServiceSG,And I am not a stay out I stay in and work till 10 plus everyday. I came here cause I genuinely am stressed out about my shitty boss.,False,29,0.9523,0.021,0.0267,negative,random_balance,
1mp2e2k_1,submission,NationalServiceSG,"i do have some questions:

1. when will i get the letter or is there anything else i need to do

2. if i get the letter before my mc ends, am i still on mc?, meaning do i still need to stay home all the way until my mc finishes even though i have the letter? 😭

my house feels like an asylum now",False,64,0.1612,0.1039,0.7349,positive,positive_candidate,
emhcfwh_0,comment,singapore,"His point is that people think that nsmen were forced into service and had no pride in doing it, and people that do serve with pride are considered as suckers. This leads to other people not being able to respect servicemen as obviously those guys don't want to be there.",False,51,0.9267,0.063,0.0104,negative,random_balance,
jgfp1wr_0,comment,NationalServiceSG,"Currently in the same position as you, I just put snake powder on myself and slowly cool my body down before I sleep",False,23,0.0583,0.5117,0.43,neutral,random_balance,
inu7ys5_1,comment,NationalServiceSG,"Remember you aren’t alone, your peers are also in it together with you! 9 months will seem long but overall really fulfilling! Also the responsibility free life of a cadet is really not bad haha once you get that ➖, life will be very different.",False,45,0.0062,0.0141,0.9797,positive,positive_candidate,
clib402_0,comment,singapore,Don't be afraid! Congrats on completing your NS and I hope you manage to fill this half year gap with fulfilling things to do! ^whenisitmyturntoORD...,False,26,0.0117,0.0193,0.969,positive,positive_candidate,
eu78wu8_0,comment,NationalServiceSG,"Yeap, come find me :D",False,5,0.0162,0.0293,0.9545,positive,positive_candidate,
dgd9j4b_0,comment,singapore,"You ever had a BMT mate straight up tell you ""Bro, every company got one chao keng king one hor, and this company's king is me okay""?",True,28,0.1948,0.3011,0.5041,positive,random_balance,
1jqjifv_0,submission,NationalServiceSG,Book in to do PT immediately after end of MC. I have an MC that ends tmr (4 April) given by CGH after being sent out by PTMC.,False,28,0.0177,0.9724,0.0099,neutral,random_balance,
1on1jqb_0,submission,NationalServiceSG,"Light Duty for outfield, what is going to happen?. My MC ends today and im booking in today at 2030, but im still quite sick so im going to RSI.",False,30,0.046,0.949,0.005,neutral,random_balance,
gmjgru3_0,comment,singapore,"Well first of all, you've achieved a lot, so don't let the words of a couple of old folks bring you down. Yes they are your parents, they gave you the means to pursue the opportunities you had, but you're the one who put in the work to achieve  and make the most of then and you should be proud of yourself for doing so.",False,68,0.0442,0.0437,0.9121,positive,positive_candidate,
h2zhbdl_0,comment,NationalServiceSG,"Can confirm. Most of the best guys in my platoon didn't get into OCS, it's clear to me that their grades just weren't good enough to go. Quite unfortunate.",False,32,0.9061,0.063,0.0309,negative,random_balance,
iax5w17_0,comment,askSingapore,Not my story but it was the most interesting story I heard. My friend went for a medic cover for BMT outfield in tekong and a recruit decided to go commando (never wear underwear).,False,34,0.0078,0.0807,0.9115,positive,positive_candidate,
gtxdtvk_0,comment,NationalServiceSG,"Nope, nothing wrong man. There's no cpf contribution and you can  do it during your weekends or if you stay out unit",False,23,0.0418,0.3501,0.6081,positive,positive_candidate,
js6a45o_0,comment,askSingapore,"I wear SAF emart clothes at home and emart sports shoes to work and go out. Even for jeans I stopped buying Levis already.. Realised almost all other brand equally as comfortable..

Somehow I am supposed to ROD already completed all cycles but SAF seem to have forgotten about my ROD parade and watch so I am still getting emart top up every year. ![ gif](emote|free_emotes_pack|shrug)

Hell even for phones.. I stopped buying Samsung flagships and went with Oppo phones..",False,82,0.127,0.0434,0.8296,positive,positive_candidate,
ktfih0h_0,comment,NationalServiceSG,u ask how will life change? it will become very shiok brother,True,12,0.0891,0.0813,0.8296,positive,positive_candidate,
inojt39_1,comment,NationalServiceSG,You'll go to OES at KC3 for about 3-4 months? ( Good luck with a certain sgt there rn lmao).,False,21,0.0272,0.0401,0.9327,positive,positive_candidate,
hlu2fxp_0,comment,askSingapore,"Standby universe quite early on into BMT phase; can't remember why we kena so I'm not sure if it was just typical hazing at the start, or we really did something wrong. Come to think of it, quite glad it happened early on because we didn't really have a lot of shit to bring down to the parade square.",True,62,0.0314,0.055,0.9137,positive,positive_candidate,
f8o4rmk_0,comment,singapore,tekong water is still fucked...,False,5,0.7829,0.1635,0.0537,negative,random_balance,
ln7pl1m_1,comment,NationalServiceSG,"Personally can't speak for School 1 since I was from School 2, but School 2 is fking solid with their book-out timings, to the point where we had no dinner indented for our 8 weeks of Found Term, and we still managed to bookout at 1630 directly after outfield. However, Golf 2IC said: 'You think about it, we let you go home on Friday before dinner, it's a nights out of its own.'",False,76,0.0702,0.0563,0.8735,positive,positive_candidate,
menqgyu_0,comment,singapore,"yeah our ministries are helmed by ministers with interesting backgrounds…

MOH helmed by an economist, MTI helmed by an engineer, MOM and MINDEF with doctors. say what you want about shanmugam but at least he’s qualified to be heading MINLAW and MHA",False,43,0.0319,0.1911,0.777,positive,positive_candidate,
kea885n_4,comment,NationalServiceSG,"Which is why the best decision time is when you are in unit to really feel how life in Military is. BMT is just a facade, don't let recruitment talks fool you too, its very very appealing.",False,38,0.0598,0.0835,0.8567,positive,positive_candidate,
ibqa6pc_0,comment,NationalServiceSG,"Interval runs as well as consistent daily mileage of about 5km - 10km will help u improve immensely. Also try to optimise yur breathing pattern and cadence, this helped me shave off a full minute in about 3-4 weeks

Fastest I’ve ever run: 9:32",False,46,0.0085,0.1183,0.8732,positive,positive_candidate,
i0ynbn8_0,comment,NationalServiceSG,"It'll take time, but you'll make friends for sure. It happens to everyone with the stage to stage reset.",False,21,0.0179,0.1402,0.8419,positive,positive_candidate,
lhudc1b_0,comment,NationalServiceSG,"Don't worry lah Bro. NS is the best time to learn and grow. Rather than worrying that you would mess up, learn to accept that you would make more mistakes, you would rather that you make more mistakes in NS than at work next time.",True,46,0.0696,0.0484,0.882,positive,positive_candidate,
insw504_0,comment,NationalServiceSG,"Was from the batch just before you. Overall it’s a very good course, you don’t need to bring your field pack and 10 pack items as there won’t be any outfields.",False,34,0.0045,0.047,0.9485,positive,positive_candidate,
fkg9j8y_1,comment,NationalServiceSG,"I packed my 10 pack @home before booking in. Dont stress over anything, just try ur best to learn how to lead if u get the leadership positions (LSC, LPS, CSM) and make friends there.",False,35,0.0322,0.0827,0.8851,positive,positive_candidate,
hsfphdu_0,comment,NationalServiceSG,Imagine having to make a decision during your child hood. Lol,False,11,0.0827,0.0602,0.8571,positive,positive_candidate,
fsakvku_0,comment,NationalServiceSG,"Only had 2, and not willing to buy one more just for confinement week. I know I won’t be using more than 2 other than that LOL.",False,28,0.2621,0.0808,0.6571,positive,positive_candidate,
ga67epl_0,comment,NationalServiceSG,Already in UG (uniform groups ) so is it like training every Saturday from jan to august under rain or shine or worse ?,False,22,0.038,0.9533,0.0087,neutral,random_balance,
h1t1x0v_3,comment,singapore,"Arguing against the order at the time, Phoon also brought up that she was a former naval officer, with a history of good conduct. She added that she had returned from holiday and was unaware of the laws requiring her to wear a mask.",False,44,0.1264,0.7843,0.0893,neutral,random_balance,
h0199sl_0,comment,NationalServiceSG,"I agree, even for myself I will just go down to the camp and do my best without looking at the chart. Again, this is something extra for people who wants :)",False,31,0.0247,0.0275,0.9478,positive,positive_candidate,
i3hko4r_0,comment,NationalServiceSG,"paste a big plaster at ur heel if u have. if not, u can put one layer of socks as an in-sole if ur shoe isnt too tight",False,29,0.0307,0.9112,0.0581,neutral,random_balance,
fxieu9p_0,comment,singapore,I was in the kiddie pool during NS too. Learned a little basics about it and after BMT I started going SAFRA to swim. By the time I was in uni I was Swimming competitively.,False,35,0.009,0.0872,0.9038,positive,positive_candidate,
n06ypc0_4,comment,NationalServiceSG,"Think of it this way, some people really love PE lessons and people like me always wanted to siam it. Go in with an open mind and arms, make the most out of everything make friends with the people who technically in a war will be your pillars and your brothers in arms.",False,53,0.0123,0.0406,0.9471,positive,positive_candidate,
hph8lvb_0,comment,singapore,"He just found what he was good at and got good. The welfare system does allow people to do that and not have the worry of "" I have to get a job in six months""

Once my reservist commitments lapse when I'm 40, will happily drop the red passport.",False,50,0.1147,0.0982,0.7871,positive,positive_candidate,
l5vck02_1,comment,NationalServiceSG,"not everyone in the cohort gets to enlist in early jan, some do enlist quite late and ord later nearer the university start date. if one guy gets to start uni one year earlier than the rest of the cohort, it would be unfair to the rest what. not saying it’s right or wrong, that’s how it is",False,60,0.6711,0.3143,0.0146,negative,random_balance,
lid8ur_0,submission,NationalServiceSG,Will getting charged in SAF court affect me outside?. Dear all this is a throwaway account.,False,16,0.1642,0.8303,0.0055,neutral,random_balance,
hd1zzvr_0,comment,singapore,It is not like these few hundred talents being exempted from national service would make a diff. Literally just a couple of men less in each unit.,False,27,0.8732,0.0985,0.0282,negative,random_balance,
hlsxzzd_0,comment,NationalServiceSG,Thank you for raising awareness about this process👍,False,8,0.0072,0.035,0.9578,positive,positive_candidate,
lp56h3x_0,comment,NationalServiceSG,"ahaha sounds a little risky, i don't want to get targeted on the first day if i get caught",False,20,0.6399,0.1846,0.1755,negative,random_balance,
nfdienv_0,comment,NationalServiceSG,"Walao u luckyyyyy :( thanks bro, I'm gonna die💀",True,9,0.0216,0.0128,0.9656,positive,positive_candidate,
iq7oes8_0,comment,NationalServiceSG,"There’s this guy in my platoon. He’s not stupid or autistic, but his EQ level is just… shockingly low.",False,21,0.943,0.037,0.02,negative,random_balance,
1pl7a4r_1,submission,NationalServiceSG,at first i saw tekong and i thought shag… who wants to go back tekong… but then i saw my vocation: **TOILET SUPVR** then wah cb limpeh started smiling. so now i want to know what life is like… what’s the course like?,True,44,0.088,0.1013,0.8107,positive,positive_candidate,
k53ckml_0,comment,singapore,"ya should be catch

I broke the WCF when it was first introduced during an ict lol. the boots, I think ppl hide them inside before, thats why now must take off and also I think metal detector cannot scan inside boots or the boots got a metal? toe cap?",False,50,0.0299,0.1809,0.7892,positive,positive_candidate,
lzud8fp_1,comment,singapore,"But anyway, the military segment of NDP is important from a psychological point of view in order to give Singaporeans a sense of confidence and security. It is meant to make you (and I use ""you"" because I am not Singaporean) feel more secure, knowing that your armed forces are properly equipped to face threats from outside.",False,57,0.0153,0.1988,0.7859,positive,positive_candidate,
m5bz5zj_0,comment,NationalServiceSG,"From what I know, the army will mail the letter to your house mailbox, and the only time the recruits will get the letter is during the field camp, where the sergeants will give it to us. There was no such thing as us receiving the letter first then having to pass it to our family members. There should be instructions on the letter so just follow.",False,67,0.0081,0.9667,0.0252,neutral,random_balance,
lqr0qp6_0,comment,NationalServiceSG,Whenever they want as long as they give you 48h of bookout a week,False,14,0.0226,0.8938,0.0836,neutral,random_balance,
duuf5zt_0,comment,singapore,"I cried when I failed to qualify for a trip to Beijing, but then my luck turned around when I got into a trip to Hong Kong and the above-mentioned trip to Thailand. Not sure if you're a guy, but guys will all have to enlist for NS after graduating from poly. I personally made much greater friendships with the people I met while serving NS than the people I met in poly. I never thought I would actually make such meaningful friendships in NS but I guess life can really go either way.",False,96,0.0087,0.0212,0.9701,positive,positive_candidate,
dn76vkd_0,comment,singapore,Yes I totally ate a lot of ground nuts. I might have given myself a sore throat. Ippt in 2 days ._.,False,22,0.1932,0.093,0.7138,positive,positive_candidate,
hcewb1y_1,comment,NationalServiceSG,"There will be a recruitment talk during BMT where you'll find out more. You can still try C4X, not exactly sure how the selection is done, but a university placing and high clearance may help. PES shouldn't matter since C4X is the only voacation (other than MO which requires a medical degree) that accepts non PES fit commissioned officers.",False,61,0.006,0.9781,0.0158,neutral,random_balance,
jqlxhew_0,comment,NationalServiceSG,Since u already complaining i assume u finished bmt. This is shitty advice but it worked for me.,False,18,0.2715,0.0952,0.6333,positive,positive_candidate,
mffg906_0,comment,NationalServiceSG,"The nurse at entry told me my 11B doesn't cover, then I ask her if I can use my civil service card. Then she said she check if activated or something like that, didn't get back to me.",False,40,0.1363,0.8435,0.0203,neutral,random_balance,
lqw7mi9_0,comment,NationalServiceSG,"relax, just take things day by day",False,7,0.0452,0.1236,0.8311,positive,positive_candidate,
hrw4f25_0,comment,NationalServiceSG,Huh first time heard parents said son Chao keng..your dad regular ? .. mine dad always said must Keng then can ORD 😂😂😂.,True,21,0.0141,0.0262,0.9597,positive,positive_candidate,
kaxburs_0,comment,NationalServiceSG,"Safti breakfast hits hard because regardless of menu, there is always bread with various spreads + toaster and ice cold milo gao. Nothing better than putting a shit ton of margarine on your bread, toasting it so it melts and soaks through, then dunking that in your cold milo.",False,48,0.0588,0.0323,0.9089,positive,positive_candidate,
igr491o_0,comment,NationalServiceSG,We have a John wick 3 among us...,False,8,0.0587,0.3531,0.5882,positive,positive_candidate,
garf95c_1,comment,NationalServiceSG,"otherwise can just have more sessions lo, but it will still be manageable ah. generally the foot drills consist mainly of the standard stuff, sedia senangdiri, etc.",False,27,0.0141,0.2829,0.703,positive,positive_candidate,
ij09fvm_0,comment,NationalServiceSG,enjoy the cookhouse hot food for a day then hate it the next day :),False,14,0.1104,0.0278,0.8618,positive,positive_candidate,
l7yshfx_0,comment,NationalServiceSG,Can nvr beat Raven leads the way,False,7,0.1538,0.0922,0.754,positive,positive_candidate,
ky9t3jc_0,comment,NationalServiceSG,"Detention barracks bro, shit once a day only inside",False,9,0.1638,0.1055,0.7308,positive,positive_candidate,
i2j0zw9_3,comment,NationalServiceSG,Walk in to A&amp;E and seek help. There’ll be no problem at all.,False,16,0.0875,0.8038,0.1087,neutral,random_balance,
h2fhgry_0,comment,NationalServiceSG,"see you bro, will be enlisting on the same day same time as you.",False,14,0.0458,0.0911,0.8631,positive,positive_candidate,
idjook6_0,comment,NationalServiceSG,Shiok lah! Enjoy! Any other concerns feel free to ask!,True,10,0.0049,0.0137,0.9814,positive,positive_candidate,
nhnghzq_1,comment,NationalServiceSG,Fine only la. In and out less than 5 mins!,False,10,0.1689,0.2377,0.5934,positive,positive_candidate,
im89fxj_0,comment,NationalServiceSG,"Yes, especially my gym friends i made in BMT and in UNIT :)

GYMBROS FOR LIFE !",False,15,0.0047,0.0145,0.9808,positive,positive_candidate,
hk68ous_0,comment,NationalServiceSG,"Really it was just fate I went in Guards. No one really nows, I even asked the Bde Comd and he said he dunno.",False,24,0.0937,0.1489,0.7574,positive,positive_candidate,
gxqfsi1_0,comment,singapore,"Till today, even some of my mates in uni, so differentiate me from their cliques, just because I’m not singaporean (of course they don’t say it onto your face), but you can feel it. I always felt that THIS is my home, and this is where I belong, and hence I even applied for citizenship after ORD.",False,59,0.0321,0.052,0.9159,positive,positive_candidate,
k0j2cp6_1,comment,NationalServiceSG,"It's a little like trying to figure out an entire season of a show by just watching the trailers. From there, we form a profile of what might happen, or if something is safe to do. (",False,37,0.0262,0.8575,0.1163,neutral,random_balance,
kv8yju3_0,comment,NationalServiceSG,"Get those quick dry type like Uniqlo airsim boxer. and if you're prepping for JSFST, then you'll want to use running tights rather then boxer, and invest in really good pair of socks..    

A friend went for the JSFST and thanked himself after getting the tights from decathlon, as he claim he'll be waking with legs wide open if he goes without the tights, and the socks cost over $40 from this shop at Funan can't remember the brand.",False,83,0.0174,0.0919,0.8907,positive,positive_candidate,
k6igzx_3,submission,NationalServiceSG,"Well, this is LTA Frost at your service. NS has been memorable few years past and I still remember those as fondly as ever.",False,24,0.0114,0.0213,0.9673,positive,positive_candidate,
gele54q_2,comment,NationalServiceSG,"Starts with H, ends with L, just like HELL. :P

&gt; In OCS, they will enforce the textbook on you like it's the bible and every day was Sunday.",False,30,0.6276,0.1832,0.1893,negative,random_balance,
iqs8cwn_6,comment,NationalServiceSG,My parents sent me to camp during book in and fetch me home during book out. These are all the things that I do not take for granted.,False,28,0.1689,0.0844,0.7467,positive,positive_candidate,
pfg7fl_0,submission,NationalServiceSG,"When do I enlist? Need help.. I’ve gotten my PES Status on 15 Feb 2021 as PES E, graduated this April from ITE.",False,24,0.0247,0.97,0.0053,neutral,random_balance,
gmp66xi_0,comment,NationalServiceSG,"From what I hear from my friends who were pes c, it’s like a school camp. Nobody rushes you to do anything. Most strenuous activity is walking and for 50% of the time, you sit in groups singing army songs with gusto.",False,43,0.0126,0.0435,0.9439,positive,positive_candidate,
kxlzr07_0,comment,NationalServiceSG,Just be open minded and resilient. So many things are gonna go wrong so quickly but that's kinda just part of it.,False,23,0.2984,0.1017,0.5999,positive,positive_candidate,
k5x17ne_0,comment,NationalServiceSG,"Combat Engineer voc tab
CSB
CSSCOM/supply base formation patch (can't remember)
SCT rank",False,15,0.0136,0.9569,0.0295,neutral,random_balance,
k3oos3c_0,comment,NationalServiceSG,can’t tell cause someone ik grad poly this year April 2023 but enlist in september 2023🤷🏻‍♂️,False,17,0.0416,0.1523,0.8061,positive,positive_candidate,
htvcisg_0,comment,NationalServiceSG,All the best mate. You’ve got a good attitude,False,10,0.0086,0.0156,0.9758,positive,positive_candidate,
iw2peu7_0,comment,NationalServiceSG,female pc. not under her but she very cute,False,9,0.0131,0.0524,0.9345,positive,positive_candidate,
18ksyic_1,submission,NationalServiceSG,"I'm neither Singaporean nor male so I really do appreciate your input here. As far as gifts go, I have compiled notes for him to get a head start in studying for uni and passed my projects over.",False,39,0.0206,0.0843,0.8951,positive,positive_candidate,
dxq1zcx_0,comment,singapore,"In the American army, In order to first be a Lieutenant Colonel, an officer must serve about 18-20 years and have completed all Key Development requirements with satisfactory Officer Evaluation Reports. Considering that the youngest ages of commission are typically 20-22, this would make the youngest Lieutenant Colonels 38-42, and therefore 43-45 before they are eligible to be promoted to Colonel. What an inspiration",False,68,0.0233,0.0701,0.9066,positive,positive_candidate,
kc1oz63_0,comment,NationalServiceSG,"When I reminisce about army films, I think about Army Daze.",False,11,0.0181,0.3425,0.6394,positive,positive_candidate,
h5hybq8_0,comment,NationalServiceSG,"My superior is approachable which helps, hopefully they allow such a thing for me! Thx for the advice",False,18,0.0101,0.042,0.9479,positive,positive_candidate,
jni26hu_4,comment,NationalServiceSG,N if those fkers stare at u. Just stare at them back PROUDLY. Tat time got one aunty stare at me on train.,False,23,0.1187,0.0772,0.8042,positive,positive_candidate,
gch9nob_1,comment,singapore,"Afaik, POP usually have a march together to the parade square but cause of Covid, our intake was the 1st to do a simpler POP with no parents attandance and take pictures and such. Good luck enlisting! P.s: from Police 179th Intake",False,43,0.0088,0.1158,0.8754,positive,positive_candidate,
jz7g45h_0,comment,NationalServiceSG,"True story, one of them saw his encik in jb who likes to go for massage ehem, immediately kenna",False,19,0.1274,0.2656,0.607,positive,positive_candidate,
ir0c0pg_0,comment,singapore,Does mindef use similar methodology to determine how much they have stolen from us guys over the years?,False,18,0.0427,0.9474,0.0099,neutral,random_balance,
hcsqpyy_0,comment,NationalServiceSG,"Alright, I'll try doing that. Rn im just afraid of OOT-ing to be honest so i really hope everything is fine haha",False,24,0.0466,0.0248,0.9286,positive,positive_candidate,
drgn1oa_0,comment,singapore,"Here's an analogy to help you with what LKY is suggesting (and which I think is u/cheekia's point):

You're an ordinary teacher in a school. One day, the principal, the HOD, and the admin support staff all disappear unexpectedly.",False,43,0.1454,0.8178,0.0368,neutral,random_balance,
if1x8wq_0,comment,NationalServiceSG,Yea as for me not to serve NS means I migrate at 18 what? Then how go new country as a teen and do what? Only have A level cert some more.,False,32,0.8055,0.1744,0.0201,negative,random_balance,
k0p34gb_0,comment,NationalServiceSG,"Ur sign to start ur xmm hunting career. Jokes aside, prob pretty chill since there r rarely visits from schools besides the camps n events which u will likely facilitate",False,30,0.0109,0.0213,0.9678,positive,positive_candidate,
gnifjmu_0,comment,singapore,"Actually looks ok leh. Idk i only eat the muslim meals, but back then also i didnt really complain about cookhouse food in tekong much.",True,25,0.0269,0.0935,0.8796,positive,positive_candidate,
mqicy6i_1,comment,askSingapore,"After that act busy behind desk and say cannot join route march etc”

POP after POP, friends younger than me shared they were impressed with the COA charisma of leading by example. Only then i said to myself he is really a lead by example soldier. Hard to find in todays senior rank soldier.",False,54,0.033,0.0337,0.9333,positive,positive_candidate,
dbampz3_0,comment,singapore,"I was from leadership batch during bmt, not mono",False,9,0.0106,0.9063,0.0831,neutral,random_balance,
ml4m47b_0,comment,singapore,she’s quite naive tbh. paying for her NS bf on the premise of a “future” since her bf wants to enter investment banking in the future. the joke is he’s near ORD and still yet to receive a firm offer from any local uni,False,46,0.9104,0.0561,0.0335,negative,random_balance,
mrjnllp_0,comment,askSingapore,The not so good. You missing out on HOME awards and annual IPPT income.,False,14,0.7156,0.2229,0.0615,negative,random_balance,
mjyuhmr_0,comment,singapore,"You what cohort? If you secure your IPPT already, can go in earlier and focus on your soldiering skills better too, so you can get into SCS or OCS if you want.",False,32,0.0092,0.8817,0.1091,neutral,random_balance,
lgyadkr_0,comment,NationalServiceSG,Personally i would join after my diploma as there is a pay difference. Especially if there is the idea of signing on.,False,22,0.0207,0.8754,0.1039,neutral,random_balance,
ky9zkx7_13,comment,NationalServiceSG,Yes it might be stressful while you are going through it but at the end of the day you will find a way. So why not try to be happy while going through it.,False,34,0.0483,0.0535,0.8982,positive,positive_candidate,
mil9ll4_0,comment,NationalServiceSG,ohhh i see thank youu!!,False,5,0.009,0.0175,0.9735,positive,positive_candidate,
gjmcrva_0,comment,singapore,"what's wrong with that? I used to take 3-4 hours nap as a kid... 2 hours nap very common now for me too.. i still sleep very well at night... lol

my sergeant in the army told me sleep is over rated",False,44,0.0359,0.0363,0.9279,positive,positive_candidate,
h1mnj9q_0,comment,NationalServiceSG,"U can drop off at the zebra crossing instead of the carpark, and just walk",False,15,0.045,0.9059,0.0492,neutral,random_balance,
nqiq8ou_0,comment,NationalServiceSG,"adding onto this, are sports protective goggles with prescription are allowed?",False,11,0.0098,0.9804,0.0098,neutral,random_balance,
gb62l7i_0,comment,NationalServiceSG,I try to volunteer on weekends if I can with this Non-Profit that works with kids. I also pursue my passions ah like photography and videography.,False,27,0.0143,0.0912,0.8945,positive,positive_candidate,
eiktrfc_0,comment,singapore,"Ez life. Found term alot of lectures which only helps abit then on job training ( your unit which you will actually learn shit) and then go back to OPS phase ( easy too as compared to SCS) 

I’m a CQ at Armour, life is kinda ok!",False,46,0.0092,0.0229,0.9679,positive,positive_candidate,
kylccns_0,comment,askSingapore,Was currently serving national service (our form of conscription) during that year. My memory's a little fuzzy on the exact details.,False,22,0.0204,0.9662,0.0134,neutral,random_balance,
gkb5qjq_1,comment,askSingapore,"Look at the NS trainings now compared to those who served in the 80s or earlier. If a NSman tells his Platoon Sgt that he is feeling depressed because his GF left him, the Sgt will tell him to go fly kite, chao geng, etc.",False,45,0.753,0.2003,0.0468,negative,random_balance,
19c6zjd_4,submission,NationalServiceSG,"&#x200B;

now i have been scheduled by the office to go Camp Z coming monday for a job with a contractor. seeing that the newest colleague is planned for night standby for that day, i informed him nicely that i'd help him scan computah (i've been auto scanning any day that i'm there first for the longest time now, and frankly i can say that i am happy knowing that i minus-ed something from night standby crew).",False,81,0.0219,0.0377,0.9404,positive,positive_candidate,
k0vc2hg_1,comment,NationalServiceSG,"The tests I went through to gauge ‘aptitude’ seem to assume some familiarity with the equipment, even they publicly claim that no experience is required. Yeah no experience is required to pass the test if you’re super talented; but those with prior training can pass the tests more easily without needing as much “talent” (whatever the heck that means).",False,60,0.3346,0.6156,0.0499,neutral,random_balance,
ic7npg9_0,comment,NationalServiceSG,"very very rich coming from someone who has been dishing out chao keng, excuses and MC advice to NSFs on reddit and knows very well the ins and outs of PCC SCC and the entir3 PES F process",True,38,0.1704,0.0911,0.7386,positive,positive_candidate,
dg2l4aj_0,comment,singapore,"Any experts here on pes status, re bmt, psychological problems and psychiatrist appointment whom i can talk to?",False,18,0.0201,0.9724,0.0074,neutral,random_balance,
j0p4atx_2,comment,NationalServiceSG,"Chucked to order food and plan battalion games day :o not even if the main company mission line. heard he's some reno freelancer or smth while the rest of his men have gone on to succeed :)

Amazing what 15 years of time can show you.",False,46,0.0572,0.0362,0.9065,positive,positive_candidate,
jjl5x8p_0,comment,NationalServiceSG,Yes can. I brought and didn’t get fucked. May differ between companies tho,False,14,0.0421,0.8175,0.1404,neutral,random_balance,
i08cnas_1,comment,NationalServiceSG,"Regardless, just try to take care of your physical and mental health. If you want, try to pick up something on your own like exercise, gym, reading, watching netflix series you missed.",False,32,0.0407,0.2551,0.7042,positive,positive_candidate,
1513s04_0,submission,NationalServiceSG,"Severe Sleepwalking and Sleeptalking, can i downpes/OOC?. For context, I've been sleepwalking and Sleeptalking since young but grew out of it. Only in Army then it returned and to my knowledge is quite severe; i can sleepwalk to other people's bunk and talk to them, return to my bunk and wake up with no recollection.",False,58,0.22,0.76,0.02,neutral,random_balance,
nhqgjk0_6,comment,NationalServiceSG,5. Not allowed unless you declare/get it cleared with MO.,False,11,0.0388,0.9506,0.0107,neutral,random_balance,
hi3t6me_0,comment,NationalServiceSG,"Oh yeah you can also try writing, it helps for me at times. If you can use your phone don't hesitate.",False,22,0.0138,0.1557,0.8305,positive,positive_candidate,
es502s2_0,comment,singapore,"*book out, book out day!!*",False,5,0.0147,0.0469,0.9385,positive,positive_candidate,
ik4p33k_0,comment,NationalServiceSG,"&amp;#x200B;

So how do you travel then",False,8,0.03,0.9557,0.0143,neutral,random_balance,
mo8p02z_2,comment,NationalServiceSG,"Hand No need to be 90 degrees. This is coz the previous intake complained Water Parade so long then kena ""hand pain"" so cannot do PT next day.",True,28,0.134,0.8078,0.0582,neutral,random_balance,
h0bnxgh_1,comment,NationalServiceSG,And we will either have to pay back the remaining 2 months (give or take) during our uni holidays or after we graduate. From what ive seen almost everybody gets approved for disruption in our circumstance but perhaps someone who has been through it can elaborate more.,False,47,0.1004,0.8807,0.0189,neutral,random_balance,
hcyqrsw_0,comment,singapore,"That's because people like these live in their own bubbles. A lot of incompetent men feel that NS was the reason why their life suck, so they want foreigners to suffer the same thing as them. But they don't realize men across the world are facing the same issues (e.g. rejected by local women, lackluster career) even though they don't have conscription to delay their life by 2 years. Apparently going through NS didn't teach them that life is unfair?",False,85,0.9528,0.032,0.0153,negative,random_balance,
mmj7z19_0,comment,NationalServiceSG,any updates sia HAHAHA,True,4,0.0185,0.0232,0.9583,positive,positive_candidate,
h3exitc_1,comment,NationalServiceSG,Make sure to treat yourself better after you ORD. It gets better.,False,12,0.0441,0.0453,0.9106,positive,positive_candidate,
dkxcq4z_0,comment,singapore,"Ironic isn't it, national service, to make us feel indebted to the country. ( wew, look at Singapore over there, don't you want to defend your loved ones?).",False,29,0.8735,0.038,0.0885,negative,random_balance,
fvt2f1v_0,comment,NationalServiceSG,I’m a picky eater but I actually find that the food is okay though. Takes some getting used to and it’s kinda alright after that.,False,27,0.0092,0.0248,0.966,positive,positive_candidate,
exoc7p_0,submission,NationalServiceSG,"Signals Summex. Hi, i’m currently in Signals IS and i was wondering if anybody knew about a possible turnout for the summex? it’s summex swiftnet and i always hear stories of 4am turnouts to commence the summex and i want to be prepared for it LOL",False,48,0.0078,0.1987,0.7934,positive,positive_candidate,
kpcamic_0,comment,singapore,it's still possible like my encik grandmother can still run faster than most recruits in Tekong,False,17,0.0689,0.2344,0.6967,positive,positive_candidate,
luq82o9_0,comment,singapore,"Sorry to hear about your experience and that many people seem to have failed reading comprehension. To me, your identified gender doesn't matter at all - the only question is whether you were conscripted and paid conscript allowance. If you were, thank you for your service and you do have it harder than us cis men.",False,56,0.4726,0.196,0.3314,negative,random_balance,
kumeef9_1,comment,NationalServiceSG,That's the most experience u can get. After that you'd probably get posted to BMTC or some trainer role. Still okay ah I'd do it if I were u,False,32,0.0863,0.2193,0.6944,positive,positive_candidate,
ll9ozlo_1,comment,NationalServiceSG,Thanks for sharing. I consider myself quite a rebel so I myself am not exactly scholar material HAHAHAHAHAHAHAHA.,False,18,0.0181,0.017,0.9649,positive,positive_candidate,
kbnil3z_0,comment,NationalServiceSG,thank you former COL Yee for the one time vetting on Tuesday,False,12,0.024,0.0609,0.9151,positive,positive_candidate,
ix156tv_5,comment,NationalServiceSG,Fucking cunts. Be brave.,False,4,0.9002,0.0435,0.0564,negative,random_balance,
11r8ex6_3,submission,askSingapore,Also overseas uni will be out for me as my parents cant afford it. I know that this requires a lot of discipline and dedication as well.,False,27,0.4762,0.2035,0.3203,negative,random_balance,
f8rkq9u_0,comment,singapore,"Survivor of national service

Survivor of scolding by teacher

Survivor of PMD infested walkways",False,14,0.6195,0.3211,0.0594,negative,random_balance,
llg3la3_3,comment,NationalServiceSG,"In fact in some of the comments I've explained why I did not like the vibe (similar to ""attitude""), at some of these schools and places. I didn't realise that I was exhibiting some attitude too.",False,38,0.8449,0.1063,0.0487,negative,random_balance,
1b2m4dn_1,submission,NationalServiceSG,Also can we ask polyclinics for referrals to get a second opinion? I may be going for a surgery and only have 1yr to ord so trying to move things faster. Thanks for your help 🙏,False,35,0.0238,0.6208,0.3554,neutral,random_balance,
hvs5fo8_0,comment,NationalServiceSG,Gone since I enlisted xd,False,5,0.0206,0.0289,0.9505,positive,positive_candidate,
hcbt0i0_2,comment,NationalServiceSG,practical tests oso just don do stupid shit can liao. on the bright side daily got like almost 5hr admin time but a lot ppl just use to toh. minimal pt oso so can relak ik my bp frens all like gain back their tekong Ls during the 3 months,True,50,0.0314,0.0194,0.9492,positive,positive_candidate,
hnpmwhv_0,comment,NationalServiceSG,"Its 5050 for most ppl, but as we all know, universally for everything in life to do with service especially, it is easier to hate, whine, complain than the other way round. Criticisms &gt; compliments",False,35,0.8947,0.0737,0.0316,negative,random_balance,
n02gv2x_0,comment,NationalServiceSG,You stay in there too long like 10 years hard to get out. 3-4 years enough.,False,17,0.3401,0.5965,0.0634,neutral,random_balance,
hipsvc4_0,comment,NationalServiceSG,"Glad you're adjusted to Tekong life. Just take everything step by step, don't think so much, and try to form a routine for every night/morning.",False,28,0.014,0.0499,0.9361,positive,positive_candidate,
mpmcm7l_0,comment,NationalServiceSG,My friend ex fire arm but he was a SA in tekong also?,False,13,0.0066,0.9793,0.0141,neutral,random_balance,
ihketk3_0,comment,NationalServiceSG,"On behalf of everyone here, I thank you for your service. Furthermore, a guardswoman to be.",False,16,0.0286,0.046,0.9254,positive,positive_candidate,
k6xzr68_0,comment,NationalServiceSG,"I'm pretty sure that cdo has ptp batches, cuz my poly friends who didn't pass ippt had to go in in May, whereas those that passed went in in July and ended up in the same batch of cdo. They all POPed tgt.",False,45,0.01,0.9373,0.0526,neutral,random_balance,
ilaw3ic_0,comment,NationalServiceSG,They will try to let everyone do at least once to let them experience. My coy made those who didn’t do guard duty during BMT to do sentry during BMT field camp. BMT guard duty very fun one.,False,39,0.0059,0.0384,0.9556,positive,positive_candidate,
mr482xl_1,comment,NationalServiceSG,"Not saying that they are lousy, but our military is small, and thus even smaller the pool of military musicians. This is the best we got, and we should be proud.",False,31,0.0874,0.1077,0.8049,positive,positive_candidate,
dx8jkx8_0,comment,singapore,"&gt;Wet tissue lovers of sg, there’s this looney tunes wet tissue selling at $1 at Value$

If outfield week I sure whack",False,24,0.0154,0.1116,0.8729,positive,positive_candidate,
g4xgfq7_0,comment,NationalServiceSG,"I think it's bull if anyone says they don't care about ranking or promotion. These are the type of people who played a little too much when they are junior spec, however as the year pass, they will become very bitter when their peers out pace them.",False,49,0.9333,0.0459,0.0207,negative,random_balance,
nw605ui_0,comment,NationalServiceSG,guards considered marines ? 😂,False,3,0.013,0.0363,0.9507,positive,positive_candidate,
h1oyz5u_3,comment,NationalServiceSG,"6) Assisted in organising formation atheletics meet. 7) Assisted my OC in organising VVIP ushering during NDP (MP, ministers, PA VIPs etc)  
8) Had command jeep at company line for moving around camp, the MTO was my poly football kaki haha. Was fun for me thinking back but like I mention in the beginning, its vastly different for every one/unit.",False,61,0.0065,0.0209,0.9726,positive,positive_candidate,
lhjn40i_2,comment,NationalServiceSG,"Not bad laa trust. Confirm will be shag but bopian lor just go through it, don't be too negative",True,20,0.1527,0.0392,0.8082,positive,positive_candidate,
n5zeh57_0,comment,NationalServiceSG,"Alright, thanks everyone for your help, I will declare it :)",False,10,0.0108,0.03,0.9592,positive,positive_candidate,
cf3xvc_0,submission,NationalServiceSG,Beret seasoning. How do yall season your beret's?,False,9,0.0115,0.9646,0.0238,neutral,random_balance,
l4jzt8v_0,comment,NationalServiceSG,Expect to do what u are supposed to do. Lol.,False,10,0.1805,0.0728,0.7467,positive,positive_candidate,
18ebffw_0,submission,NationalServiceSG,Welfare good? using wall plugs in tekong,False,7,0.0097,0.9584,0.0319,neutral,random_balance,
hxt8msf_0,comment,NationalServiceSG,Oh okay ummmm hope that they don’t push me down to may intake or sth 🙃,False,16,0.1576,0.0846,0.7578,positive,positive_candidate,
jwcx4zn_0,comment,NationalServiceSG,"why national dental centre need to pay upfront, i thought all govt hospital/ dental clinics can use 11b?",False,18,0.1524,0.8368,0.0108,neutral,random_balance,
mh012fu_0,comment,singapore,I used to hear all the stories from my seniors enciks that sometimes they'll book out on sat morning. Wah heng ah,True,23,0.0294,0.0493,0.9213,positive,positive_candidate,
kx6xbd5_0,comment,NationalServiceSG,prob can raise the funds if they cut ministers 1 mil pay 😯,False,12,0.2408,0.1169,0.6423,positive,positive_candidate,
gytlyic_5,comment,NationalServiceSG,Be kind and supportive to your fellow soldiers. It's all showmanship.,False,12,0.043,0.0678,0.8892,positive,positive_candidate,
i644j9e_2,comment,NationalServiceSG,Process is quite fast. You can PM me if you have any more questions.,False,14,0.0121,0.2927,0.6952,positive,positive_candidate,
1as2bei_2,submission,NationalServiceSG,It's mind numbingly tedious to act cordial with toxic regulars and i dread having to put up with their nonsense over the most menial things. I wouldn't mind serving so much if the environment i worked in had a positive atmosphere or at least reimbursed me adequately for the shit i put up with.,False,56,0.9635,0.0161,0.0204,negative,random_balance,
hr75scu_5,comment,NationalServiceSG,There’s combat circuit which frankly no one likes but I later understood why I had to do it and the PT sessions which I hated. I think the key to pushing through the 2 years as an infanteer is finding your motivation and purpose.,False,45,0.05,0.048,0.902,positive,positive_candidate,
m5i188m_0,comment,askSingapore,"First day BMT 86KG, buibui, not good

Last day BMT 68KG, very handsome, ladies man",False,15,0.0293,0.0624,0.9083,positive,positive_candidate,
hvu442g_0,comment,NationalServiceSG,"well some people dont have the privilege of other citizenships and have to live/visit singapore for  the sake of themselves/family so the ""skip NS by nvr coming back"" option isnt viable for them. making full use of the 2 years is also very subjective.",False,46,0.3628,0.6161,0.0211,neutral,random_balance,
16631az_1,submission,NationalServiceSG,"im not a singaporean lol

he mentioned he got army, which i assume is armed forces but do correct me if im wrong.. so what can he expect? i know it won't be a kind experience so what does he have to look out for? the training, the people there...and as a girlfriend, what can i say other than ""you'll be okay"" etc etc. someone told me to post this here, so im sorry if this question is stupid lol,,excuse some grammar mistakes lol, thank youuu",False,90,0.0833,0.1504,0.7663,positive,positive_candidate,
14s4qch_0,submission,NationalServiceSG,"PROS AND CONS OF BEING IN OCS. Like the title says i’m curious what is like to be in OCS, pros and cons for the long run and just wanna make the most out of my NS time. Hopefully those who are currently in OCS and ord’d as an officer can help, thanks guys! Hoping to hear some tips and tricks too!!",False,64,0.0182,0.3104,0.6714,positive,positive_candidate,
ix2fesx_0,comment,NationalServiceSG,"sorry to hear that man, I hope they find smthn soon and get u back to combat fit",False,18,0.2524,0.1164,0.6312,positive,positive_candidate,
n2c5emu_0,comment,NationalServiceSG,Oh i thought from year 2 onwards if you fail IPPT still need come back to do NS fit in year 3…. Don’t need?,False,25,0.0207,0.9668,0.0125,neutral,random_balance,
akcj95_0,submission,singapore,"SAF Safety Time-out. Currently in BMT, sergeants confirmed that the timeout is until 6 Feb. Do other units differ from this date? Reactions?",False,24,0.0098,0.9815,0.0087,neutral,random_balance,
ksn5gvu_0,comment,NationalServiceSG,Most hospitals have quite a long waiting time unless your condition is urgent. But you can always bring forward your appointments by calling them to check if there are any available slots on the day itself or in a few days. Some people cancel their appointment last minute so there’s a chance you can get an open slot on the day itself. The best time to call will be early in the morning.,False,74,0.0099,0.9638,0.0263,neutral,random_balance,
na8dfsw_1,comment,NationalServiceSG,"not sure about unit but not during aiscc itself 
3. i forgot ah but its prolly chillax 
4.",False,18,0.0215,0.3752,0.6033,positive,positive_candidate,
hzx2ooz_0,comment,NationalServiceSG,Hmm makes sense. Ig I’ll go watch some videos on YouTube to learn the proper form. Ty!,False,18,0.0129,0.1921,0.7951,positive,positive_candidate,
k0pvqne_0,comment,NationalServiceSG,I want to wear the hat,False,6,0.2019,0.2035,0.5946,positive,positive_candidate,
hdp15vc_0,comment,singapore,"Actually what’s so bad about NS, ICT, etc ah? I actually look forward to each round of ICT cos it’s like a good change of pace from everyday work routine.",False,32,0.0093,0.0331,0.9577,positive,positive_candidate,
h32fddg_0,comment,NationalServiceSG,Don’t worry too much abt it just try your best mostly is sit test and ippt…,False,17,0.0423,0.1826,0.7751,positive,positive_candidate,
jn4uljy_0,comment,NationalServiceSG,Looks cool yes. Wearing it?,False,5,0.0272,0.274,0.6988,positive,positive_candidate,
dx0e304_0,comment,singapore,"If u do more than 500 pushups during bmt you will go scs, more than 1000 then ocs",False,18,0.0123,0.9561,0.0316,neutral,random_balance,
hg2zwaz_0,comment,singapore,I wish I was back when I just ord so I can stick my pink IC on my forehead and send to my understudies still serving and tell them vaccination give me early ord,False,34,0.2017,0.0921,0.7061,positive,positive_candidate,
m1u0yls_0,comment,NationalServiceSG,"15 mins first week ptp -> 11min first week bmt

ran like 4 times a week each run ard 30mins 4km ish",False,21,0.0273,0.1512,0.8216,positive,positive_candidate,
it7i9x7_37,comment,NationalServiceSG,"With the discipline and regimentation I practised for 10 years, I left and became so much more. Discipline gives u the mentality and grit to soldier on to practise, learn and get things right, no matter what's the subject u are tackling.",False,43,0.0173,0.0192,0.9635,positive,positive_candidate,
ghc3o1x_0,comment,NationalServiceSG,You will be refer to Singapore Changi Hospital instead of the skin centre. The waiting duration probably a month or so.,False,21,0.0369,0.9468,0.0163,neutral,random_balance,
e7a00j4_0,comment,singapore,"My unit was pretty chill and my vocation as a pioneer, aka man, made it even more so. I am just about to ORD and I can tell you that I’ve spent a full year total doing nothing but eating, sleeping and shitting.",False,44,0.0201,0.016,0.964,positive,positive_candidate,
ip12ipc_0,comment,NationalServiceSG,Even the last time suicide cases?,False,6,0.3095,0.6551,0.0354,neutral,random_balance,
k7vqjkt_0,comment,NationalServiceSG,Can slowly find in post secondary school,False,7,0.0113,0.9211,0.0675,neutral,random_balance,
ebmz2n5_0,comment,singapore,Depends on how delusional your encik is. My OC told us straight that our entire strategy is to hold our own for up to 3 days until USA arrives and helps us. Anything longer and we are fucked.,False,38,0.9006,0.0728,0.0265,negative,random_balance,
h1dtv63_0,comment,NationalServiceSG,"Disobedience of general orders for a breach of the security act (forgot which annex and paragraph), either 7 day sol per photo/charge capped at 28 days or a fine ($50-$100 per photo depending on how vindictive the manpower officer/oc  is feeling",False,44,0.5934,0.3811,0.0255,negative,random_balance,
m3d3d7f_0,comment,NationalServiceSG,"If you're legit, there's a SOC like playground at discovery centre that includes a small Jacobs ladder!",False,19,0.0114,0.3441,0.6445,positive,positive_candidate,
mwnt1ee_0,comment,NationalServiceSG,Ya i spent a hell lot at the range once. I mean it was for my birthday so didnt really look at price much,False,24,0.0603,0.1191,0.8205,positive,positive_candidate,
ie4t9fp_0,comment,NationalServiceSG,But he has 2 more chances and they say third time's a charm,False,14,0.079,0.1149,0.8061,positive,positive_candidate,
i5u6jm2_1,comment,NationalServiceSG,And they will most likely just nag at you to wear your headdress properly form now on. Nobody is gonna punish anyone over sth simple like headdress.,False,27,0.7394,0.1888,0.0718,negative,random_balance,
fnsgt32_0,comment,singapore,What... all gedong cookhouses were lightyears ahead of bmt school 2 imo. Roti prata fish and chips mutton curry sambal luncheon meat to name a few of my fav meals,False,30,0.0135,0.0292,0.9573,positive,positive_candidate,
nxw0l1_0,submission,NationalServiceSG,OCS Alpha/Echo Wing CLM IPPT. just wanted to ask if anyone knows if Alpha or Echo wing conducts IPPT using Eliss system or manual count? because you know.. it makes a lot of difference 😬,False,35,0.0114,0.3833,0.6053,positive,positive_candidate,
jrwrfql_0,comment,NationalServiceSG,"Basically to know when to evacuate the casualty when they report sick doing their activity haha, at most give IV only. MO only deals with medicine.",False,26,0.0254,0.0761,0.8984,positive,positive_candidate,
hr5yiye_0,comment,NationalServiceSG,"Alright! Thank you so much, appreciate it!",False,7,0.0067,0.0139,0.9794,positive,positive_candidate,
m6wg4u8_0,comment,NationalServiceSG,"Uh, not sure about PES affecting gym. Where I’m at (not disclosing for obvious reasons), there is no restriction… just need to sign book to say you come in n out. Ya I’m pleased to know that Buddhist is right🙂let your section commander / platoon commander know very quickly n see what they can do for you

All the best!",False,62,0.0084,0.0367,0.9549,positive,positive_candidate,
ir0yvlk_0,comment,NationalServiceSG,Honestly only rain then got smell. No rain no smell,False,10,0.1605,0.2919,0.5476,positive,random_balance,
jvkkeja_0,comment,NationalServiceSG,"Thank you for great advice. Some questions

1) can I really bring my own blanket?",False,15,0.0161,0.3371,0.6468,positive,positive_candidate,
h42ldaz_0,comment,singapore,"&gt; Keng culture makes all the fit people suffer more

Even the fit people should give SAF the finger and downpes so the shit org will stop wasting their time",False,30,0.9392,0.0322,0.0286,negative,random_balance,
eic31iq_0,comment,singapore,Well my medical record show I have an Eye surgery when all I went for was an X-ray lmao (freedownpes),False,21,0.0268,0.0236,0.9496,positive,positive_candidate,
d5lw9cn_1,comment,singapore,"Open road is just dying for a DO, Coy CO, Bn CO, random encik to arrow only Don't hang around those people too long, lest you become dumb too. ಠ_ಠ

Anyway, just get your specialist to write a letter, got to be strongly worded. Bring mummy, daddy, ah ma, ah gong, gf, great grandparents urn along if need be.",True,60,0.7078,0.2123,0.0799,negative,random_balance,
mmcpiwv_7,comment,NationalServiceSG,I still regularly look back to think of what could have been since I had a dream and goal for 2 years which didn’t happen. A person like me isn’t fit to lead men that’s what I think to myself. But my journey so far has let me learned much about myself and how I could improve for the future.,False,63,0.0466,0.0334,0.92,positive,positive_candidate,
1oi1lub_7,submission,NationalServiceSG,Don’t risk heat injury — refill your bottles whenever you can and keep sipping. 🚫 And don’t hold your bladder or bowels.,False,22,0.1129,0.2805,0.6066,positive,positive_candidate,
ftd86cs_10,comment,NationalServiceSG,Fitness is important if you wish to excel and pass everything like a breeze. My take is to start training hard now. Training hard also means training smart and understand your body.,False,32,0.0282,0.2902,0.6816,positive,positive_candidate,
hp547ub_0,comment,NationalServiceSG,Not yet i have my first appt early nxt yr. Im an ASA in the same building and so far the stories i hear and the interactions i've had is that they are nice ppl,False,36,0.0101,0.0488,0.9411,positive,positive_candidate,
jar9ety_0,comment,NationalServiceSG,"Technically, NSmen benefits from tax relief. Though the extent is i believe very marginal.",False,14,0.0679,0.9108,0.0213,neutral,random_balance,
e12uz66_0,comment,singapore,Relax lah PSE E do not need take IPPT one . Just go there and study army staff .,True,17,0.0599,0.062,0.8781,positive,positive_candidate,
eu292ox_0,comment,singapore,Well for one the state-sanctioned commodification of conscription tropes and military jargon (ie. the entire ABTM franchise) surely didn't help preserve the military's status on some sort of pedestal.,False,32,0.8856,0.0923,0.0221,negative,random_balance,
f7xqv65_1,comment,NationalServiceSG,Don’t worry you’ll get better in time. Combat fitness and normal fitness is not the same.,False,18,0.0798,0.2924,0.6279,positive,positive_candidate,
fmsa7nq_2,comment,NationalServiceSG,This will allow you to brush up on the areas which you might have left out due to carelessness. Hopefully this helps!,False,22,0.011,0.338,0.6509,positive,positive_candidate,
zoup35_4,submission,NationalServiceSG,"Is there anyone who was in the same situation as me to can advise me on how I should continue-? Anyone with any tips or wise knowledge to impart to me would be nice too HAHA

&amp;#x200B;

You can PM me if you want!",False,45,0.0136,0.0715,0.9149,positive,positive_candidate,
kfte59s_2,comment,NationalServiceSG,"In unit, once the soldier has more freedom (including commanders) they start to become pickier. Going to canteen. Going for canteen breaks, waiting for RO then go out for supper or order grab.",False,33,0.1109,0.2651,0.624,positive,positive_candidate,
12waiu3_0,submission,NationalServiceSG,signing on to scdf as rota commander,False,7,0.1495,0.2355,0.615,positive,positive_candidate,
i0ia2kt_0,comment,NationalServiceSG,"Enjoy your time at NMI (the free wifi, the sleep, ice cream wednesday etc.). Once you're posted onboard ship, you'll never able to enjoy such freedom. The tests are fairly easy and it is almost impossible to fail (no cap).",False,42,0.0706,0.0726,0.8568,positive,positive_candidate,
gk7za84_0,comment,NationalServiceSG,"Just my two cents worth. Facilities wise,OCS is good.they will drill into you that you are there to be grilled and trained as a commander
The training will really built up your real physical fitness and combat fitness.",False,40,0.0077,0.0863,0.906,positive,positive_candidate,
jw5jlyw_0,comment,NationalServiceSG,Shiok life. I had a friend in mbtc2 which used to be in JC2 located in the same building as my unit.,True,22,0.015,0.025,0.96,positive,positive_candidate,
lk0blzm_1,comment,NationalServiceSG,"I literally know the son of a billionaire in Singapore who served in SCDF. From a good school, no foreign links, father has a good reputation. It is random…",False,29,0.0264,0.1614,0.8122,positive,positive_candidate,
i0ly7m_1,submission,NationalServiceSG,I was wondering how much of my ns can I disrupt for university studies as so far the information available online is inconsistent with some saying 2 months while some 3. Can anyone share how much I can actually disrupt?,False,40,0.022,0.9719,0.0061,neutral,random_balance,
ghdjgm7_0,comment,NationalServiceSG,Thanks bro :) is just a humble story of mine :) I believe everybody struggles too :) wishing you all the best :),False,19,0.013,0.0122,0.9748,positive,positive_candidate,
jstknbc_0,comment,NationalServiceSG,What do you mean by worth doing? Do you have a choice lol?,False,13,0.0889,0.1843,0.7268,positive,positive_candidate,
k2exoow_0,comment,NationalServiceSG,">As kranji has no space due to the influx of pes c/e stay out will only get a chair

Oh isit? I was there in July I still got a bunk leh",True,33,0.0677,0.7962,0.1361,neutral,random_balance,
hqrfysi_11,comment,NationalServiceSG,"&amp;#x200B;

Don't worry. B3/B4 legit lepak.",True,9,0.0128,0.0226,0.9646,positive,positive_candidate,
i8ocvhc_0,comment,NationalServiceSG,"I see that some things never change, the packed af schedule still remains a hallmark of the 2SIR BMT experience. Source: Was from the previous mono",False,26,0.7816,0.1543,0.0641,negative,random_balance,
j90141q_0,comment,NationalServiceSG,"Do you have an additional insole? If not, can try using it to see if it helps.",False,17,0.0149,0.9681,0.017,neutral,random_balance,
n7epzh4_0,comment,NationalServiceSG,"Got this American dude, mind u he’s a few heads taller than me. Ran up to me from the back, tapped me and called me sir.",False,27,0.037,0.1382,0.8247,positive,positive_candidate,
i6427la_6,comment,NationalServiceSG,"sad to say but many companies still look at your NS transcript &amp; testimonials. if you're a trooper, most can only dream about it.",False,25,0.5718,0.354,0.0743,negative,random_balance,
1dfkd3z_0,submission,NationalServiceSG,"Do I have to do reservist as a PR if I live in another country and have citizenship there. Hi currently a singaporean PR and going to serve NS soon. After finishing NS If I obtain citizenship in another country and live there, as a singaporean PR do I have to come back to do reservist? And also  is it possible to still visit the country without doing reservist",False,69,0.015,0.9782,0.0069,neutral,random_balance,
ibfy9f2_0,comment,NationalServiceSG,R u enlisting on 15 Aug too haha,False,8,0.0133,0.0361,0.9506,positive,positive_candidate,
irv4dqq_0,comment,NationalServiceSG,i wholeheartedly declare support for this,False,6,0.1869,0.0822,0.7309,positive,positive_candidate,
iqyw3s9_0,comment,NationalServiceSG,Not a big spender so I save about 70-80%,False,10,0.0409,0.3742,0.585,positive,positive_candidate,
iloaiuq_0,comment,NationalServiceSG,"""2 years beri fast one""

- your parents and uncle auntie, probably.",False,11,0.0883,0.3318,0.58,positive,positive_candidate,
fayodwl_0,comment,NationalServiceSG,"You could check out [SteamedChickenRice's post](https://www.reddit.com/r/singapore/comments/acp8bz/steamedchickenrice_guide_on_bmt/) on BMT, helped me out a ton for my enlistment",False,26,0.0061,0.0681,0.9258,positive,positive_candidate,
k7kmglc_0,comment,NationalServiceSG,The kind of story you'll write when you're super super bored,False,13,0.0978,0.0632,0.839,positive,positive_candidate,
jzmpgom_0,comment,NationalServiceSG,"Welcome to beautiful Sembawang Camp! after 8 months, you will become a CQ (read: storeman sergeant)

You will be spending 9 weeks at Sembawang Camp for the first phase of your training. Basic R&D is expected (since you're in command school) but overall will be more chill than BMT.",False,51,0.0077,0.1145,0.8779,positive,positive_candidate,
1davbh3_0,submission,NationalServiceSG,Has anyone seen a NSF officer pump an encik before?. hella curious to see if an NSF 2 bar got try pump WOs before or not... would be hella funny,False,30,0.1526,0.2875,0.5599,positive,random_balance,
h90c4i8_0,comment,NationalServiceSG,"I mentioned this before a post on a post I made and I would like to preface this by saying that I view NS as necessary for our country and I came into NS with a positive mindset, to do my best and have a unique experience, and not with the ""waste of time"" or ""serve than fuck off"" type of attitude. But I would like NS to be shorter, say around 1-1.5 years would be nice.",False,79,0.0815,0.112,0.8065,positive,positive_candidate,
itgre6e_0,comment,askSingapore,Wah tbh the army shirts are really the best fitting shirts. But then I don’t want to keep walking around looking like my bf just enlisted in bmt,True,29,0.177,0.0532,0.7698,positive,positive_candidate,
h43uzf3_0,comment,singapore,I hope I can serve my extra at home also. I would even sign extra extra.,False,16,0.1807,0.0971,0.7221,positive,positive_candidate,
ghe4l81_0,comment,NationalServiceSG,Thank you for your service :) wish you all the best :),False,10,0.009,0.0129,0.9781,positive,positive_candidate,
ftdqkpy_1,comment,singapore,"Then, grant it to them. By doing this then every suicide victim will have the help they need, and at least all options were exhausted before they were allowed to die in dignity. And if our mental health professionals are confident suicidal patients can be cured, then, technically, this should prevent suicide and reduce suicide in Singapore. [https://www.bbc.com/news/world-europe-48541233](https://www.bbc.com/news/world-europe-48541233)",False,73,0.282,0.6212,0.0968,neutral,random_balance,
dh43j1t_0,comment,singapore,Interns at Facebook in CA are just paid as though they were full-time employees. CA also has high taxation and high rents. Even the original article doesn't take cost of living into account.,False,35,0.8514,0.131,0.0176,negative,random_balance,
h84y6mi_0,comment,singapore,Welcome! We love foreigners and will serve National Service for YOU!,False,11,0.0944,0.0754,0.8302,positive,positive_candidate,
xgbkyd_0,submission,NationalServiceSG,"I'm done being nice to people who don't appreciate it.. These people tend to have huge egos, are completely self serving and hypocritical. They might even think you're racist for not helping them when they also treat you like shit but in reality you're just judging them for their character and not their race.",False,58,0.9513,0.0262,0.0226,negative,random_balance,
g0inwf2_0,comment,NationalServiceSG,"head to ur 10pack accessories pack bro, there is a pack of bootlaces inside, dn to rebuy boots HAHA",False,19,0.0099,0.0248,0.9654,positive,positive_candidate,
ne5445x_1,comment,singapore,"This is ""cyber impersonation"", most likely aided with spoofing of the phone number, AI driven deepfake picture or stolen picture AKA identity theft. Still as cyber as it is. With motive to inflict damage to SAF reputation.",False,37,0.4185,0.5515,0.03,neutral,random_balance,
jwja1kk_0,comment,NationalServiceSG,Better than infantry ah bro,False,5,0.022,0.0551,0.9229,positive,positive_candidate,
mslhn67_0,comment,NationalServiceSG,"As long you have done your part, there's nothing to worry.",False,12,0.0523,0.2318,0.7159,positive,positive_candidate,
inal1m4_1,comment,NationalServiceSG,Jokes on me to decline a Pes F but im generally a person who's ups. Just my body itself failing to work like it's intended to.,False,28,0.8668,0.0797,0.0536,negative,random_balance,
ryqh68_5,submission,NationalServiceSG,It be great to see replies. Thanks!,False,7,0.023,0.3333,0.6437,positive,positive_candidate,
hhvy33w_0,comment,NationalServiceSG,I just made and posted the RSAF beret! You can check out my new post :),False,15,0.004,0.0486,0.9474,positive,positive_candidate,
n3yzvlq_0,comment,NationalServiceSG,Sleep at own home’s bed in your own personal space and privacy is always better than sleeping in camp bunk with other people,False,24,0.0181,0.1205,0.8613,positive,positive_candidate,
efwpdoc_0,comment,singapore,"&gt; ""I even enjoyed the residential training and things like booking out (leaving for home after staying at camp for a period of time) and getting dirty."" &gt; Maj Oh, the assistant director of the force's EMS Readiness department, was the first paramedic to be ""cross-trained"" as a firefighter in 2005. &gt; She currently oversees the force's EMS tiered-response framework, which was implemented in 2017, and deploys resources according to the severity of a medical incident.",False,80,0.0085,0.1369,0.8545,positive,positive_candidate,
h1xqbgk_0,comment,NationalServiceSG,After training period over then more free time,False,8,0.0681,0.3455,0.5864,positive,positive_candidate,
kywlbrd_0,comment,NationalServiceSG,thanks pigeonjizz! all the best in scs :),False,7,0.0086,0.0169,0.9745,positive,positive_candidate,
gx3oa7b_1,comment,NationalServiceSG,"When you book out, do the things you like, talk to your close friends. Find an outlet where you can relax/ relief yourself of the stress.",False,26,0.0632,0.1596,0.7772,positive,positive_candidate,
n9q5v0u_1,comment,singapore,"So I was standing all alone half falling asleep when suddenly a very chilling wind past me followed by a whisper...

你不想活了吗？(You don't want to live anymore?) Knn I woke the fuck up and ran to the restroom to find my buddy. Didn't say a word to him cos needed to borrow his 'flame'",False,57,0.2726,0.0888,0.6386,positive,positive_candidate,
iyv6jsf_0,comment,NationalServiceSG,Lol js smirk at them and dont say anything else. Theyll be confused asf.,False,14,0.2816,0.0842,0.6342,positive,positive_candidate,
jp1zpbg_0,comment,NationalServiceSG,Brother I see your chain responses and I think you have some issues to validate your pes f already. Good luck in DB and update us on your ex-con life okay?,False,32,0.6851,0.1467,0.1682,negative,random_balance,
lyk7w6k_0,comment,NationalServiceSG,Came from a WO company in BMT. I can agree with this 💯. Very efficient = more resting time for them and the recruits.,False,22,0.017,0.0264,0.9566,positive,positive_candidate,
ixladpb_0,comment,NationalServiceSG,Lan lan suck thumb i guess.,False,6,0.8343,0.0939,0.0718,negative,random_balance,
hxokvsy_7,comment,NationalServiceSG,"Ah guys tomorrow morning ownself do 5BX, after that go breakfast. I think I only coming in at 10am... we meet 1030am at the LT thanks.",False,26,0.0291,0.4286,0.5423,positive,random_balance,
ijynnrk_0,comment,NationalServiceSG,"I am PES E9 (mild Asperger's). I would have been exempted from NS from the start because they gave me a choice but my father was sitting beside me at the time so I couldn't really refuse. That being said, I still think BMT was a blast overall as I met a lot of new friends there and most of the time we just slept in bunk (this was during the early days of covid)

As for converting experience to private industry I would say that if you literally have zero knowledge of how office life is this is true, but if you have worked or interned in an office before it won't really add much as NS office life is dealing with more sensitive things than in the private sector.",False,134,0.0132,0.0384,0.9484,positive,positive_candidate,
mpfgzo0_0,comment,singapore,"Will never forget the time GCT in ORD mood surprised everyone by telling the whole story in detail at National Day Rally, then said ""I must be suffering from amnesia. I just cannot remember this incident!"" 😂",False,36,0.02,0.0216,0.9583,positive,positive_candidate,
k22wctu_0,comment,NationalServiceSG,Yeah this one quite standard. I called it the shake. They grab the top of the cupboard and shake it all out.,False,22,0.0252,0.1842,0.7906,positive,positive_candidate,
ecgal7d_0,comment,singapore,I live for Tekong cats...,False,5,0.1114,0.0854,0.8032,positive,positive_candidate,
nxf0k8_1,submission,NationalServiceSG,I understand alot of members wondering what really happen as I receive request to pm or ppl pm me. I won't be replying to all this request from now.,False,30,0.7262,0.2439,0.0299,negative,random_balance,
169qdxn_0,submission,NationalServiceSG,wondering if pes e9 100% clerk?,False,6,0.006,0.9848,0.0092,neutral,random_balance,
ghxm26u_0,comment,NationalServiceSG,"Thank you for explaining about the RO part, I was a recruit and now a men I didn’t understand what the specs went through. Thank you for giving us a glimpse of it. If only I have you as my PC that would be great",False,46,0.0162,0.038,0.9458,positive,positive_candidate,
m3olh3v_0,comment,NationalServiceSG,"Best to check with your commanders rather than asking on reddit. For my case, my PCC appointment was in the afternoon but my commanders allowed me to go to PCC straight from my house without booking in in the morning. Otherwise, I would have to book in in the morning and book out in the afternoon and head towards PCC.",False,60,0.013,0.972,0.015,neutral,random_balance,
cm0door_1,comment,singapore,"That being said, family background can count in a different way. My bmt sergeant said there was a case where a guy got coy best at first (coy best gets to go OCS) but because his grandfather was in jail before, he lost it to someone else. Went to SCS instead.",False,51,0.0313,0.9208,0.0479,neutral,random_balance,
ki8hatu_0,comment,singapore,Lmao even MINDEF don’t call back all eligible Singaporeans at once for reservist. Somehow this can?,False,17,0.1015,0.056,0.8425,positive,positive_candidate,
kvdm7w1_0,comment,NationalServiceSG,"Reservist nobody wants to wear beret, everyone chose to wear jockey cap.",False,12,0.6434,0.2972,0.0594,negative,random_balance,
inq1ds2_0,comment,NationalServiceSG,"No confinement, bookout every Fri, GL on getting to a welfare coy ( echo, hotel, golf sometimes) pray don’t get Mohecian or knights. Atb",False,24,0.1256,0.0761,0.7983,positive,positive_candidate,
m4hqlfo_1,comment,NationalServiceSG,"It is important to seek your commanders approval and let them escalate accordingly. Understand that you might feel behind your peers , but trust when i say , u have to be prepared to be mentally shagged esp if u havent done a work + study hectic schedule before. All the best!",False,49,0.1856,0.1515,0.6629,positive,positive_candidate,
d8kct2b_0,comment,singapore,They did not call me for ICT in 2014 &amp; 15. Quite random really.,False,14,0.1207,0.7781,0.1012,neutral,random_balance,
im4h0th_0,comment,NationalServiceSG,"They need to promote x number to be officer x number to be sgts, scholar batch haha",False,17,0.013,0.0402,0.9468,positive,positive_candidate,
hu4g0vq_0,comment,NationalServiceSG,"differs from unit to unit, if cdr never ask to endorse, then don't need. act blur live longer. afaik, endorsing mc is only usually done by commanders who want to make life difficult for you cause got chance MO have a different judgement compared to your doctor outside (i.e no need so many days mc, can resume training etc = possibly cancel mc, reduce mc or revoke excuses).",False,69,0.405,0.5635,0.0315,neutral,random_balance,
ge8a6x0_0,comment,NationalServiceSG,Upz lah this one solid r/s advice,True,8,0.0227,0.0263,0.951,positive,positive_candidate,
hom4il4_0,comment,NationalServiceSG,"I consume coffee two ways:

1. That Nescafé freeze dried shit straight into my canteen, shaken not stirred and just down the whole thing for a combat caffeine fix

2. Pour over coffee, A buddy of mine introduced me to it.",False,41,0.0258,0.0902,0.884,positive,positive_candidate,
m2sz2n9_0,comment,NationalServiceSG,Aiya why delete I just wanted to read a bedtime story🤡,False,11,0.044,0.0439,0.9121,positive,positive_candidate,
itfbfdd_2,comment,NationalServiceSG,"💪

Whether things were a waste of time or not, it all depends on your own mindset, controlled by yourself. Anyway, there's no escaping this NS liability from the moment you were born in Singapore, why not make the best out of it, whether it's a good looking body, a stronger mind, leadership skills, operating a firearm, drive a vehicle.. I sincerely hope u find your way! 👍",False,68,0.031,0.0221,0.9469,positive,positive_candidate,
ho8pzp5_6,comment,NationalServiceSG,"If the thought of army affects you, try to do away with it for a while. Start thinking positively whenever you meet new obstacles, take it as an opportunity to buff up.",False,32,0.0385,0.1012,0.8603,positive,positive_candidate,
imx0eci_1,comment,NationalServiceSG,"But fret not!! It gets better, with some good friends and finding a rhythm with the routine. Book in blues are real (even ur commanders feel it &amp; ofc ur platoon mates) just make sure to ask about things when ure unsure, be it ur buddy or commanders",False,48,0.0143,0.0207,0.965,positive,positive_candidate,
jnhwjzu_0,comment,NationalServiceSG,"sometimes is liddat, one of my best buddies in bmt ippt 93 posted to be transport operator. Dw too much, u get to learn how to drive + possibly convert licence if you hit mileage requirements in unit",True,37,0.0492,0.1023,0.8484,positive,positive_candidate,
g57tp4m_0,comment,NationalServiceSG,"I had 18 day confinement too, it’ll feel horrible the first few days but it gets better. Just push on :-)",False,21,0.0278,0.0185,0.9537,positive,positive_candidate,
eikivnn_2,comment,singapore,"By joining now, you may have things to catch up on compared to your fellow platoon mates that have done their BMT with Guards right from the start. Learn from them and ask for help if you are lost.",False,39,0.0137,0.3042,0.682,positive,positive_candidate,
nr19p49_0,comment,NationalServiceSG,"I got a wellness check once, where the encik was like ""Just nice eating nearby, might as well visit you lor"" when I was on mc for 2 DAYS ONLY HOR.",True,31,0.0096,0.0409,0.9496,positive,positive_candidate,
gegf7ty_2,comment,NationalServiceSG,"2.) It really varies from year to year, for my batch it started with 100+ , ended up with 50+

3.)",False,20,0.0179,0.8438,0.1383,neutral,random_balance,
k19fbi1_1,comment,NationalServiceSG,"I had former servicemen who entered workforce, worked for a few years and decided to sign MDEC and joined us for training. While they were not close to their prime fitness, they definitely held their own. After CLM/Service Term they went their own ways and are succeeding in their own right honestly.",False,53,0.0101,0.0472,0.9427,positive,positive_candidate,
i8ow8by_1,comment,NationalServiceSG,"But of course there are good times. And im lucky to have a few superb troopers that i can trust, they have this sort of alpha vibe that everyone just listens to but unfortunately cmpb fcked up and didnt put them through command sch... I was posted in as a unit commander, that meant I didn't know all of them who already knew each other from mono bmt.",False,69,0.0846,0.0279,0.8875,positive,positive_candidate,
ji50asg_0,comment,NationalServiceSG,i’ve checked my singpass and there isn’t any updates so i’ll call cmpb. Thank you for advising!,False,20,0.0232,0.577,0.3999,neutral,random_balance,
k1ofzjh_0,comment,NationalServiceSG,Actually this is phrased much better than mine.,False,8,0.1557,0.1184,0.7258,positive,positive_candidate,
e7m4pu9_0,comment,singapore,"It's basically a ""direct entry"" into a vocation. So that means you will know your vocation the day you start BMT.",False,22,0.0078,0.9682,0.0241,neutral,random_balance,
l8b0caw_0,comment,NationalServiceSG,"As long as you share the same sweat and tears of the constant 2-pt-a-day shenanigans for 5 months, you'll bond well. You will never know friendships will born after a good 3 sets of metabolics circuit followed by a 4km run/jog",False,46,0.0664,0.0788,0.8547,positive,positive_candidate,
eq57ucb_0,comment,singapore,"This year’s Shanghai-la dialogue actually saw pushback against the US, rather than the usual browbeating of China’s activities in the SCS. Fascinating to see how Mahathir goes from warning against a “new kind of colonialism” in front of Li Keqiang’s face to embracing Huawei through and through.",False,51,0.0547,0.0678,0.8775,positive,positive_candidate,
gwd0hr0_2,comment,NationalServiceSG,"Again, depends on your coy. My coy allowed dry biscuits and packet drinks like milk and soy milk but no coffee and other stuff.",False,24,0.0146,0.9646,0.0208,neutral,random_balance,
gco7i7y_2,comment,NationalServiceSG,Did i stole someone's snack during field camp? Did i cheat the quiz that they told us to do?,False,20,0.5294,0.4453,0.0253,negative,random_balance,
dp0qk6_0,submission,singapore,"NSMan of Singapore, what are the more interesting things you have seen happen during your ICT?. I'll start.",False,19,0.0218,0.8893,0.0888,neutral,random_balance,
i8w8608_0,comment,NationalServiceSG,"Immigration officers will only ask for your passport... unless you use the automated clearance.. in which case,  you still need to present your passport",False,24,0.017,0.9659,0.0171,neutral,random_balance,
gzps7nq_2,comment,NationalServiceSG,I’m kinda hoping i won’t become a storeman. Does anyone know what will happen to me now? Thanks,False,20,0.4498,0.5314,0.0188,neutral,random_balance,
lcbk0bz_0,comment,NationalServiceSG,The question is u feel inferior to him? Why so much interest har,False,13,0.845,0.122,0.033,negative,random_balance,
ju8d83q_2,comment,NationalServiceSG,"Serving an appointment outside of your parent formation is quite common, particularly for commandos at higher appointments because that formation is too small and has few Colonel-and-above appointments within. Doing this does not change your vocation, which is evident on CGO and comd 7SIB. As for beret, generally if the unit doesn't any special rule to wear the unit/formation's beret colour (e.g. Armour), then you are free to wear the colour that comes with your collar badge.",False,83,0.0136,0.9681,0.0183,neutral,random_balance,
kgghqaj_3,comment,NationalServiceSG,"Just communicate, don’t assume like i did. Online part i got nothing to say tbh
Jia yous",False,18,0.1774,0.0375,0.7851,positive,positive_candidate,
frj96iy_0,comment,NationalServiceSG,If I suey go infantry can downpes right😂,False,8,0.0968,0.0392,0.864,positive,positive_candidate,
kqia49s_0,comment,NationalServiceSG,"ohhh, ok! but what do you mean by physicaly tougher than bmt? r u saying that if i skive, foundation term will be tougher than bmt?",False,26,0.0339,0.9515,0.0146,neutral,random_balance,
i8supmh_0,comment,NationalServiceSG,"I know some of the ASA in my camp picking up new languages, one managed to speak Japanese fluently, another picked up Korean. One ASA also became an expert in excel and most it stuff, he became the unit's it support (they legit give all the COS his number for coy line lol).",False,54,0.0074,0.0407,0.9518,positive,positive_candidate,
nevy5o9_0,comment,NationalServiceSG,Edited my post. aiyo no need to pm lah unless you really want some1 to talk too.,True,17,0.1545,0.1936,0.6519,positive,positive_candidate,
i2ujbvy_2,comment,NationalServiceSG,"If your letter states Tekong, is confirm SAF BMT. Not SPF/SCDF BMT",False,13,0.0103,0.9762,0.0135,neutral,random_balance,
csapva7_0,comment,singapore,"&gt; I was using your example that the guy who ord-ed earlier enrolled into uni and is starting school, hence the person who started NS 4 months later getting disruption. well precision is important here so i should clarify: if Dr Wang (the guy in this article) can't get a disruption to get into the UK uni in Oct, neither will his cohort-mates enlisted a few months after him. Both groups have to wait for Oct of the next year.",False,83,0.0806,0.9109,0.0085,neutral,random_balance,
kjs4hsq_0,comment,NationalServiceSG,u no need so angst ma. parents curious then ask me not like i know also. they js want to know if need settle dinner before he book in or is it provided,False,33,0.8172,0.1157,0.0672,negative,random_balance,
mp4waa4_0,comment,NationalServiceSG,isit possible to go other unit or battalion for reservist?,False,10,0.0118,0.9829,0.0053,neutral,random_balance,
ihf74qh_0,comment,askSingapore,"Haha yeah, I remember that too, good way to pass guard duty time while flipping through the mag. Too bad FHM stopped publishing locally here in 2015 now.",False,28,0.007,0.0173,0.9757,positive,positive_candidate,
jzh7el0_0,comment,NationalServiceSG,HAHHAA part time degree? stay delulu babes,False,7,0.0083,0.0148,0.9769,positive,positive_candidate,
hax7bp5_0,comment,singapore,"Brother. Just pray u get in airforce after bmt, 80% of my time is just lepak play phone.",True,18,0.1159,0.0454,0.8387,positive,positive_candidate,
id9m1yl_0,comment,NationalServiceSG,Not necessarily. I was storeman at 36 SCE (EOD). Had to stay-in for 2 years.,False,16,0.044,0.8918,0.0641,neutral,random_balance,
hsg32nz_0,comment,NationalServiceSG,hope your future flights won’t need to make an emergency landing in SG…,False,14,0.1528,0.1313,0.7159,positive,positive_candidate,
jodopbt_0,comment,NationalServiceSG,"Heard its 3GDS.. I’m 11 Aug too, see you in there bro!",False,13,0.0136,0.0452,0.9412,positive,positive_candidate,
mgfubi6_0,comment,NationalServiceSG,5 months is even tougher ![ gif](emote|free_emotes_pack|dizzy_face),False,9,0.2193,0.0696,0.7111,positive,positive_candidate,
jlaix8c_4,comment,NationalServiceSG,"Can say I didn’t regret my choice at that time. If you need anything, can just DM me.",False,19,0.1103,0.0918,0.7979,positive,positive_candidate,
md2tkjp_0,comment,NationalServiceSG,There are some guys that make you feel a type of way even if you ain't gay.,False,18,0.1765,0.1165,0.707,positive,positive_candidate,
i4j8dc0_0,comment,NationalServiceSG,have you tried carrying gmpg hahaha,False,6,0.0093,0.0219,0.9688,positive,positive_candidate,
kj5mdbs_0,comment,NationalServiceSG,"that's not the point here, point is they are nice people to me",False,14,0.0398,0.066,0.8942,positive,positive_candidate,
ntgs9y_1,submission,askSingapore,I have deferred for NS until Apr 2022 (End of ITE Higher Nitec). I received a letter to submit my pre-enlistment document and to book a date for medical screening.,False,31,0.0148,0.9614,0.0238,neutral,random_balance,
kjcwpi0_0,comment,NationalServiceSG,Hahaha true anyways any camp is better then Tekong,False,9,0.01,0.0185,0.9715,positive,positive_candidate,
mqhwc3u_0,comment,askSingapore,"Got to BMTC FB or his FB. It goes back years. If he really wayang, props for doing it for years.",True,21,0.0798,0.0808,0.8395,positive,positive_candidate,
iq30d93_0,comment,NationalServiceSG,"Congrats man. Idk why you're worried 
They say the grass is greener on the other side. Is cause your grass is so bright it transcends into Jesus I swear",False,30,0.0943,0.0418,0.8638,positive,positive_candidate,
1h2iazr_2,submission,NationalServiceSG,Maybe you can also put AF-Logistics or AF Transport (although they are the same in AF) and AF-ASA too. Oh oh oh!,False,24,0.0219,0.3805,0.5976,positive,positive_candidate,
j1ofrxt_0,comment,singapore,"[https://www.nas.gov.sg/archivesonline/data/pdfdoc/MINDEF\_20161207001/MINDEF\_20161207003.pdf](https://www.nas.gov.sg/archivesonline/data/pdfdoc/MINDEF_20161207001/MINDEF_20161207003.pdf)

Here's the press release, basically i don't know why it was implemented and many others don't as well. I believe the correct answer would be ""Yes sir."" EDIT: Personally i think part of it is for hiring, rather than show a salary range of the standard rank from 3000-6000 dollars, it can be shown as ME with a smaller range.",False,88,0.1567,0.8263,0.0171,neutral,random_balance,
hxjczhv_0,comment,NationalServiceSG,$200 for silver and $300 for GOLD as NSF. Made a video about all the various NS pay according to your rank and incentives as an NSF.,False,27,0.0349,0.7847,0.1803,neutral,random_balance,
vnc8vz_0,submission,NationalServiceSG,"Can I disrupt for Uni as a JC Grad?. I’m a J2, asking this as a point of interest.",False,20,0.0078,0.9823,0.0098,neutral,random_balance,
fzplp00_4,comment,NationalServiceSG,No stupid questions. And at the same time you know what’s going on also.,False,15,0.0365,0.3829,0.5806,positive,positive_candidate,
huopp9f_0,comment,NationalServiceSG,I passed with exactly 61 points and got into scs,False,10,0.0152,0.1924,0.7924,positive,positive_candidate,
nkrgd23_1,comment,NationalServiceSG,"If you’re thinking about seeing the medical officer about these issues, I think these are very good reasons to do so. Especially if they are chronic and affect your ability to carry out what is expected of you. May you have the courage to find and receive the help that you need.",False,53,0.0567,0.1998,0.7434,positive,positive_candidate,
mb1fve8_0,comment,NationalServiceSG,Woah! Alright thanks man!,False,4,0.0073,0.0163,0.9763,positive,positive_candidate,
my0ower_2,comment,NationalServiceSG,"She obviously thought I was being dramatic (fair). And a couple hrs later, boom.",False,14,0.0449,0.0361,0.919,positive,positive_candidate,
i7nozsr_0,comment,NationalServiceSG,I'd love to stick around this thread and prove your statement wrong over time. What would I even replace him with when he's already the best HAHA. You cant find someone new if your eyes are only fixed on one person~,False,43,0.1064,0.0475,0.8461,positive,positive_candidate,
nriv9bg_0,comment,NationalServiceSG,"Thanks, old uncle got 1110 last week for ippt about to MR due to age. You made me feel shiok",True,20,0.0174,0.0211,0.9614,positive,positive_candidate,
d143auj_0,comment,singapore,"Had to wake at 3am today for turnout. At least this time I'm the one holding the loudhailer, and I get to sleep after the turnout. Hooray for abusive sergeant (+2)",False,32,0.0478,0.0264,0.9259,positive,positive_candidate,
jricw4k_0,comment,NationalServiceSG,"OP, as someone who’s been on all three sides of the equation (introverted, introverted but comfy with the group, and extroverted), sometimes it genuinely is about showing multiple faces, if you feel that social inclusion is all important to you. My advice, should you choose to take it, is to let go of your wish to remain “mature” all the time and live in the situation in general.",False,69,0.1821,0.1666,0.6513,positive,positive_candidate,
jwm33dx_0,comment,NationalServiceSG,Lol...somebody is feeling way too important. Seriously dude...faggot.,False,10,0.8336,0.0389,0.1274,negative,random_balance,
jreety4_1,comment,NationalServiceSG,mc/light duty. edit: u are welcome bro. bp boleh,False,10,0.0297,0.0291,0.9412,positive,positive_candidate,
dtsksqc_0,comment,singapore,"Oh, my bad. Thought you were going to ORD this year. You're completely right about not signing up for UCAS then, good luck with your application and hope you find a workaround!",False,33,0.021,0.0499,0.9291,positive,positive_candidate,
cxa420v_0,comment,singapore,It was fun seeing even weirder people compared to BMT. Lots of self discipline and motivation involved in order to complete your tasks.,False,23,0.0124,0.025,0.9626,positive,positive_candidate,
jc9gn0l_0,comment,singapore,Ti gong mai lor hor. Got ippt later :|,True,8,0.1063,0.0415,0.8522,positive,positive_candidate,
d71eqav_1,comment,singapore,The cookhouse people gave us extra-huge portions and regularly fried up entire trays of nuggets for us to take even when they weren't on the menu. It was pretty awesome really.,False,33,0.0058,0.0152,0.979,positive,positive_candidate,
mapi7wh_0,comment,NationalServiceSG,idk leh they never ask me go ffi then suddenly say got equipment check 1 week before the recourse,True,19,0.3277,0.6087,0.0636,neutral,random_balance,
jeqqgwn_0,comment,NationalServiceSG,"Yeap haha, bronco warrior here haha",False,6,0.0062,0.0181,0.9757,positive,positive_candidate,
ldfry0h_0,comment,NationalServiceSG,Iirc there aren’t any MP commissioned officers by vocation? Only people holding NCO ranks?,False,15,0.0182,0.9711,0.0107,neutral,random_balance,
dixw6p6_0,comment,singapore,"Hong kan la 2sir mono intake ahahbahababBHAHAAA

edit:

We wish you all the best in your future posting. Your Posting Order is listed below:
  	  	 
1.",False,25,0.0406,0.0376,0.9218,positive,positive_candidate,
m2npdot_0,comment,NationalServiceSG,"Definitely possible, NS does not stop you from applying for any schools (regardless of methods)  unless your school starts during your NS period. If that is the case, you will need to consider NS disruption, or school deferment (if possible).",False,40,0.0111,0.9809,0.008,neutral,random_balance,
ljnc9n1_0,comment,NationalServiceSG,Bro can PM me if you wanna know more!,False,9,0.0141,0.4663,0.5196,positive,random_balance,
jup9670_0,comment,NationalServiceSG,"is it provided by HTA? during my POP a few of us left ironing boards and stuff we don’t wanna bring home under our bed on our last day, for the next batch to use",False,36,0.0138,0.9731,0.0131,neutral,random_balance,
ng3wv2o_1,comment,NationalServiceSG,"once ur in hq ur life is o much js office work and some hq posting may even let you stay out. even if ur in a coyline spec in bmt or scs, as a sgt u get a lot of privileges and freedom that u wldnt get if you ooc-ed now.",False,53,0.0799,0.0867,0.8333,positive,positive_candidate,
ius036z_0,comment,NationalServiceSG,"Brother Jack is bigger than all the sgts put together that one not blanket party that one gonna be a fella in a blanket whacking ppl xD 

(Not suggesting aaaaaanything , but if the section blanket Party him can get charge ?)",False,40,0.1746,0.0866,0.7388,positive,positive_candidate,
flcrimd_0,comment,singapore,"Play-e, gamemartz, qisahn all very reputable. Won't cheat u. However note qisahn recently on a down curve, lotsa complaints about their service and handling of prices and pre-orders. Your mileage may vary.",False,35,0.2302,0.7076,0.0621,neutral,random_balance,
i362g2e_1,comment,NationalServiceSG,And they will take all the credit to themselves. My unit have this tradition where every ording nsf is encourage to write a farewell email and cc all.,False,28,0.0512,0.1835,0.7652,positive,positive_candidate,
l9mu2aa_1,comment,NationalServiceSG,"The reality (at least in my unit) is that most ppl have enough pride to do their work, and who would never let anyone else “pick up their slack.” It may seem like a lot of responsibility is put on the shoulders of some NSFs, but I think that most take it well.",True,53,0.0872,0.1008,0.812,positive,positive_candidate,
gy02lyn_1,comment,NationalServiceSG,"if you’re okay to be treated like a recruit for another 6/7/9 months for additional responsibilities and pay for the next year, go command. doing more would be say, being tasked to do more duties than men due to having lesser sergeants/officers to rotate duty /admin work. do note that as a commander, men will generally have leverage over you bc if something goes wrong, you are the one who have to answer to superiors, not them, so don’t have the mindset of you get to boss people around with your authority. if you want to sign on, see fate231’s reply.",False,107,0.3725,0.6044,0.0231,neutral,random_balance,
gu9pu8v_0,comment,singapore,"&gt;mobile

https://sms24.me/

Feel free to pick one

&gt;unit number? Saf unit number? Tekong school 4",False,19,0.0109,0.9491,0.04,neutral,random_balance,
i6rsx3q_0,comment,NationalServiceSG,Woah go NS already still like girl ah,False,8,0.0331,0.0325,0.9344,positive,positive_candidate,
m8qfg0c_2,comment,NationalServiceSG,Also your IPPT easier to get Gold HAHA. There’s definitely prestige to Commando but it’s just another title. Jiayou bro.,False,22,0.0092,0.0192,0.9716,positive,positive_candidate,
hzy1kiz_0,comment,NationalServiceSG,wE dId IT BoIs. dEnGuE iS No mORe.,False,8,0.0951,0.0688,0.8361,positive,positive_candidate,
kgpfyh4_1,comment,NationalServiceSG,U need to understand that found term is very packed and the training schedule is extremely tight. My advice would be to tahan through found term first then see where u get posted to before u decide to ooc. I know that found term is difficult because i also felt that the 8 weeks of found term were super shag with thoughts of ooc but what kept me going was my section so try to stay close and encourage each other.,False,81,0.0705,0.1137,0.8159,positive,positive_candidate,
l3kv5f3_0,comment,NationalServiceSG,come today is a good day to be a soldier HO,False,11,0.0356,0.0472,0.9172,positive,positive_candidate,
izmqc70_2,comment,NationalServiceSG,"AGGRESSIVELY WILL I TACKLE ALL PROBLEMS. I WILL  NOT LET MY COMMANDERS AND MEN DOWN, FOR  THEY RELY ON ME TO DISCHARGE MY DUTIES. DUTY IS MY MAXIM. I WILL ALWAYS BE TRUE TO MY  RESPONSIBILITIES.",False,36,0.1129,0.1867,0.7004,positive,positive_candidate,
mgu5ylj_5,comment,NationalServiceSG,"C grades mean that you're slightly above average, and there's a lot of work that needs to be done. i wouldn't worry about econs too much. if you're gonna get tuition for that, just have the right mindset to improve and it's a minimum C (i grinded my ass off for econs w/o tuition and ended up with a C so whatever man).",False,69,0.0743,0.1299,0.7958,positive,positive_candidate,
1pnolt7_0,submission,NationalServiceSG,"Can a class 3A driving license be obtained while in combat vocation?. I am currently in a combat vocation(yr 1 soldier, approaching yr2 soon), and did already register for public driving school, however i did try booking driving lessons in advance, and they are all on weekdays.",False,48,0.0108,0.9817,0.0076,neutral,random_balance,
i79dody_0,comment,NationalServiceSG,I heard if u got child can stay out,False,9,0.01,0.9622,0.0278,neutral,random_balance,
g4ahles_0,comment,NationalServiceSG,"Yes, every month you have an allowance. [NS ALLOWANCE TABLE](https://www.channelnewsasia.com/image/12491274/0x0/1920/2183/b9abc17eda3cec5eb618a75807cdf9ac/LV/nsfs-and-nsmen-get-increase-in-allowance.png)

Depending on vocation, your pay may differ. For instance, the vocation pay for a transport operator is different from the pay for a combat medic. Meanwhile, your pay also differs from rank.",False,61,0.0189,0.966,0.0151,neutral,random_balance,
1ku61b1_0,submission,askSingapore,"Need some clarity for Uniformed Scholarships. Hi guys I need some clarification 

1.Is it possible to continue to become a scdf paramedic if Im able to get the PCS scholarship or the Singapore merit scholarship, cus I see there's also a paramedic scholarship but that's only if you study overseas in paramedicine and I'm not a big fan of studying overseas 🥲

2.Do I have to still complete bmt/brt before I can do Uni for the PCS/Singapore merit scholarship for NS disruption. 3.Do I have to use sec 4 grades for the PCS scholarship or I can use my poly grades cause the way the website puts it confused me 😭


Sorry if my questions a abit dumb, I just wanna get some clarification 😔

Thanks for the help 🙏


Ps: I'm unable to post this on the NS subreddit 😔
Really appreciate the help 🙏",False,149,0.0621,0.2392,0.6987,positive,positive_candidate,
h9143sp_0,comment,NationalServiceSG,"Eat very light bro, literally smth like toast and jam. A banana is good for energy as well, just nothing ""full"" or gets ur bloated. And dont drink milo as it has sugar which risks you becoming nauseous whilst doing ur ippt.",False,42,0.0493,0.2459,0.7048,positive,positive_candidate,
ewlkmoh_0,comment,singapore,Enjoy the freedom/ little to no commitments you have because you won't get it when you go out to work full time. PS: Thought I will be an ASA because of my PES but it has become to one foot in DB.,False,43,0.0431,0.034,0.9229,positive,positive_candidate,
k4dic3k_1,comment,NationalServiceSG,"Honestly, it's lepak af. Lights out is probs around 10.",True,11,0.0078,0.0106,0.9816,positive,positive_candidate,
mk4e9ze_0,comment,NationalServiceSG,dodgin cops watchin out for opps yea yeaa,False,8,0.0783,0.0567,0.865,positive,positive_candidate,
mbt1z4r_0,comment,NationalServiceSG,"ohh i see, man recon damn xiong also isit",False,9,0.0413,0.0758,0.8829,positive,positive_candidate,
fg8nuk_0,submission,singapore,"I aimed for a scholarship to help relieve the burden and have a decent job after graduation. I was always interested in the defence sector, so I was aiming for DSTA or MINDEF jobs.",False,34,0.0868,0.3407,0.5725,positive,random_balance,
i1wqba5_0,comment,NationalServiceSG,"I had adjustment problems which still persisted to some extent while I was OOTing in Tekong, I was really relieved to be posted out",False,24,0.0348,0.0228,0.9424,positive,positive_candidate,
mfvpgrn_0,comment,NationalServiceSG,Absolute dogshit pay.,False,3,0.8997,0.0506,0.0497,negative,random_balance,
l4z73cx_0,comment,NationalServiceSG,Let's do the ang moh style of saying it. Thank you for your service.,False,15,0.1433,0.2536,0.603,positive,positive_candidate,
jam47lr_4,comment,NationalServiceSG,"While you’re OOC’d, unless your OC likes you you would be thrown to an OOC room where you sit and do nothing from 8am to 5pm. If he likes you you’ll get a temporary vocation as admin for the courses in CDA (FFC, SCC, RCC).",False,48,0.0719,0.9047,0.0235,neutral,random_balance,
ll5rw8v_0,comment,NationalServiceSG,Wrong. It depends on his injury.,False,6,0.1275,0.8538,0.0187,neutral,random_balance,
k0tvmtu_0,comment,NationalServiceSG,expect flowers and roses and bliss,False,6,0.0919,0.0813,0.8268,positive,positive_candidate,
eamnaeg_0,comment,singapore,Tio once. One fellow lost gas regulator in BMT. Hope you guys get over it soon.,False,16,0.0988,0.0914,0.8098,positive,positive_candidate,
nniw52s_0,comment,NationalServiceSG,which mmi are you calling?,False,5,0.0097,0.9765,0.0138,neutral,random_balance,
h8bb9db_0,comment,NationalServiceSG,"Good luck OP, rooting for ya",False,6,0.0131,0.0269,0.96,positive,positive_candidate,
i0qh2g7_2,comment,NationalServiceSG,Trust me . I also missed my family a lot and they definitely do miss you too.,False,16,0.0357,0.0281,0.9362,positive,positive_candidate,
igvqag2_1,comment,NationalServiceSG,"For my unit, we just did a platoon gathering to mark our 1 year MR Anniversary. I am not sure lifelong or nt.",False,23,0.0225,0.8757,0.1018,neutral,random_balance,
m259m7b_1,comment,NationalServiceSG,"what type of bag should i bring for my first day (duffle bag/ camping bag etc...)


5. can i bring an electric shaver to ns?",False,25,0.0059,0.9852,0.0089,neutral,random_balance,
1nr2jap_0,submission,NationalServiceSG,"Welcome to tekong, oct bmt batch. Those who come rocky hill, 4th coy and platoon 4. Good luck carrying your stuff up to level six if you bring a shit ton 👍",False,31,0.0153,0.0354,0.9493,positive,positive_candidate,
fickyie_0,comment,singapore,"I stay at Tampines and I'm having my ICT on 2 March at Sungei Gedong camp, anyone going for ICT also and want to share Grab? Also, If you are driving and don't mind letting me tompang you I'm willing to give a modest sum of kopi money to you :P

Please PM me! Thanks!",False,58,0.0209,0.6605,0.3187,neutral,random_balance,
guy02jg_0,comment,NationalServiceSG,BRUH wish there was that option 😂,False,6,0.0109,0.0137,0.9754,positive,positive_candidate,
lm4u48w_0,comment,NationalServiceSG,Bruh I flinch whenever sgt said Semula while doing footdrills. Too often heard Semula followed by Whole lot knock it down,False,21,0.0566,0.048,0.8953,positive,positive_candidate,
l0q4gnj_0,comment,NationalServiceSG,By the way ME4 has a very wide salary range because he/she can be a senior warrant equivalent who’s been in the force for 20+ years and is now a chief trainer or senior analyst etc. - making the equivalent for a MWO/SWO at 7-9k. While a young graduate new entrant also starts at ME4 but is equivalent to a young lieutenant with anything from high 3k+ to 5-6k (scholar scheme).,False,75,0.0231,0.9343,0.0426,neutral,random_balance,
nwdx0s8_0,comment,singapore,"Despite the unfortunate NS news, it’s nice to know that SG has this ballet prodigy (and a guy one at that!). Cheng ballet academy is a very good ballet studio here, so it’s nice that he probably made his parents’ wishes come true haha",False,46,0.004,0.0157,0.9803,positive,positive_candidate,
cmf4gep_0,comment,singapore,"the latter lel. mini-celeb

she knows a guy who knows my friend though ...

I've enlisted his help but he's in camp most of the time so

yea

-shqip tears-",False,32,0.0336,0.0414,0.925,positive,positive_candidate,
lscs221_0,comment,NationalServiceSG,"If your question is serious:

When you did your CMPB medical check-up, you should have a received a letter formally informing you that you will be pes BP. In that same letter, it should also say that should you lose a significant amount of weight such that it changes your BMT to be below 27 to contact CMPB again for a pes regrading. Pls do it, it's worth the reduction in the NS tenure",False,76,0.1279,0.1348,0.7373,positive,positive_candidate,
h230cq1_2,comment,singapore,"Previously, women in the 80s and prior have cited reproduction, need to take care of the kids, domestic chores etc as a fair trade-off. In the current generation, some have shared the same.. and this has somewhat appeased a fuck ton of men on the WHY.",False,47,0.2343,0.1481,0.6176,positive,positive_candidate,
jrf2gql_0,comment,NationalServiceSG,Learnet charger would be your best friend :),False,7,0.0051,0.061,0.9338,positive,positive_candidate,
ixjutpg_0,comment,NationalServiceSG,Alright noted . Thanks for the info.,False,6,0.0235,0.312,0.6644,positive,positive_candidate,
n0o8poj_0,comment,singapore,"RIP. For those who do not need to serve NS, this incident is continued proof that some NSF and NSmen make the ultimate sacrifice from time to time, paid in blood and sorrow to their loved ones for duty, honour and country. Hormat to a fallen NSman.",False,47,0.201,0.1163,0.6828,positive,positive_candidate,
kqoeq9v_0,comment,NationalServiceSG,"Can. They just serve u SAF100A and then u kena charge with:

1.",True,13,0.2927,0.6608,0.0464,neutral,random_balance,
pai9wu_0,submission,NationalServiceSG,"Night snacks recommendations. Just genuinely curious, what are your favourite night snacks? Mine has to be custard buns by SFI although getting good night snacks is really based on luck.",False,30,0.009,0.6997,0.2913,neutral,random_balance,
ibdemu_1,submission,NationalServiceSG,"It's basically an insta platform where NSFs share their stories in their vocations/units/training schools , tips on NS life ,deals/discounts for NSF or just plain shitposting/rants/opinions about NS. ig: thatchaodumbass

 [https://www.instagram.com/thatchaodumbass/](https://www.instagram.com/thatchaodumbass/) 

Hope yall give it a look and if you're feeling nice, follow and share :D

\-From someone who has too much time after downpesing from a combat unit to a WFH clerk and so close to ording

ps: got permission to advertise by the really kind and friendly mods. Thanks!",False,96,0.0102,0.0237,0.966,positive,positive_candidate,
lats1au_0,comment,askSingapore,"u want to go Command School? else just got obese BMT and be the best PT.....lol

request them to do the FAT test. Technically muscular people are overweight based upon BMI calculation.",False,33,0.1547,0.1286,0.7167,positive,positive_candidate,
geott2j_1,comment,NationalServiceSG,"Good pay, indoors, no outfield. 5pm bookout go boom boom",False,10,0.0393,0.0694,0.8913,positive,positive_candidate,
jrtez5j_0,comment,NationalServiceSG,"M193 ball ammunition used for training has a lead core, with the outside being made out of steel. I'd be more concerned about inhaling the combustion products of the gunpowder rather than lead poisoning if I were you (there are health risks associated with shooting lead free ammunition too, typically from the inhalation of the metal particles produced when the bullet rubs against the barrel). That being said, with the negligible amount of ammunition you shoot in either well ventilated areas or outdoors (operators elsewhere can expend 400-1000rnds per session) you'll be fine.",False,96,0.0266,0.9205,0.0529,neutral,random_balance,
1pbeor0_5,submission,NationalServiceSG,"Let’s Grab a McSpicy, share stories, rant a bit, laugh a lot. Anything that helps you recharge before heading back to Tekong.",False,23,0.0104,0.0486,0.941,positive,positive_candidate,
k3a1mbh_0,comment,NationalServiceSG,Luck most important. You can be like private bob slaughter who survived the Omaha beach landing. Better than the tons of corporals and NCOs who died there,False,27,0.0322,0.0813,0.8865,positive,positive_candidate,
diz490t_0,comment,singapore,"50 days to ORD, WOOOOO",False,5,0.0164,0.0226,0.9611,positive,positive_candidate,
mniblp_41,submission,NationalServiceSG,Find smth that really suits your mentality and keeps you invested for the long haul. ** Always remember the magic of compound interest!**,False,22,0.0119,0.122,0.8661,positive,positive_candidate,
j6bxc50_0,comment,NationalServiceSG,Brave of you to want to improve mentally and financially in NS..,False,12,0.0232,0.04,0.9368,positive,positive_candidate,
ecq1c0f_0,comment,singapore,the only insurance I have is mindef aviva :),False,8,0.0228,0.0494,0.9278,positive,positive_candidate,
f8oe1mj_0,comment,NationalServiceSG,"same as you I guess, 1h 40mins++, boon lay to paya lebar air base but via tampines-
gonna be here till ord so might as well get used to it",False,30,0.0285,0.2534,0.7181,positive,positive_candidate,
jjlwd4t_0,comment,NationalServiceSG,"ISAC card not the problem, OA is. Got all the ISAC cards but no OA also sian",True,17,0.8462,0.1154,0.0384,negative,random_balance,
jfxk5l4_0,comment,NationalServiceSG,I'm PES C9 have depression and anxiety but I dont fling it around and use it as an excuse to be a d. In my unit i still help my friends sirs and enciks everyday even when not obligated to because lets face it life sucks for everyone no matter who you are  but we should help one another and make life btr for everyone,False,66,0.2555,0.0714,0.6731,positive,positive_candidate,
l1t2ozo_0,comment,singapore,"Also interesting thing I noticed when I was a lifeguard (a little bit ironic because I feel they were possibly stronger swimmers than I was lol) in Sembawang camp is all personnel in the CDC course is referred to as diver, no ranks at play. Officers even though now unranked, are usually given the leadership role, possibly because they are regulars, I also think you cannot directly sign on as NDU officer, so they have to come from other branch of Navy and pass initial selection, thus they are more mature than their NSF fellow divers. Also, these ladies excelled because they chose a career out of it, definitely in the correct mindset with very strong characters.",False,117,0.0106,0.059,0.9304,positive,positive_candidate,
fw8ncuh_0,comment,singapore,Was that NS or reservist?,False,5,0.011,0.9775,0.0115,neutral,random_balance,
n15ka9n_0,comment,NationalServiceSG,"If all else fail and If you have witness/evidence, please call NS hotline lah. 1800-367-6767",True,18,0.0626,0.8947,0.0427,neutral,random_balance,
ik24zu8_0,comment,singapore,Also runs faster than encik’s grandmother while doing so.,False,10,0.0318,0.0951,0.8731,positive,positive_candidate,
npf24ls_0,comment,NationalServiceSG,"Dear ExtensionAd9950,

Your [post](/r/NationalServiceSG/comments/1ozyno6/recce_sniper_sign_on_info/) on r/NationalServiceSG was removed by the Read The Rules app because you need to submit an acknowledgement that you have read the rules. **Please:**

* **Take a moment** to refresh yourself with the community rules in case they have changed.",False,49,0.0228,0.9619,0.0154,neutral,random_balance,
ktgacr1_0,comment,NationalServiceSG,"you have done what you can, so why stress over what you cant control? so take a puff and get some chill",False,22,0.2,0.086,0.714,positive,positive_candidate,
jbqyznq_15,comment,NationalServiceSG,Full Lancer package is 2 (or 3) weeks iirc so be prepared to stay in Brunei for arnd that duration. Have fun doing CWO (crossing water obstacles) over the river and maybe even doing CSB (Combat Skills Badge) cus 3GDS did their CSB during their full Lancer package locally (2 weeks of outfield for them iirc) ; might want to look up the requirements for CSB if you’re interested lol.,False,70,0.0074,0.0735,0.9191,positive,positive_candidate,
gpvo0bi_2,comment,NationalServiceSG,"PC asked if we wanted to give him another chance to redeem himself, we did and he woke up.. became one of the well liked ones in the end. Sometimes some people just need a good shake.",False,37,0.027,0.0231,0.95,positive,positive_candidate,
ijk2s4l_2,comment,NationalServiceSG,But I guess it’s normal ah. On avg mine took abt a week plus to reply. So I guess jus be patient ba,False,24,0.0225,0.1436,0.8339,positive,positive_candidate,
i86io90_0,comment,NationalServiceSG,Sounds like 3Guards lol,False,4,0.0136,0.0286,0.9578,positive,positive_candidate,
iw5sv0k_3,comment,NationalServiceSG,Then I saw a black figure at the door… it was a wild boar. By the time all my platoon mates was out at the corridor. We had a good laugh and went back to sleep.,False,36,0.0119,0.0526,0.9355,positive,positive_candidate,
hxyg48f_0,comment,NationalServiceSG,"tbf, these 2 years gonna earn him a powerful ass passport that lets him run around without a visa. the first phase (bmt) can get abit rough, but the juicy part comes after that, cause no one rly know where u get sent to.",False,44,0.0739,0.0622,0.8639,positive,positive_candidate,
hsql4br_0,comment,NationalServiceSG,HAHAHA this just happened to me recently. After morning PT we basically got nothing to do and did area cleaning the rest of the day.,False,25,0.0073,0.0236,0.9691,positive,positive_candidate,
m33wzv8_0,comment,NationalServiceSG,Lol im indian u can scroll thru my reddit to see that im indian,False,14,0.0193,0.0449,0.9357,positive,positive_candidate,
m7iern_1,submission,NationalServiceSG,"I had went for my medical screening last year and attained a PES status of B1. However, recently, I had a gotten a very serious ankle injury, involving a complete tear of the AITFL ligament, partial tear of the PITFL and a strain in the TTFL ligament.",False,47,0.4735,0.4994,0.0271,neutral,random_balance,
ghh6oyo_0,comment,NationalServiceSG,This is totally me. I was in a welfare coy in BMT and posted to infantry after that.,False,18,0.0496,0.0528,0.8976,positive,positive_candidate,
fcndvep_0,comment,NationalServiceSG,"Not by choice but how I got into a slack one from B1 was that i finally reported my leg pain towards the end of BMT, POPed with month long RMJ and went into supply vocation.",True,36,0.0326,0.0944,0.873,positive,positive_candidate,
10ewbv7_0,submission,NationalServiceSG,If you are pending memo can you rebmt?,False,8,0.0118,0.9826,0.0056,neutral,random_balance,
jzsy1h7_0,comment,NationalServiceSG,"As a st, we get fat during ns",False,8,0.788,0.1807,0.0313,negative,random_balance,
m2asevk_0,comment,NationalServiceSG,Silent. Deadly . Swift,False,3,0.0523,0.107,0.8407,positive,positive_candidate,
jgg8lzz_0,comment,NationalServiceSG,"Oh okay thank you, honestly personally I do not fancy cheap casio watches, as I had worn them back in primary school and the strap always breaks in around half a year for me back then. Probably changed to 7 different cheap digital casio watches back just between P1-P4 haha.",False,51,0.011,0.0195,0.9695,positive,positive_candidate,
ly84471_0,comment,NationalServiceSG,Go camp sleep only bro,False,5,0.0937,0.0591,0.8472,positive,positive_candidate,
n76nhch_2,comment,NationalServiceSG,"physically, firefighters' learning curve is heavy too. the number of half right changes & physical endurance i.e. bunker endurance can make you collapse. bunker gear is like six layers of your long 4 on top of each other.",False,38,0.0737,0.2944,0.6319,positive,positive_candidate,
mtz5emm_5,comment,NationalServiceSG,"for us, its to play our daily games like monopoly go, genshin, brawl stars, sometimes mlbb with his bunkmates and friends. if u have any worries or concerns plspls just talk to each other abt it.",False,36,0.0387,0.2961,0.6652,positive,positive_candidate,
dra9x7g_3,comment,singapore,"You will only get your civilian license **after** you ORD. At this point, you will also become an ambulance driver or driver guide.",False,23,0.0094,0.9735,0.0171,neutral,random_balance,
fsxk9am_0,comment,NationalServiceSG,Haha okay I guess it differs from unit to unit.,False,10,0.0117,0.0558,0.9325,positive,positive_candidate,
jfxqr7o_0,comment,singapore,"Same here, after ORD I got even fitter and made great friends, travelled a bunch, and learned even more from school and life. Just saying that my journey of self-improvement started during NS, the situation made me wake the fuck up and treasure my time.",False,46,0.0124,0.0121,0.9754,positive,positive_candidate,
i1xbrqs_0,comment,NationalServiceSG,The appointment is scheduled around a few months from now for me,False,12,0.0354,0.8921,0.0725,neutral,random_balance,
heon648_0,comment,NationalServiceSG,need to worry the bf kena stolen by other boys HAHA,True,11,0.0567,0.0261,0.9173,positive,positive_candidate,
udy9qk_5,submission,askSingapore,"&amp;#x200B;

No. 2 is improving as our new President promised a monthly pay of 2K SGD for enlisted ranks.",False,20,0.086,0.3254,0.5885,positive,positive_candidate,
hgtcw7p_0,comment,NationalServiceSG,"Yes, regardless of whether it is SAF’s fault. So long as you face financial difficulty, you can explore the option. All the best!",False,24,0.0186,0.3475,0.6339,positive,positive_candidate,
med1cr_8,submission,NationalServiceSG,"Shellscrape digging will generally not be 1-to-1**, most likely will be a 2 or 4 man team depending on your OC's instructions
9. ** You don't sleep in shellscrapes** in field camp as an extension of point 8

Field camp is much simpler and easier than I imagined, I had my apprehensions and I was quite nervous before it, but I guarantee it'll be quite chill - the hardest part was sleeping on hard ground lol.",False,79,0.0101,0.0163,0.9735,positive,positive_candidate,
mr8z5g7_0,comment,NationalServiceSG,"Broooo
Nah i dont use powerbanks LOL so if battery die then battery die",False,14,0.0585,0.0402,0.9013,positive,positive_candidate,
ib8sdfi_0,comment,NationalServiceSG,"hey, i am not the PR needing to go to other country to earn a living hurhurhur. I rich enough to survive in the most expensive and number 1 country in south east asia leh.",True,35,0.1003,0.0483,0.8514,positive,positive_candidate,
e9o2dv2_0,comment,singapore,Happy birthday! I spent my 20th doing route march and my 21st doing weekend guard duty!,False,16,0.0052,0.0172,0.9776,positive,positive_candidate,
huktzmt_0,comment,NationalServiceSG,"no worries bro i entered BMT w a just pass for my IPPT. my last IPPT in BMT i was 82, 3pts off gold. if u take ur PT sessions seriously and consistently u will definitely improve",False,37,0.0149,0.0585,0.9266,positive,positive_candidate,
fe6e1cc_0,comment,singapore,"Graduated uni last year and started work immediately in pharma industry. I do shift work, so 5 days of work a week, 2 days the next, and repeat every 2 weeks.",False,31,0.026,0.6927,0.2813,neutral,random_balance,
n1bvmzt_2,comment,NationalServiceSG,"Sometimes my mind really wants to explode because I have so much anxiety about the future but I can't do anything about it. I don't find any solace talking to others about this, neither did I find solace knowing that my platoonmates, although they didn't outwardly show it, were peobably just as stressed as I am.",False,59,0.9614,0.0179,0.0207,negative,random_balance,
hefk4kn_0,comment,NationalServiceSG,ok thanks! My whatsapp i always off it one so no problem there.,False,13,0.0103,0.2524,0.7373,positive,positive_candidate,
ies610j_0,comment,NationalServiceSG,lol. grades don’t mean jack.,False,6,0.2645,0.0861,0.6493,positive,positive_candidate,
iholesr_0,comment,NationalServiceSG,"Hentak kaki while sleeping. Perfect 90° will deter any police, Mp or k9.",False,13,0.0818,0.1904,0.7278,positive,positive_candidate,
ieu8smo_0,comment,NationalServiceSG,"Update: 
I decided to run a 2.4km for each session and record my time. I will be doing my ippt this Wednesday (6 July), hopefully I can pass. 17 June - 16.30//
20 June - 16.30//
22 June - 15.35//
23 June - 14.40//
24 June - 14.35//
27 June - 14.50//
28 June - 14.15//
29 June - 14.25//
30 June - 13.55//
1 July    - 14.10//
2 July    - 14.05//
3 July   -  13.40//
4 July   -  13.28//",False,81,0.0194,0.3172,0.6634,positive,positive_candidate,
jalbum4_0,comment,NationalServiceSG,"i called them after a year of waiting saying i want to enlist ( i thought they thought i deferred for studies ) they said ok and will send a letter soon, so i waited another 2 years. Enlisted Feb 13th this year, while waiting i just worked and partied ig 🤣",False,49,0.0082,0.0207,0.9711,positive,positive_candidate,
ktqlzzs_0,comment,NationalServiceSG,Holy transition! Call the endocrinologist! HRT left for vacation and never came back!,False,13,0.1618,0.1314,0.7067,positive,positive_candidate,
jgoni2v_0,comment,singapore,That's definitely a unique NS experience there. Wonder what happened to those who had to do route march or missions? What kind of weird arrangements did the superiors plan?,False,30,0.0438,0.3315,0.6246,positive,positive_candidate,
lou8tn6_4,comment,NationalServiceSG,"PCC personnel are actually really nice and will offer you the help you want, usually theyll ask you what you want out of PCC, and you can ask for medications, perm statuses, or a new posting. If the doctor considers you high risk, they could PES F you but usually theyll ask you first and you can usually just decline.",False,60,0.0081,0.0927,0.8992,positive,positive_candidate,
gu4rrrx_1,comment,NationalServiceSG,"if they decide to just outright reject the mc, theres still a shit ton of EXTRA admin work just to punish 1 guy so most units dont do it unless someone high up has it out for you. tl:dr as long as the your original mc can be substantiated by your surgeon u shld be fine n be able to ord wo issue",False,64,0.4138,0.5396,0.0466,neutral,random_balance,
i5f8c5n_0,comment,NationalServiceSG,get a gf who's a regular for even more kick,False,11,0.0769,0.2016,0.7215,positive,positive_candidate,
i8y35q4_0,comment,NationalServiceSG,"It's held at Pasir Labar camp, but I'm not too sure if I can see anything from outside or if the parade square there is very far in. But I'll definitely go down and wait outside the camp gates at least, if I can't get in for the ceremony 🥺",False,53,0.0231,0.0784,0.8984,positive,positive_candidate,
k2l10ln_0,comment,NationalServiceSG,"when was younger like 18, don’t mind to chiong sua do all those satki thing but enlisted at the age of 22, was already late because retained in poly, at this stage of life, have better things to do outside hence the satki red beret, guards tab and wtv shit means nothing no more so yeah",False,57,0.1313,0.0707,0.7981,positive,positive_candidate,
mnxskvn_5,comment,NationalServiceSG,Absorb all you can. I know many NS mates who turned from couch potato to marathon runners.,False,17,0.0883,0.316,0.5957,positive,positive_candidate,
fxpx08o_0,comment,NationalServiceSG,"Wait a minute, the storeman missed his posting order and was immediately reassigned to infantry?",False,15,0.0693,0.9166,0.0141,neutral,random_balance,
nfq4tzy_2,comment,NationalServiceSG,"i don't know how to describe it but there's supposed to be mutual love and trust for each other for friendship to be permanent 

some people are genuine, some people are fakes, but know that this is just the reality we live in...

i do get the ""don't want to be alone"" part as i also have the same feeling. it feels so good when you do work together with friends or at least with someone you know well enough especially in NS context be it you are some rifleman, logistics man, driver, medic, etc",False,98,0.0523,0.0328,0.9149,positive,positive_candidate,
i0vevam_0,comment,NationalServiceSG,"Quite easy to get it (coming from experience), you just need to indicate at the start to your trainers that you want to join K9 and then make sure you tell them you had a dog once and you really like taking care of dogs (real or not). After that, just repeat to your trainers that you like K9 and you will most likely get in. This is what I did and I’m in K9 now",False,77,0.0106,0.3077,0.6817,positive,positive_candidate,
lyex7hi_0,comment,NationalServiceSG,"my unit has a 28-29 yo oc and she’s from ivy league (yeah crazy ik) 

30 might not be fast tracked but definitely above average",False,27,0.023,0.1959,0.7811,positive,positive_candidate,
icruzhi_0,comment,NationalServiceSG,"You'll have a lot of time! If it benefits you, Udemy has a free online driving course for you to kill time with.",False,24,0.0058,0.1316,0.8626,positive,positive_candidate,
e02zrz9_0,comment,singapore,Emart credits will do haha,False,5,0.0066,0.0245,0.9689,positive,positive_candidate,
gocaks6_0,comment,singapore,scs only? sorry i only eat ocs tarts,False,8,0.0514,0.7171,0.2314,neutral,random_balance,
l2ucpc3_1,comment,askSingapore,"its like the difference between asking a 5 yr old how to go to school vs asking a uni student, with the right mix of intelligence + network, you can get very in-depth answers 

""we are the best in the industry... we have lots of cash.... should we invest in operations? or an entirely new field?",False,56,0.0677,0.4585,0.4737,positive,random_balance,
ife13uf_0,comment,NationalServiceSG,bro be urself that’s all be friendly treat them how u want to be treated but know where to stop. If you’re ptp this will work better either way treat your sections mates first cuz you’ll be sleeping eating shitting with them for the whole 2-4months treat them good sound off bad things nicely not in a rude way.,False,63,0.2009,0.1179,0.6812,positive,positive_candidate,
gxwvzv7_0,comment,singapore,Got the Legion 5 15.6 inch! Customized it so i have 2 SSD of 1TB each and got 3 years warranty on it like I said so i have a peace of mind! Actually wanted to get the Legion 5 Pro but figured i’m buying this just to pass time as Im waiting for my enlistment!,False,58,0.0083,0.024,0.9677,positive,positive_candidate,
ledyo7n_0,comment,NationalServiceSG,"Yep can be a 91rp scholar or a secondary school dropout and you’d be none the wiser then you see them thrive. They can either be at their most vulnerable or they act it’s any other day. In my bunk, the ite dropout scored the highest in their sit test, was the most fun to be around and was the big brother figure.",False,65,0.0279,0.0251,0.947,positive,positive_candidate,
ly7x75q_3,comment,NationalServiceSG,"So basically, 5mths before ORD, I was on holiday/vacay mood. Shiok.",True,12,0.0103,0.0172,0.9725,positive,positive_candidate,
jaqosm0_0,comment,NationalServiceSG,wah srs swee my mind has changed,True,7,0.0573,0.0407,0.9021,positive,positive_candidate,
dgtmv5t_1,comment,singapore,"In this day and age of modern combat, we're not asking women to carry a broadsword into battle. Women can perform in the military.",False,25,0.3548,0.6086,0.0367,neutral,random_balance,
jpp0ymo_0,comment,NationalServiceSG,Transcom always had a fairly big intake for NSF so it will be very possible for u to get it if u pass the interview. I just wanna say good luck to u if ure gg to Transcom😂😂 not as fun as it seems,True,44,0.024,0.0283,0.9477,positive,positive_candidate,
njjub5s_0,comment,askSingapore,Then I met the person who would become my wife. She helped me through that repeated first year and gave me the motivation I desperately needed to finish all four years in poly. She made me want to become a better man. I’ve always believed she brought extraordinary luck into my life too.,False,54,0.016,0.0198,0.9642,positive,positive_candidate,
jf0ktm1_0,comment,NationalServiceSG,"So sarcastic sia, it’s not bad to have an ambition while serving NS.",True,14,0.0192,0.0253,0.9556,positive,positive_candidate,
1gdex21_2,submission,NationalServiceSG,"No one else heard it. I was doing the same march, tho be it in a different platoon  and I was much further back from him but did not hear it.",False,31,0.0328,0.916,0.0512,neutral,random_balance,
ktju1io_0,comment,NationalServiceSG,Love to take long mc and CK,False,7,0.1594,0.1051,0.7355,positive,positive_candidate,
gx6eis8_0,comment,NationalServiceSG,"depends on camp, minimally its long pants n covered shoes. a navy regular did enter my camp once wearing sandals, shorts n a polo tee. the guardhouse was pissed tho cos his excuse was thats his ""working attire""",False,38,0.3873,0.4626,0.1501,neutral,random_balance,
ebhn31i_0,comment,singapore,Wha fuck I thought next week is reservist. Turns out it's tmr... Guess who hasn't packed 😒,False,18,0.3308,0.0563,0.6129,positive,positive_candidate,
nis1hhz_0,comment,NationalServiceSG,"Dear Patient_Operation_64,

Your [post](/r/NationalServiceSG/comments/1o32gsk/rant_on_a_serious_issue_seeking_advice/) on r/NationalServiceSG was removed by the Read The Rules app because you need to submit an acknowledgement that you have read the rules. **Please:**

* **Take a moment** to refresh yourself with the community rules in case they have changed.",False,49,0.0455,0.9397,0.0148,neutral,random_balance,
1lo27yc_0,submission,NationalServiceSG,what to expect for GDS (SP). hi what shld i be expecting if ive been assigned to support (SP) in guards? isit more laxxed compared to combat??,False,27,0.0155,0.9764,0.0081,neutral,random_balance,
hepjyk2_0,comment,singapore,"Third, she was questioned by the police about breaching a quarantine order despite not being served one. I might add that she rescheduled her other appointments like court dates in anticipation.",False,31,0.1868,0.7937,0.0195,neutral,random_balance,
jspnaxb_0,comment,NationalServiceSG,You can still do the changing of pass at the guard room or taking care of the gate so still need to do,False,23,0.0232,0.9546,0.0223,neutral,random_balance,
icop7g6_0,comment,NationalServiceSG,I understand that but I'm still reporting on the phone to my unit everyday and till now I'm not even release from my unit. So how can they release me from army when they haven't even release me from my unit? i was release due to mental stuff but they discharged me while i was physically unwell.,False,60,0.8719,0.1172,0.0109,negative,random_balance,
fndpywr_0,comment,NationalServiceSG,"HAHAHAHA sounds like you guys had a good laugh!! Just remember, facing the floor is temporary, but memories are forever",False,20,0.0047,0.0106,0.9846,positive,positive_candidate,
msgooi8_3,comment,NationalServiceSG,"And moreover, your performance does not warrant one. You'll need to learn that not everyone hands out promotion like participation prize.",False,22,0.7537,0.2173,0.029,negative,random_balance,
gtscsou_0,comment,NationalServiceSG,Might be a tendon issue also. Please go MO.,False,9,0.1046,0.8686,0.0267,neutral,random_balance,
hbfrf9t_0,comment,singapore,My encik's grandmother,False,4,0.0331,0.6542,0.3126,neutral,random_balance,
m1t92jm_0,comment,NationalServiceSG,"Repair wheels or Tracked vehicles 👍 OES quite slack so no worries, just that it's a stay in course",True,19,0.0107,0.0367,0.9526,positive,positive_candidate,
kq0wo9z_0,comment,NationalServiceSG,the night before ippt need to stay in mah. ok la usually for my unit is 0630 report to the ippt holding area and wait for brief nia. if u wan can stay out but u need to be super early,True,41,0.017,0.7545,0.2284,neutral,random_balance,
1d9fn60_1,submission,NationalServiceSG,"I really can't handle all the bullshit and seniority complex from everyone as a trainee, the omnipresent air of stress constantly triggers my DPDR making me unable to think and sleep at all. All I can get from doctors and clinics are just 1-2 days mc.",False,48,0.9677,0.0176,0.0147,negative,random_balance,
hqsreur_3,comment,NationalServiceSG,"About being under-appreciated for your work, I think your CO has proved you otherwise with his actions (I won't be surprised if he promote you all the way to cfc). As for the other superiors, I do believe that some (if not all) appreciate your work, just that they might not show it. Can't say I feel the same way as you cuz I did my work with the aim to not get screwed, so I didn't rly care abt being appreciated (not getting scolded/punished was gd enough). BUT nearing my ord most of the superiors I worked with did thank me for my work during the time I was in unit, which is more than enough for me to feel appreciated. Lastly, as each day passes, you're one day closer to ord, look forward to it :)

Jiayou bruh",False,145,0.0203,0.0216,0.9581,positive,positive_candidate,
d6zucsx_0,comment,singapore,"Now that you've confirmed, in case you weren't going to tio tekan you will now

such is life in BMT :"")",True,22,0.1247,0.0547,0.8206,positive,positive_candidate,
100i8a6_5,submission,NationalServiceSG,"As the turnout alarm rings and the other guards try to evac the DOS to the medical centre, I smile as I know my service to the country is fulfilled, one beyond dollars and cents. Just as the founding fathers intended.",False,41,0.0267,0.0323,0.941,positive,positive_candidate,
gxsjuwt_0,comment,NationalServiceSG,Tfw reading this in an Air Force base now.,False,9,0.1303,0.0873,0.7824,positive,positive_candidate,
hw3k1hw_1,comment,NationalServiceSG,What mono were u in? Haha,False,6,0.0076,0.0428,0.9497,positive,positive_candidate,
f1ylsu1_0,comment,NationalServiceSG,"Ouhhhh hahaha, the actual day depends but i know its that week. So got chance you will end up in the guards family ❤️",False,23,0.0064,0.0156,0.9781,positive,positive_candidate,
g57pcqa_0,comment,NationalServiceSG,wah bro i 1 more day than you :))))),True,8,0.032,0.0234,0.9447,positive,positive_candidate,
idsxukh_0,comment,NationalServiceSG,"Mine came in at 1.5 months, I think it varies",False,11,0.0329,0.9269,0.0402,neutral,random_balance,
hqwwagb_0,comment,singapore,"Depends on how long ago you are talking about. My uncle was in the early batches who had 5 months BMT in Pulau Blakang Mati, and couldnt book out the whole 5 months and was trained by the ""Mexicans"" who would do things that is unthinkable even when I served in the 90s. But hey it was only 2 years.... which is where we are today, unlike my unfortunate era when we had to serve 2.5 years.",False,78,0.0951,0.0736,0.8313,positive,positive_candidate,
j9wpbb9_0,comment,singapore,Looking forward to MINDEF increasing MR age because Singaporean men will take anything and shut up lol,False,17,0.2561,0.0765,0.6674,positive,positive_candidate,
nqak1b4_0,comment,NationalServiceSG,"Sry if I'm late but I've talked to a recruiter and according to the recruiter ur BMI has to be below 30 minimum and pass IPPT and from there you can sign on but during your command school phase you'll be trained harder than BP batch and definitely lose weight and improve fitness, had a Sergeant from BP batch went from barely passing IPPT and getting gold after SCS. ( I asked cause I too want to sign on but my running time shag cause I can only do push up and sit ups)",False,96,0.0633,0.4697,0.4671,neutral,random_balance,
h64t0lw_3,comment,NationalServiceSG,"Don't be surprised or think it's unfair cause all the batches go through it hehe

3. Trust your buddy ""with every cell in your body"", you soap sponge his back he'll soap sponge yours.",False,37,0.0433,0.0436,0.9131,positive,positive_candidate,
xanzqn_1,submission,NationalServiceSG,I just got posted to IDTI as a Combat Security Trooper at Clementi Camp. Honestly wasn’t the vocation I wanted but it’s just the luck of the draw.,False,30,0.0128,0.1357,0.8515,positive,positive_candidate,
kh1j9p5_1,comment,NationalServiceSG,"Since then, I was posted to another unit doing the same job, but with much more reasonable superiors who actually acknowledge the work I do, got more freedom too. Rmbr u just serving ur 2 years only on shitty pay, u don’t need to always eat the shit they give u. U know urself best, if rly buay tahan just go for it. Fortune favors the bold my man",False,70,0.1431,0.0508,0.8061,positive,positive_candidate,
hc6w5ir_0,comment,singapore,"Thanks for the great advice yes I'm headed to tekong ah, might escalate to social service if needed",False,19,0.0261,0.0567,0.9172,positive,positive_candidate,
ji9rj6d_0,comment,NationalServiceSG,"if u want lots of time to study then being a Men would be ideal. first 6 months of unit is vocation training is at least one pt every day, up to 2x per day but after trades then is quite laxxing w lots of time in bunk. currently a second year men in 40sar, i have at most 1 pt in the morn 3-4 days a week only haha",False,71,0.0111,0.0299,0.9591,positive,positive_candidate,
kq7swdd_0,comment,NationalServiceSG,is basically the same thing as when you in school and wearing the uniform. You can sit down on MRT but best is to give up your sit when you see elderly or ppl with needs even if you are not on the reserve seat,False,45,0.0366,0.9389,0.0245,neutral,random_balance,
juq012v_0,comment,NationalServiceSG,"Hi I'm from the current batch of recon, it's actually not as bad lah honestly, but there is alot alot of force prep, like a shit ton of alot, and expect to high kneel for like 2hrs on average. The time allocated for admin time usually also q less cause got quite alot of conduct. But you'll really come to appreciate the time spent and the bonds forged with your coursemates, because in this case you'll really only have each other, the commanders are there but sometimes they'll purposely fuck y'all up(usually the 3SG only) but yah it's a unique experience I would say.",True,112,0.0115,0.0246,0.9639,positive,positive_candidate,
nsysn4f_0,comment,NationalServiceSG,"Most of the medic officers are ME ranks. In fact, most of the regular medics are MEs as well.",False,19,0.0083,0.9597,0.032,neutral,random_balance,
k2kz9ry_0,comment,NationalServiceSG,They cheer until like ovation liddat everyday LMAO,True,8,0.0129,0.0203,0.9668,positive,positive_candidate,
eu8an3x_0,comment,askSingapore,1. You will likely enter Basic Military Training at Pulau Tekong. During the first 2-3 weeks of BMT you will be confined to Tekong throughout.,False,26,0.0146,0.9599,0.0254,neutral,random_balance,
109xthb_0,submission,NationalServiceSG,"those who enjoyed ns, what is your vocation and how did u do it?",False,14,0.0091,0.9262,0.0647,neutral,random_balance,
hqf33mi_0,comment,NationalServiceSG,Haha no la actually those who are legit rich rich actually most of them are damn nice. And would share with you how do they make money on their own one.,False,31,0.0078,0.0166,0.9755,positive,positive_candidate,
hnaqxef_0,comment,NationalServiceSG,"No use going all out if you are actually sick or injured, physically or mentally. Take care of yourself and rest when you need to. When you have trouble please seek help from the correct people.",False,36,0.2656,0.4522,0.2822,neutral,random_balance,
mi08utw_5,comment,NationalServiceSG,"overall, how's the course like? tough for us B4? sorry if too many questions, just don’t know what to expect and anticipate in the upcoming 9 weeks 😅😅",False,29,0.0132,0.0906,0.8962,positive,positive_candidate,
j1d5u4n_0,comment,NationalServiceSG,"AIC is practically Army Intelligence Corps, But, thanks so much!",False,10,0.0152,0.1107,0.8741,positive,positive_candidate,
mjs7njr_0,comment,NationalServiceSG,Then the SGT shout “Wah cheebye!”,True,6,0.0255,0.1292,0.8454,positive,positive_candidate,
jljq5y2_0,comment,NationalServiceSG,When did you get this condition? If you don’t mind sharing. :),False,12,0.0103,0.345,0.6447,positive,positive_candidate,
k4kk6pi_0,comment,NationalServiceSG,Whats this? I book out everyday😂,False,6,0.0095,0.026,0.9645,positive,positive_candidate,
1lktwan_7,submission,NationalServiceSG,"Working in a culture like that fucked me up so badly mentally that I’m still trying to recover till this day. Apart from that, I was fortunate to have a few superiors who I genuinely loved working under as they cared for and mentored me both personally and professionally.",False,50,0.1046,0.0229,0.8725,positive,positive_candidate,
hr1dua3_0,comment,NationalServiceSG,"honestly nus ntu’s deadlines should be similar since they are under the big 3 uni but if you are really paranoid that the scenario happens, take your admin time (especially at night) to look through and discuss with your parents over a call. However, I really dont think they will rush you with 3 days of application 🤣🙄

Ps. I forgot when i applied mine 🥲",False,65,0.0456,0.047,0.9074,positive,positive_candidate,
jqv65yu_0,comment,NationalServiceSG,"OP I agree with this statement. Apart from giving a grace period in case of unexpected events, in the case your squad-mate does forget something, would you rather be punished for him forgetting a small item that he can get in those minutes, or wait an extra 10-15 minutes? edit: grammar",False,53,0.3478,0.6241,0.0282,neutral,random_balance,
ij0nmb7_0,comment,NationalServiceSG,can NSmen suka suka walk in use mah? Going reservist week after at Nee Soon Camp so want to visit this toilet that you guys raved about. 😂,True,27,0.0042,0.0307,0.9651,positive,positive_candidate,
hpn225x_0,comment,NationalServiceSG,Yes. 2 guys in my unit are famed for this although they are from different generations.,False,16,0.0236,0.141,0.8354,positive,positive_candidate,
b0848e_2,submission,askSingapore,"FYI when I moved to Singapore my father applied for Permanent residency, obtained it and applied for the rest of my family. Currently planning on becoming a physician in the UK, by doing national service, I add on two more year to what will be a lifetime in medical school.",False,50,0.026,0.3676,0.6065,positive,positive_candidate,
ka0vybe_0,comment,NationalServiceSG,It is absolutely unfair but I knew they would do it and told my friend who was so happy he got off. Was told by his sec comds that it was a reward after their confinement.,False,36,0.0667,0.0402,0.8931,positive,positive_candidate,
i0g4y9k_1,comment,NationalServiceSG,"I'm from 01/22 batch sch 4 coy 7, everyone either JC, IB or NUS high. It was so smooth that everything went by so quickly, rarely do we get tekan.",True,32,0.0136,0.0259,0.9605,positive,positive_candidate,
iypn7ey_6,comment,NationalServiceSG,"I personally, am from Guards currently, due to covid (Lucky me), I went through Lancer in P. Tekong, in the CQC site, meaning at least we sleep in buildings and not jungle. And our Lancer was only 1 week long. Try your best to survive.",False,45,0.0246,0.0622,0.9132,positive,positive_candidate,
jnip3bp_0,comment,NationalServiceSG,"I wasn't in HQ so idk about that but I can say for certain that the muslim food at Clementi camp cookhouse is balls. Not saying non-muslim is good, just better",False,33,0.033,0.0679,0.8991,positive,positive_candidate,
evd168q_0,comment,singapore,I say the ns is good. I hated it before going in and I hated it as a nsf. But in hindsight it was a valuable experience.,False,27,0.0131,0.0163,0.9706,positive,positive_candidate,
