chunk_id,stratum,doc_type,subreddit,has_sg,wc,text,human_label
y9b8pa_0,submissions,submission,NationalServiceSG,False,133,"Is it possible to make complaints against SAF MOs?. I got injured during training, so I went to a private specialist to get it checked out and got a memo recommending long-term excuses and a temporary down-PES, plus all the relevant test results to prove that I have a genuine medical condition that is causing me a lot of pain and making it difficult to carry out normal activities in a combat unit. When I brought all these documents to the camp MO, he referred me to MMI, but the doctor there doesn't believe that my condition warrants a down-PES because there is no ""objective evidence"" to support the diagnosis, despite the test results showing otherwise and specialist memos advocating for a temporary down-PES to allow for recovery.",negative
ilzijd6_2,medium_comment,comment,NationalServiceSG,False,101,"If u not trying to be regular chances are ur enciks wont see a point in putting themselves through all the paper work and u through all the work to have u graduate, go to a unit, then only have maybe less than a year left of service left in ur new unit. Can is can la, if i were ur encik tho, i'd be pissed off about having to do ur paper work for u just because u wanted to up pes from the status u got from the issues u yourself claimed u have during medical check up.",negative
kpafrp1_0,long_comment,comment,NationalServiceSG,False,256,"1) there’s a light infantry phase in year 1, then transition to mot in year 2, most companies in the battalion will be mot trained, but different companies will have different roles, my batch Alpha was coastal, Bravo was main attack force and Charlie was reserve (i think), only Alpha was light, the rest incl support were mot
2) honestly during Rots its quite busy, training, route march, combat circuit, CQB, testing of TES set
3) my longest route march was in year 1, FBO with stores and section store, it was 12km
4) im a man so idk
5) there was a point in time when it was like 10 outfields in a ROW, so after that u pretty much lose count, but i think total over two year probably 25ish? quite relaxed towards the end, because everybody is tired and wants to finish and go home
6) my sect comms role is honestly coordination, if you’re 2nd year, the ICs know how to run the section, trust them to run and you deal with coordination with higher ups, it can feel quite pressurising to be stuck between men and higher ups, so as long as you speak up for your men and you don’t treat them like shit, everybody gets along
7) higher than bmt for sure, but from what i heard from my commanders, less stressful, more chill
standards are there to enforce, but everybody closes their eyes once in a while
8) idk on that haha

second to none",neutral
mpgf7te_0,singlish,comment,NationalServiceSG,True,28,"NSmen in the campus will be ready to take pic and report u for malingering around on campus, go in vest slack so cant see ur name instead",negative
i5pagec_0,short_comment,comment,NationalServiceSG,False,19,Actually nsfs can become sniper as well. Need to be selected for scs tho. Around one intake a year,neutral
i0936bo_4,singlish,comment,askSingapore,True,25,"Another 2 hours gone by, at this point bodoh mentally breakdown liao. He getting interogated by the sergeants, the PS, other platoon PS and SM.",negative
mh09fm4_0,short_comment,comment,NationalServiceSG,False,1,anecdotal?,neutral
1hidy9k_0,submissions,submission,NationalServiceSG,False,15,what do you want for Christmas menu?. Your wishlist will be forwarded to cookhouse auntie,neutral
h1cp335_0,medium_comment,comment,NationalServiceSG,False,103,"If you are having any doubts, best not to do it. The military life is not something that is for everyone, and signing on just because you love to do a certain part of your job (e.g. flying a plane) doesn't just magically remove all the other parts of the job (e.g. regimentation, proper bearings, parades). Being a pilot is for sure one of the most interesting vocations to sign-on for and no doubt it would be a fantastic experience for you to fly, but it's not the only part of your job, just take that into account.",neutral
lp875e8_0,short_comment,comment,NationalServiceSG,False,1,No,neutral
139g164_1,submissions,submission,NationalServiceSG,False,47,Was granted PES E due to some health issues but I do want to keep options open for a future career in army. Was told however that PES E very hard to get career and have to up pes which I don't actually mind. Any tips?,neutral
dbauz4z_4,long_comment,comment,singapore,False,257,"there isn't much any other could do, the better question would be, how should the army be handling known psychiatric cases? Firstly, if you ever been through Tekong, you should know that for people who are already out of training, they still have to be there with their platoon and company until they get posted out, for obese batch, that means 5 freaking months and for the pes A and B batch, that means 2 months, let's say if you're P-tagged halfway through BMT, even if you're out of training, you still have to suffer the wrath of your superiors and environment for another x weeks or months until you're posted out to your unit, this shouldn't be happening since if you can't take it there, you should already be out instead of limboing there until you get posted out, it adds a lot of unnecessary stress and may aggravate psychiatric issues on the victim. Second, the time for psychiatric appointment is too long, for example, from the day I was tagged in IMH till the day I actually saw the military psychiatrist in MMI or another follow-up appointment in IMH was almost an entire month between the two days, in my case, it was serious but wasn't serious enough that I was one foot on the rooftop already, but for cases that are extreme where all it takes is a single push to tilt the person to jump, it makes a very big difference to them.",negative
jm5f6ka_0,singlish,comment,NationalServiceSG,True,63,those with difficult and shag vocations will envy those who can slack and those who didn't have to do anyt much would envy those who seemed to have more fun and experiences...no end to it. there's rlly no point dwelling in the past everyone's 2 years is different. just appreciate what u had and the ppl around u ig,positive
meaa3yg_0,long_comment,comment,askSingapore,False,311,"weather is hot and humid 
ns perm injuries, delay studies, toll on family who rely on monetary support 
emphasis on education and job leads to little in way of creativity and sports, parents not allowing their kids to explore other avenues
govt catering to the rich (greenery and cooling plants in landed neighbourhoods while hdb heat sink concrete jungle)
emphasis on bringing in foreign talent/companies/miney and hiring foreigners as sg are deemed not good enough to manage or run companies
-
can’t compare abt walking arnd safely at night cos jap, kor, aus, china all also can
what’s the diff btwn illegal immigrants and cheap labour, we also import a lot of migrant worker to do grunt work
cost wise depend on job and relative income, not everyone is able to find, not everyone job pay matches inflation, if everyone can afford to eat y we giving out so much money as subsidies and “assist with cost of living” packages
if gays don’t bother u when they’re around, what’s diff does it make
if we’re so diverse y no lgbt
govt mostly went against what lky og idea was for this country 
-
feel like there’s no worse place to be born, atleast in corrupt countries money moves things and living a peaceful simple life with scenery and space and time and options to do other things is far better, building wealth overseas makes families feel a sense of security and is actually doable, being majority race plays a massive part in ur life experience as well, the saying goes if ur born poor it’s not ur fault, but if u die poor it is, in sg how many people or how often u see people build generational wealth or what not, the culture here is so rat race and risk adverse too",negative
cgo2bdz_0,short_comment,comment,singapore,False,26,"Things like going clubbing , staying in your own apartment will only bleed your finances. And if you're the fit kind, aim for OCS in NS.",skip
x2hvb4_11,submissions,submission,NationalServiceSG,False,85,"Fast forward a few weeks, went there and got my PES F. I felt a lot better after that as soon I will be able to start working to cover some of my family bills, and further study. However, I am also worried due to me being a PES F, and I don't know how to break it to my family that I got PES F, as I don't want to worry them and add on the burden when it is already bad.",skip
e5z8t7w_0,medium_comment,comment,singapore,False,118,"Just want to mention that there is the medic vocation within the commando unit. If you do well during Commando BMT (but not well enough to be chosen for Leaders course) you can indicate to your sergeants that you are interested in that vocation (though eventually everybody will be more-or-less cross-trained for all the vocations during the company training phase...)

Of course, if you meant becoming a service medic instead of combat medic, you should definitely sound out to the interviewer during the vocational assessment that you're not interested in training to become cdo. I think a few others already offered help if you have other questions, but feel free to ask me too.",neutral
juda2m_0,submissions,submission,NationalServiceSG,False,37,"NEED some advice regarding Generalised Anxiety Disorder (GAD) (Serious answers only please). So it has been a few months into my service...

A little background: I have always been the person that is easily alarmed and panic.",negative
i07pz09_0,short_comment,comment,NationalServiceSG,False,9,Damn it almost sounded like a medical appointment! LOL,positive
m6qfgba_0,medium_comment,comment,singapore,False,84,"bro I have know of people from a neighbouring country who got their PR dam easily 

while we serve NS, they took our jobs not only in blue collar sector

the thing is they no serve ns and they got both rank and money ahead of us and I am not referring to those who studied here since pri school

u are right it's a bit unfair for us that serve. now with foreigner bosses, foreigner landlords, foreigner HR, we are fucked man.",negative
gimhtzs_9,singlish,comment,NationalServiceSG,True,73,"I avoided the vege to not shit in the jungle HAHAH

FIELD PACK SIDE POCKETS. Those 4 pockets on the side of your field packs are the easiest to access, so put the important stuff like toiletries food underwear there

GORTEX. Some people use it as pillow, most use it as a jacket coz it gets hella cold at night

Just personal expeirence la hor HAHAH cant think of anything else so ye",positive
k6nrt2s_1,singlish,comment,NationalServiceSG,True,61,"just be careful for snitches, got one time some fucker caught us rinsing off in the shower together after we done our deed then he go tell the PS. luckily we planted our used contraceptives under his pillow so him and his other wayang bitch buddy got fucked instead, figuratively and possibly literally. just remember the army says DONT GET CAUGHT.",negative
nqbaai8_0,long_comment,comment,askSingapore,False,412,"New kids in the block is quick to make friends..  They just walk in, and this is how our friends ""clique"" grow..

There were no internet, mobile phone etc, but as teenager when we organize a week-end BBQ outing at ECP, and we have friends living in different estate will gather at precisely at the stated timing, and we only need to delegate and without any reminder, everything will be in place..  No more, no less..

We have a lot more fun in the older days, like going to private estate look for rambutan trees to ""raid"" and the fun is not actually getting the rambutan, but the excitement of being caught and running away from the home owner and dogs, and we sometime circle back to try and repeat our mischievous action and we realize some owner are actually nice and they didn't chase us to chase us away or scold, but wanted to tell us how we should harvest the rambutan to not actually risk killing it..  and once we're told about this..  We never go back to that house and tree, because there's no fun in it..  LOL!!!.. I believe many people may get riled up by this comment, but we really have a lot of fun serving NS, and a lot of us being old uncles now are till in contact..  Things we do, again, stealing rambutan, but as solder's, we raid farms along places like Mandai, and the farmers are not friendly at all, and in one incident, he release his dog, and he run our with a parang..  and when one of our encik found out he ask and told us..  Don't go to that part..  they guy will release dogs and chase you with parang..  and we all had a good laugh when we told them we learn it the hard way..  tldr, NS those days are a lot less regimental, and when we're at the field, everyone, sometime including CO will join in the fun, but not that he will go plug fruits or steal chicken, but he accept laughing out loud when we offer to share..  

IMO..  Modern folks are seriously petty..  When there's new kids in the block and wanting to join in the fun, they may be seen as weird.. Like..  eh..  who's that weird kid always looking at us..  sad kid no parent to love..  etc..  old day not like this..",positive
n9mjnvv_0,medium_comment,comment,NationalServiceSG,False,94,to be honest it will be a hard time for both of u but focus on urself first because can ns super drained physically and mentally but if u rly want to do smth like not being forgetful pin the messages she send to u and reply her when ure free but overall if udw to forget anything pin the messages or write it down in ur notes or smth somewhr u can see it immediately if yall are using telegram u can try sending her automated messages at certain timing of the day,negative
sisq8e_1,submissions,submission,NationalServiceSG,False,17,the spray kind? Can recc some brands that are good? when do I usually use it uh?,neutral
fsyzfoi_0,short_comment,comment,singapore,False,8,watching ah boys to men. majour bmt nostalgia,positive
ndl84th_0,long_comment,comment,singapore,False,261,"But there's also another reality out there for some women. I asked a chatbot for a summary:

\> If by “head start” you mean women can enter the workforce \~2 years earlier because men do National Service, that’s a **timing** fact ([CMPB: 2 years full-time NS](https://www.cmpb.gov.sg/about-us/discover-ns/))—but it doesn’t translate into an early-career **advantage**: even after adjusting for age, education, occupation and hours, women still earned **6.0% less than men in 2023** (unadjusted **14.3%**) per the Ministry of Manpower’s study of full-time residents aged 25–54 ([MOM infographic](https://stats.mom.gov.sg/Pages/Update-on-Singapores-Adjusted-Gender-Pay-Gap.aspx)). \> Women are also under-represented where promotions and pay accelerate—just **25.1%** of directors on the Top-100 SGX boards in 2024 ([Council for Board Diversity](https://www.councilforboarddiversity.sg/resources/latest-statistics/))—and retire with **smaller CPF balances** (e.g., women’s average ≈**90.7%** of men’s in 2019; analysis from CPF annual reports, [Milliman](https://mbwl-int.com/wp-content/uploads/2021/06/6-21-21-Milliman-Pulse-Singapore-Retirement-Gender.pdf)). \> Meanwhile, policy is expanding **paternity** leave to **4 weeks from 1 Apr 2025** to **rebalance caregiving** ([MSF press release](https://www.msf.gov.sg/media-room/article/amendments-to-child-development-co-savings-act-enhanced-paternity-leave-and-new-shared-parental-leave-scheme-from-1-april-2025-to-strengthen-support-for-working-parents)), which acknowledges drag on women’s careers rather than any female “head start.”",neutral
e26776y_1,long_comment,comment,singapore,False,420,"Rank Score
Overall 2 65.08

* Knowledge workers 4 73.41
* Employment in knowledge-intensive services  2 95.16
* Firms offering formal training  n/a n/a
* GERD performed by business enterprise  15 36.71
* GERD financed by business enterprise  16 69.25
* Females employed with advanced degrees  15 70.73
* Innovation linkages 15 49.41
* University/industry research collaboration  8 71.34
* State of cluster development  9 69.64
* GERD financed by abroad  53 13.06
* Joint venture/strategic alliance deals  3 74.79
* Patent families filed in at least two offices  18 34.32
* Knowledge absorption 2 72.43
* Intellectual property payments  1 100.00
* High-tech imports  5 82.30
* ICT services imports  31 33.31
* Foreign direct investment, net inflows  1 100.00
* Research talent in business enterprise  22 60.32

KNOWLEDGE AND TECHNOLOGY OUTPUTS

This pillar covers all those variables that are traditionally thought to be the fruits of inventions and or innovations. Rank Score
Overall 11 51.27

* Knowledge creation 30 31.92
* Patent applications by origin  32 17.63
* PCT international applications by origin  20 25.62
* Utility model applications by origin  n/a n/a
* Scientific and technical publications  27 48.82
* Citable documents H index  24 35.62
* Knowledge impact 13 52.63
* Growth rate of GDP per person engaged  58 66.80
* New business density  16 31.53
* Total computer software spending  35 27.54
* ISO 9001 quality certificates  31 23.09
* High-tech and medium high-tech output  1 100.00
* Knowledge diffusion 4 69.25
* Intellectual property receipts  17 35.29
* High-tech exports  1 100.00
* ICT services exports  69 10.96
* Foreign direct investment, net outflows  1 100.00

CREATIVE OUTPUTS

The last pillar on creative outputs measures the role of creativity for innovation. Rank Score
Overall 35 39.60

* Intangible assets 44 48.06
* Trademark application class count by origin  88 8.44
* Industrial designs by origin  62 6.40
* ICTs and business model creation  8 80.70
* ICTs and organizational model creation  11 75.85
* Creative goods and services 19 39.35
* Cultural and creative services exports  n/a n/a
* National feature films produced  38 17.83
* Entertainment and media market  20 44.70
* Printing, publications &amp; other media output  70 18.83
* Creative goods exports  10 67.97
* Online creativity 32 22.92
* Generic top-level domains (gTLDs)  23 25.30
* Country-code top-level domains (ccTLDs)  37 11.40
* Wikipedia yearly edits  45 16.03
* Mobile app creation  17 38.96",neutral
irpymlv_0,long_comment,comment,askSingapore,False,324,"From an economic point of view, it’s definitely costly for us but it’s really more than just black and white, the sovereignty and confidence of our nation is another key factor in attracting FDIs to boost our economy and let us in on their know-hows
Further comparison and research/findings could be made into Israel where they too adopt the conscript army system, and draw similarities/difference and probably learn from them as much as we have already done so 

the accomplishments of our upcoming leaders were the talk of the town, and one comment really did stand out to me, that “ many saw great progress made by our late LKY in bringing up SG from the bottom (eg 50% to 90% is a 40% increase) but our current leaders would suffer from diminishing returns(pardon me if i use the wrong term), squeezing progress from that last 10% would indefinitely be harder

Yes i do wholly agree that’s is a struggle to survive in this current climate -am saying this as one of the grunts earning a mediocre salary (less than 4k for context), but i am thankful that our tax situation ain’t blasphemous as USA’s or UK’s, i am thankful that i can sleep soundly at night without someone whipping their gun out nonchantly just because they can, i am thankful that i do have a house to live in, amongst the many other things i would be thankful for. ( less the weather, bless us all) 

if we do keep comparing, it’ll be a never ending cycle
(another cliche) instead of why should we stay, we could go with how can we make it better(so that we can stay) and lobby for improvements. Besides the governments effort in trying to retain our identity and serving the nation, what can we citizens do to make this island our home (cringey but does make sense)",positive
ndsqsow_4,short_comment,comment,NationalServiceSG,False,62,"e.g. 7.30pm prowl kc3, then 11.30pm be sentry, then 5.30am do vac. \- although the BTT course is stay-in, the last 2 or so weeks of the course will be stay-out. during this stay-out phase, there won't be pt or sba/sbb. \- youre not in bmt anymore so it's pretty much sba all around.",neutral
1hdy4b2_2,submissions,submission,NationalServiceSG,False,12,2. If I have free time can i study or do smth?,neutral
9k5ntu_0,submissions,submission,singapore,False,22,"Singaporean, 21, going to ORD in ~4 months. I studied primary in Malaysia (UPSR) and did secondary in SG till Sec 3.",neutral
kfov0kn_0,short_comment,comment,NationalServiceSG,False,6,Also the NSmen on duty. Hormat,positive
lf1t2h8_0,singlish,comment,askSingapore,True,19,Don't worry bro more to come during reservist. Mob manning spanning over Christmas and new year song bo,negative
mrkrpcr_0,singlish,comment,NationalServiceSG,True,9,Wah shag lah.... My ict low key. Thanks anyways!,negative
cdwo2ug_0,long_comment,comment,singapore,False,360,"The driver is identified as a Singaporean (http://sg.news.yahoo.com/fire--rioting-taking-place-in-little-india--reports-152651999.html)

A large group of foreign workers start to gather around the bus (https://www.youtube.com/watch?v=yUrqYFjP7IY)

The rioters started smashing the windscreen and windows of the bus (https://www.facebook.com/photo.php?v=10152136497421383)

SCDF personnel who arrive to extricate the body were hit by projectiles thrown by the rioters (https://twitter.com/ChannelNews.../status/409739564224221184)

Police cars, ambulance and fire engine arrive. One of the first police cars which arrive has a smashed rear windscreen (https://twitter.com/TOD.../status/409706005631483904/photo/1)

People start throwing stuff at emergency vehicles. They flip over 3-4 police cars (https://www.youtube.com/watch?v=OdSzjj39Et0)

After which, they set fire to 3 police cars and an ambulance (https://www.youtube.com/watch?v=8wjbnROY1jE)

3 bus loads of riot police arrive and take control of the scene. 300 police officers involved, but no shots were fired from any weapon, lethal or non-lethal (https://www.youtube.com/watch?v=BLAFJ0qvRSg)

Police in control of scene, arrests are being made (https://twitter.com/ChannelNews.../status/409724947943018496) (https://twitter.com/jeraldjustin/status/409722481671274496/photo/1)

400 were involved, 9 emergency vehicles, and several private vehicles were damaged. 16 people were injured, which include 4 SCDF personnel, 10 police officers, the bus driver and his conductor. They were sent to Tan Tock Seng Hospital for treatment (https://twitter.com/STcom/status/409728879331246080)

Singapore Police Force press conference at 0130

Damaged vehicles are being towed away (https://twitter.com/ChannelNewsAsia/status/409858523690848256/photo/1)

Hampshire Road and Race Course Road now open (https://twitter.com/ChannelNewsAsia/status/409856211748536320)

Condition of 10 police officers and SCDF officers are stable (https://twitter.com/ChannelNewsAsia/status/409764583104991232)

27 have been arrested, with more to be expected in the following days (http://www.straitstimes.com/breaking-news/singapore/story/little-india-riot-27-nabbed-more-expected-be-arrested-hours-and-days-f)

More sources: https://www.youtube.com/user/chewkkf?feature=watch

http://sg.news.yahoo.com/fire--rioting-taking-place-in...",neutral
h8s17m_0,singlish,submission,NationalServiceSG,True,93,"(To 2019 - 2029 enlistees) Are the sergeants still unreasonable, better than in the past?. I’ve seen a lot of posts ranting about their sergeants, tekan them like hell, unreasonable punishments, made to do things people don’t want to... but these posts were long ago and were mainly like 2010 to 2014 if I’m right enlistees. Just curious if the sergeants are better now, (just a quick one) what are some of the things that were removed? I know changing parade was removed, but is there anything that has been removed?",negative
iz8mht0_0,long_comment,comment,singapore,False,260,"Use insect repellents that have DEET (N.N-Diethyl-meta-toluamide), don't bother with those natural ones that use citronella or lemon oils research have shown that they are only effective for 15 to 30 mins, personal anecdotal experience with them outfield even if you spray a bunch of the natural stuff or use a whole box of those stick on patches, they're useless. Only the repellent with DEET works, you don't need the super high strength 75% stuff that the SAF uses, just even the 5% - 15% stuff like OFF that you can get from guardian or watsons works well enough. If you don't want to apply repellent, you can try using a vaporiser like [this one](https://www.watsons.com.sg/nomat-sq-cordless-refill-720-hours-long-protection-for-mosquitoes-1-set/p/BP_93598), there are various brands that sell it baygon, ARS etc, you should be able to get it from the supermarkets or pharmacies. If possible try not to use mosquito coils, just burning 1 coil produces the same amount of smoke as a 100 cigarettes, not something you want if you're in an enclosed room or even in the same open air area if you're going to be there for a long time. Dump the mosquito lamps as well as they use UV light and mosquitoes aren't actually attracted by UV lights, it's the flying ants that are attracted by UV lights. You're just wasting electricity powering those if you're trying to kill mosquitoes.",neutral
r4u7nr_2,submissions,submission,NationalServiceSG,False,37,"Is it ok?Would like to know your experience. Many people have shared negative remarks on medical treatment at KTPH, but have not heard regarding the dental side of stuff, so would like to find out more.",neutral
kxiu47b_0,long_comment,comment,singapore,False,255,"Some reasons off the top of my head:

* tangible results are generally expected within 5 years, discouraging ""moonshots"" and other forms of risk-taking
* research contracts are only 3-5 years, further incentivizing researchers to go with a line of research that would produce something before contract renewal
* large changes in research directions every 5 years or so with new [RIEs (and funding changes)](https://www.nrf.gov.sg/rie-ecosystem/ecosystem/) and new appointment holders seeking to make their mark makes it hard to focus on research that might take a while to get results
* while there is the NSF, Singapore's largest research organization is administered under the [Ministry of Trade and Industry](https://www.mti.gov.sg/About-Us/MTI-Family). Hence research outcomes are justified in terms of contributions to Singapore's economy. Contrast this with the [US](https://en.wikipedia.org/wiki/National_Science_Foundation), [UK](https://en.wikipedia.org/wiki/Department_for_Science,_Innovation_and_Technology), [Germany](https://www.bundesregierung.de/breg-en/federal-government/ministries/federal-ministry-of-education), [France](https://www.era-learn.eu/network-information/organisations/ministry-of-research), [Switzerland](https://www.admin.ch/gov/en/start/departments/department-of-economic-affairs-education-research-eaer.html), [Japan](https://www.mext.go.jp/en/), and even [South Korea](https://www.msit.go.kr/eng/), [Taiwan](https://en.wikipedia.org/wiki/National_Science_and_Technology_Council_(Taiwan)), and [China](https://en.most.gov.cn/), all have have their own versions of a ""Ministry of Research"" which I imagine would focus on very different KPIs than Singapore's MTI.",neutral
dxqpcgt_0,long_comment,comment,singapore,False,385,"Some of the other Life Sciences staff at NUS do not head their own labs, but also supervise undergraduate projects:

[N. Sivasothi aka Otterman](https://otterman.wordpress.com/otterman-holt/)

[Zeehan Jaafar](http://www.dbs.nus.edu.sg/staff/zeehan.html)

[Ng Ngan Kee](http://www.dbs.nus.edu.sg/staff/ngngankee.htm)

If you're inclinced towards plants and don't mind getting muddy in the mangroves (which are counted as a marine habitat), there's also the [Applied Plant Ecology Lab](https://www.appliedplantecology.org/), headed by Associate Professor [Edward Webb](http://www.dbs.nus.edu.sg/staff/webb.html), and the [Mangrove Lab](http://www.themangrovelab.com/) from the Department of Geography, headed by Associate Professor [Dan Friess](http://profile.nus.edu.sg/fass/geofd/)

There are a few other programmes elsewhere - Yale-NUS offers a [Major in Environmental Studies](https://envs.yale-nus.edu.sg/), as well as a [Concurrent Degree Programme with Yale School of Forestry and Environmental Studies](https://www.yale-nus.edu.sg/curriculum/concurrent-degree-with-yfes/). NTU has an [Asian School of the Environment](http://www.ase.ntu.edu.sg/), while NIE has a [Natural Sciences and Science Education Academic Group](https://www.nie.edu.sg/our-people/academic-groups/natural-sciences-and-science-education). James Cook University in Singapore has a [Bachelor of Business &amp; Environmental Science](https://www.jcu.edu.sg/courses-and-study/courses/course/bachelor-of-business-And-environmental-science) undergraduate programme, with the option to [major in aquaculture](https://www.jcu.edu.sg/courses-and-study/courses/course/bachelor-of-business-And-environmental-science-aquaculture). **Polytechnic programmes**

As for the polytechnics, Republic Polytechnic has a [Diploma in Environmental Science](https://www.rp.edu.sg/SAS/full-time-diplomas/Details/r29) with an elective in Marine Ecology and Conservation, but the [Diploma in Marine Science and Aquaculture](https://www.rp.edu.sg/SAS/full-time-diplomas/Details/r53) has a much larger emphasis on marine biology. Ngee Ann Polytechnic has a [Diploma in Molecular Biotechnology](https://www.np.edu.sg/lsct/Pages/mbio.aspx) programme with an elective in Aquaculture &amp; Marine Biology. Temasek Polytechnic offers a [Diploma in Applied Science (Aquaculture)](http://www.tp.edu.sg/courses/part-time-courses/diploma-by-schools/school-of-applied-science/diploma-in-applied-science).",neutral
e5bhsz6_0,singlish,comment,singapore,True,34,If you die die wanna go local uni. Study A lvls during NS and take the exams after you ord. It is very tough but I've seen peers who have made it before.,neutral
imnsdsa_0,medium_comment,comment,singapore,False,115,"""Rigorous evaluation"" in the SAF context may be closer to ""rigorous monitoring"" of these fighters as they are used by the US and first recipient countries. For a small nation like us who can't afford specialist test equipment, test engineers, test pilots and test facilities, we have to depend on others to work out the kinks in the first few batches as these fighters are operationalised. Cost wise it makes sense  

It is no surprise that since the F16s and followed by F15s, the F35s will also be delivered to US bases where they are operated by SAF pilots and SAF ground staff. They can also use the equipment available at these US bases.",neutral
ghi26bv_1,short_comment,comment,singapore,False,54,"Let them know your concerns and how it affected you a lot. At least you give them a heads up if anything happens to you in the foreseeable future like a random panic attack or something while you are in BMT, they can take appropriate actions. Btw, are you going to SAF/SPF/SCDF?",neutral
c19n1k_0,submissions,submission,NationalServiceSG,False,2,Bisexual qns,neutral
yu60cx_0,submissions,submission,NationalServiceSG,False,31,"Dental FFI ORD attire questions. For the dental FFI ORD at Kranji Camp 2, may I know what attire did those who just cleared it/ORD’ed recently wore for it?",neutral
k3aylfl_3,medium_comment,comment,NationalServiceSG,False,130,"And the evening and the morning were the second day. 9 And God said, Let the waters under the heaven be gathered together unto one place, and let the dry land appear: and it was so. 10 And God called the dry land Earth; and the gathering together of the waters called he Seas: and God saw that it was good. 11 And God said, Let the earth bring forth grass, the herb yielding seed, and the fruit tree yielding fruit after his kind, whose seed is in itself, upon the earth: and it was so. 12 And the earth brought forth grass, and herb yielding seed after his kind, and the tree yielding fruit, whose seed was in itself, after his kind: and God saw that it was good.",neutral
kwwaatf_0,medium_comment,comment,NationalServiceSG,False,81,"Well as an observer, I think both sides probably tell an incomplete story...

Especially cos it's online here and people hiding behind screens, there isn't much things that can be done too and people would just spout whatever they wanna say about others. There simply isnt an avenue where we could testify whatever was said about 5SIR be it from a NSF/Management POV unless we know someone from the unit now and even then there can be biases.",neutral
g58n4ta_1,medium_comment,comment,singapore,False,102,"In Singapore, National Service is a public good that fits all 3, because not only are we lacking conscripts due to low birth rates, it is also severely taxing on guys and their careers and plus there is not as much respect given to our soldiers among the general population as compared to other armies around the world. This is not about which gender earns more as a result of NS liability, but about which gender pays more to consume such public good. Males certainly pay more than female to enjoy national security, by virtue of time spent or opportunity cost lost.",negative
jg6irvp_0,singlish,comment,NationalServiceSG,True,62,For me i ooced and my current vocation very lepak one… 8-5 mostly end early one… sometimes the days are like sleeping in aircon room from morning till afternoon eat lunch go back sleep again till around 2-3pm go home… asked about it before but the chances of me rebmting is quite low arh unless i request for it arh,positive
fmavuwv_0,long_comment,comment,singapore,False,380,"This may help...

**Covid-19 Update Summary**



_General_

●All non-essential services closed for 1 month from Apr 7

●Essential Services

• All healthcare and social services

• Food and related services

• Energy

• Water and waste management and environment

• Transportation and logistics

• Information and communications
    

• Security operations
    

• Facilities management and critical public infrastructure
    

• Manufacturing activities key to sustenance and security
    

• Banking and finance

●Restrictions on Movements
    

•Stay at home as much as possible
    

•Avoid visiting others, even extended family, especially the elderly and vulnerable
    

•Strongly advised to go out only for essentials, for example, to buy groceries

•Enforcement measure will be taken if Singaporeans loiter or gather with others outside of their family

•Singaporeans should wear the reusable masks provided by the government when heading out

● No more dining in

•Recommended to bring their own packaging



_Schools_

●Home-based learning from Apr 8 to May 4

●Mid-year exams cancelled but national exams are essential and will continue (includes mother tongue exams in June)

●Poly and ITEs: Essential for new students to go to campus to register and log on to online learning materials (in small groups)

● Graduation ceremony not essential, will not be held



_Support_

●No longer discourage people from wearing masks

● Reusable mask distribution

• From Apr 5, Sun 10am to Apr 12
  

• Weekdays: 3pm to 9pm daily
    

• Weekends/PH: 10am to 9pm
    

• Information on where to collect: www.maskgowhere.sg / community centre notice boards

● Enhanced jobs support scheme

•Firms to receive wage subsidies of between 25 to 75%

•3 Month extension for paying levy for foreign workers for SMEs

•Commercial property that qualified for Budget 2020's rebate to now pay zero property tax for this year

● Temporary Relief Fund (till Apr 30)
    

•Online application will be launched next week, there is no need to rush



_National Service_

●Activities involving NSmen (in-camp training and IPPT) deferred till May 4

●Servicemen performing critical functions required to stay in their camps and bases before and during operational duty

●SAF units and training schools to continue operating with enhanced measures

●Full article: https://www.straitstimes.com/singapore/coronavirus-in-camp-training-and-ippt-for-nsmen-deferred-until-may-4?utm_source=STSmartphone&amp;utm_medium=share&amp;utm_term=2020-04-03+18%3A37%3A40

*may not include all info*

Edit: updated job support scheme",neutral
fs2r112_0,long_comment,comment,singapore,False,290,"Yes it is, even crossdressing is. Here's a link: 

https://en.m.wikipedia.org/wiki/LGBT_rights_in_Malaysia


Human Rights Watch reports that state-level Sharia (Islamic) laws prohibit cross-dressing, and transgender people ""face arbitrary arrest, physical and sexual assault, imprisonment, discriminatory denial of health care and employment, and other abuses. ""[4]

Transgender individuals have often been arrested by police officers under the civil laws governing ""public indecency"", and if they are Muslim, can be further charged by religious officers under Sharia Laws for ""impersonating"" women. A 2014 Human Rights Watch report alleged that transgender people are subjected to ""assault, extortion, and violations of their privacy rights"" by police, and humiliation, physical and sexual assault by Religious Department officials.[23]

In 1998, 45 Muslim transvestites were charged and convicted in court for dressing as women, and twenty-three more transgender persons faced similar fines and imprisonment in 1999.[8]

It has been estimated that a large number of transgender persons are forced to work on the streets as commercial sex workers to earn a living. In November 2014, three transgender women from the state of Negeri Sembilan arrested for cross-dressing via Sharia law successfully appealed for review of the judicial law at the Court of Appeal for appropriate clothing of people with gender dysphoria. Due to the lack of a mention of gender dysphoria and the lack of medical evidence for a state legal adviser's claim that transgender people were insane, the court unanimously declared the anti-cross-dressing Sharia law as void and violating the constitutional right of ""freedom of expression, movement and the right to live in dignity and equality"".[24] On 8 October 2015, the Federal Court of Malaysia overturned the ruling on procedural grounds.",neutral
1nfqlt7_0,submissions,submission,NationalServiceSG,False,3,[ Removed by moderator ],neutral
co0642g_1,medium_comment,comment,singapore,False,92,"all in all it's a fair route if you are willing to slog it out and not make any big mistakes. [as to which branch, i'd just like to point out that in police they're not as strict as to the conversion from junior officer [sorta like spec path in army speak] to senior officer [officer in army speak] and don't necessarily need a degree for this kind of conversion. many people - usually diploma level at least - get to become senior officers if they prove to be capable.]",neutral
lszvulg_0,singlish,comment,NationalServiceSG,True,75,"Beats me. I guess there is a difference between load inspector from guards (aka load inspector trained personnel who have a totally seperate day job) vs load inspector from the airforce sqn that does it whose full time duty it is? I think there's a difference based on the job title, forget alr

Regardless they turn up to inspect our loads anyway, we got a few random ones from cdo/gds who come lah.",neutral
j2zhive_1,short_comment,comment,NationalServiceSG,False,20,Cos i havent done so. My PS only told him to pass him the physical copy of the police report.,neutral
j9nzatb_0,long_comment,comment,singapore,False,503,"###Here are formal, doctor-measured statistics of penis lengths. Some are stretched lengths and some are erect lengths, both which have been found to be more or less equivalent to each other for most men.### **Caucasian penile length measurements from institutional research:**

**3.7 inches;** University of Alberta, Canada; University of Toronto, Canada: http://www.scribd.com/doc/29971609/The-Relationships-Among-Height-Penile-Length-and-Foot-Size

**5.1 inches;** Department of Urology, St. Mary's Hospital, UK: http://onlinelibrary.wiley.com/doi/10.1046/j.1464-410X.2002.02974.x/full

**5.6 inches;** Western General Hospital, UK; Edinburgh and St John's Hospital, UK: http://www.ncbi.nlm.nih.gov/pubmed/21711435

**5.2 inches;** The Harriet Lane Handbook, John Hopkins University, USA: http://www.jpedhc.org/article/S0891-5245(09)00140-0/fulltext#tbl1 http://www.copeson.org.mx/medicos/Harriet_Lane.pdf

**4.9 inches;** University of California School of Medicine, San Francisco, USA: http://www.ncbi.nlm.nih.gov/pubmed/8683783

**5.4 inches;** Tel Aviv-Sourasky Medical Center, Israel: http://www.nature.com/ijir/journal/v12/n6/abs/3900627a.html

**5.6-5.7 inches;** Department of Urology, University of Essen, Germany: http://www.ncbi.nlm.nih.gov/pubmed/11182344

**4.9 inches;** University of Florence, Italy: http://www.ncbi.nlm.nih.gov/pubmed/11223678?dopt=Abstract

**5.3 inches;** Italian Society of Andrology, Italy: http://www.falloplastica.net/fp/content/dimensioni-pene.asp?layout=1

**5.3 inches;** Spanish Society of Andrology, Spain: http://www.pulevasalud.com/ps/subcategoria.jsp?ID_CATEGORIA=102161, http://www.lavozdegalicia.es/hemeroteca/2001/02/05/410226.shtml

**5.3 inches;** Department of Urology, Jordan University Hospital, Jordan: http://www.ncbi.nlm.nih.gov/entrez/query.fcgi?itool=abstractplus&amp;db=pubmed&amp;cmd=Retrieve&amp;dopt=abstractplus&amp;list_uids=15510185

**Asian penile length measurements from institutional research:**

**3.8 inches;** Department of Urology, Seoul Municipal Boramae Hospital, South Korea: http://www.asiaandro.com/archive/1008-682X/5/185.htm

**5.3 inches;** Department of Urology, Chosun University, South Korea: http://www.koreamed.org/SearchBasic.php?RID=1020KJU/1998.39.11.1061&amp;DT=1

**5.5 inches;** Department of Urology, Beijing Medical University, China: http://www.scribd.com/doc/103023459/Chinese-Study-1990

**5.3-5.4 inches;** Department of Urology, Beijing Medical University, China: http://www.scribd.com/doc/103024071/Chinese-Study-1993

**5.3 inches;** Department of Urology, Beijing Medical University, China: http://www.scribd.com/doc/104414559/Chinese-Study-1994-3

**Black penile length measurements from institutional research:**

**5.3 inches;** Department of Surgery, Nnamdi Azikiwe University, Nigeria: http://www.ncbi.nlm.nih.gov/pubmed/17191423?dopt=AbstractPlus

(Yes, there has only ever been one formal, doctor-measured study on erect/stretched penis lengths for Black men.) I included the highly deviant sub-4 inch measurements only to demonstrate how ridiculously erroneous the world penis size map is. The map maker took the 3.8-inch measurement from that one study and applied it to all of Asia.",neutral
jie02uh_7,singlish,comment,NationalServiceSG,True,25,"Lim peh anytime can show up at anywhere, my pattern more than badminton can kill you with many style. That one no weapon counted hor.",negative
i6vhej5_0,short_comment,comment,NationalServiceSG,False,28,I am an Indian PR but i lived my entire life+education in SG haha. Ayy but grats on signal must've been a relief on posting day,positive
jo0kojk_0,medium_comment,comment,NationalServiceSG,False,85,"Alot different stories about gryphon, most common one was that a recruit commited suicide there long time ago at lvl 4 and alot of paranormal activities were encountered ever since (etc chairs and tables moving and dropping down from lvl 4 at night) Dark figures in corridors. Then the encik built an altar in the COS office ever since and gryphone has been shut down. But idk if true or nah, cuz its mostly reserved for specs that comes to tekong for exercises to sleep",neutral
mmcr0tf_0,singlish,comment,NationalServiceSG,True,13,1 Star head of BMTC just pulled up to tekong for engagement GG,negative
fzdu9gu_0,short_comment,comment,NationalServiceSG,False,10,cant wait for a survey about satisfaction of ns pay.,negative
hxf807i_4,medium_comment,comment,NationalServiceSG,False,80,"If you don’t remember your date of issue, you can check it on your digital pink IC on Singpass App. If you happen to be out for *whatever* reasons and you came in close contact with a COVID-19 positive patient for more than 15 minutes, you will be sent a Health Risk Notice (HRN). In the past, it is used to be called Health Risk Warning (HRW), but it has been changed to HRN a few days back.",neutral
jyztsl6_0,medium_comment,comment,NationalServiceSG,False,87,"itll be alright,   
factors include the timeline schedule of BMTC,   
\- Ask your sgts for days without highkeys (for your ma if you can reschedule)  
\- Plan for 8am or 8+ appointments or evening appointments   
\-> reason being ferries are available from 6.30am so if they kpkb and dont want to let you leave the night before theyll make you book out in the morning. ( but you will have to book in, in that case dont tell them what time you end, but tell them youll keep them updated.",neutral
mb0jj8x_0,medium_comment,comment,askSingapore,False,113,"BMT/Army was actually a ‘fun’ time.. There was a field camp once, on don’t know which hill in Tekong.. started to rain middle of the 2nd night,  so we were told to abandon camp, leave our tents and bag up there and run down, with SBO and weapon, the hill to seek shelter at the old medical centre (not sure old camp 1 or 3). So we all got into the medical centre which was without power, laid down to sleep wet and tired..maybe around 2-3 hours later, we were all woken up and told to hustle out to the verandahs while a headcount was taken as we exited.",negative
h57okdu_0,short_comment,comment,NationalServiceSG,False,4,Sure thing!! Thank u:),positive
j37f4t2_0,short_comment,comment,NationalServiceSG,False,3,left palms down 😩😩,negative
nsvulxd_1,singlish,comment,NationalServiceSG,True,211,"IMO, the more enthusiastic service men takes safety a lot more seriously then those who don't, because they follow protocol and don't cause bottle neck which in turn can risk causing safety breaches. ie, like in one of my in camp training life firing, a section tasked to mount target decided to skip instruction to speed up their work by moving into the life firing field when the first shot is fired, and although they're not even close, they're there in clear sight of the commander below the life firing area, and our CO need to call for cease fire, and just because of that incident, a platoon have already charged up the hill to take position need to run back down and this delayed our RTU by hours..

Also, those so call siao on solders? They really don't want to be wasting their time rotting rushing to wait and waiting to rush, so, when there are task to be completed, they do it quickly, finish it in good time so that that training can commence on time and they can RTU on time, and it's really those..  ""Don't be siao on"" ones that can cause safety breaches and delay and waste everyone time..",negative
ck8o8nl_0,long_comment,comment,singapore,False,317,"I *am* Muslim, though of a different bent than the State-sanctioned variant here (I'm Hanafi Sunni rather than Shafie Sunni as here), and I've also spent several years studying Singapore politics and history, and the conclusion I've come to is this:

By the 1960s, LKY had decided that he didn't like Malays or Muslims, in no small part because they drew community strength from each other independent of anything or anyone he could buy, threaten, co-opt or otherwise fold into his paternalistic, don't-you-*dare*-call-it-Mao-like national indoctrination programme. Hence, the current (and *highly* deliberately anti-Islamic) status of MUIS, which had heretofore been the Singapore variant of Malaysia's JAKIM, both holdovers from the British system. No other religious group has this in Singapore because every other major religious group contains a large proportion of either the ethnic majority, who enjoy *de facto* special status in Singapore, or by the relatively tiny Indian minority who have been either integrated into LKY's PAP or marginalised even further than the Malays have been. The result is almost a mirror image of the State of Israel: on paper, a democratic, pluralistic state where any citizen has the rights of freedom of religion, of assembly, of free association; in practice, a theocracy (in the case of Israel, where Orthodox Jews have absolute primacy, enjoying rights and immunity from obligations unavailable to non-Orthodox Jews) or, in the case of Singapore, either an anti-theocracy (specifically targeting Muslims, who conveniently are largely but not exclusively of an already-marginalised minority) or a ""secular theocracy"", if you will, where the forces of State media, the Ministry of Indoctrination and Regurgitation (mislabelled ""Education""), the National Service system, and various other organs of State power combine to ensure and celebrate the absolute rule of The Hereditary Autarch Lee Kuan Yew and His Cronies.",negative
1ews54j_0,submissions,submission,NationalServiceSG,False,4,Questions about signing-on!,neutral
d5hkc7_0,submissions,submission,singapore,False,5,NS enlistment on November 2019,neutral
h47wi5v_0,long_comment,comment,singapore,False,267,"Was in a company run by entitled rich kids who only managed to start up a company because they had funding from their parents/

\- Bosses regularly took leave every other week, but would get mad at employees for wanting to take their off-in-lieus they earned from working weekends. \- Bosses scold and humiliate employees in person/on group chat in front of everyone for not cleaning the dishes, when same bosses never do their duties. ( And then occasionally scold us for not doing THEIR duty for them)

\- They get angry at people for coming in late, but would come into the office at 12PM+

\- Fired an employee because she had severe depression, caused another to attempt suicide, and proceeded to mock both of them for their mental health issues

\- One of the bosses tried faking depression to get out of reservist

\- Illegally did not deposit one of the employee's CPFs on time, and failed to pay employee full salary

\- Casually was asking for documents/receipts to add into their accounting numbers for tax fraud. \- Fired another employee for not responding to a non-work related text on a weekend

\- Scolded an employee for needing to take emergency leave of their parent that had just suffered from a severe medical emergency. Told the same employee ""he needs to warn them ahead of when his father will get sick""

\- Made intern work until 3AM

\- Bosses petty dramas/fights will be pretty public and just ruined the overall mood in the office. \- One of the bosses had severe anger management issues on top of having zero common sense.",negative
gxpo70m_0,short_comment,comment,singapore,False,19,&gt; Actually you’re missing the point why quotas are important. would you support quotas in every industry then?,negative
kbdoosa_0,medium_comment,comment,NationalServiceSG,False,84,"You may consider to read the following 

https://www.reddit.com/r/NationalServiceSG/comments/14sylxh/tips_for_nsf_and_nsf_gf_who_in_a_relationship/?utm_source=share&utm_medium=android_app&utm_name=androidcss&utm_term=1&utm_content=2

https://www.reddit.com/r/NationalServiceSG/comments/tpdmuo/spf_enlistment_guide_2022/?utm_source=share&utm_medium=android_app&utm_name=androidcss&utm_term=1&utm_content=share_button

https://www.reddit.com/r/NationalServiceSG/comments/l7eyyc/saf_bmt_faqs_part_1_part_2_part_3/?utm_medium=android_app&utm_source=share

https://www.reddit.com/r/NationalServiceSG/comments/km5970/my_own_experience_in_ns/?utm_medium=android_app&utm_source=share

https://www.reddit.com/r/NationalServiceSG/comments/l52v5w/ptp_experience/?utm_medium=android_app&utm_source=share",neutral
1ofmace_1,submissions,submission,NationalServiceSG,False,31,"since i study overseas, i would like to book tickets back to sg for his milestone parade. he’s not sure when the date will be yet since its too early.",neutral
1fuckav_0,submissions,submission,NationalServiceSG,False,27,"SAFRA MEMBERSHIP DOESNT COME WITH GYM. BRO WHAT DA FACK, I went Safra todsy they say membership it only comes with fucking swimming pool????? Man oh man",negative
hipicfy_1,singlish,comment,NationalServiceSG,True,78,"But I strongly suggest u don’t MC at all cuz after you stick the first initial shitty feeling of being in army out and make friends, your time will be so fun fucking around with sergeants and being around each other. It really is super slack and they’re only a little more strict in the first week because they want you to get used to the lifestyle. After that, it felt like a secondary school camp",positive
jsu0rm5_0,singlish,comment,askSingapore,True,25,"In my time hor, 2.5 years hor, and when go Tekong we literally swim there without boat. For lunch we eat the tree bark.",neutral
gjcruhv_0,long_comment,comment,singapore,False,342,"just playing devils advocate here..

when i game i want to game, and most people get pretty competitive too.. mixing alcohol and tilted players is just a disaster waiting to happen

when i drink i want to heckle and sing.. sports is the best outlet for this, followed by ktv.. gaming wouldnt let me be as social as id like to be

rarely do these two scenarios mix, and even if they do, i wouldnt want to spend $100-200 recreating an experience i can get at home.. i dont think a gaming pub would be able to give an experience i would gladly pay for week in week out.. 

case in point.. if i wanna watch twitch, ill be in my underwear at home.. if i wanna socialise while watching twitch, theres discord and twitchchat, and maybe ill put on a shirt.. why would i gather a group of friends to go to a bar, pay premium for drinks and barfood, and watch twitch.. and if we wanna game, then it costs extra too for the same game i would have at home.. i also wouldnt want to lug my gear on a night out

target market of the 20s would be: in/just finish ns, in uni, just started work.. disposable income isnt very high in these groups.. and as you move to the late 20s, you would either be clearing off your student loan, or getting into a housing or car loan as well.. so your ideal patron would be high income, single, gamer, with similar friends.. not alot of people fit this description

also, in my 20s we would pregame with $20 dfs absolut or $5 kopitiam/7-11 beer before going to zouk or a sports bar to catch a late game, and then we would nurse 2-3 beers for the whole night.. thats the only way we could afford going out every week

tl;dr good luck with the business plan, i really mean it.. but imo, i dont think theres a gap to fill",negative
n0jbnet_1,singlish,comment,NationalServiceSG,True,16,I see my timings decreasing at a steady rate. Feom cutting 30secs to a whole min.,positive
n7342kj_0,long_comment,comment,NationalServiceSG,False,341,"Posting this assuming you're suffering from Adjustment Disorder

There is no pcc memo, if you're looking to downpes via mental health, you can:

1) Visit IMH and talk to a psychiatrist, tell them about your conditions etc, will take months for an appointment unless you A&E

2) Visit a private psychiatrist to write whatever memo you want, expensive but fast

3) Report sick in camp stating you're mentally unwell (might have to go through OO first) and whatever thoughts you have, you might get referred to IMH A&E dept IF you're suicidal, or SCC/Carehub/Dpph for counselling and PCC for a SAF psychiatrist appointment (take weeks depending on case severity, might reject you)

You might receive a short MC and a memo with your diagnosis and the psychiatrist's advice on excuses, request for a medical review in camp and hand the memo to the MO, from there he can:

1) Refer you to PCC, can take weeks to months for an appointment, it's same as reporting sick but more indepth talk to learn about you, after that you'll get your MC/excuses instantly and be boarded for a downpes / discharge

2) Board you straightaway for a downpes / discharge and permenant excuses, while waiting for the medical board MO can cover you with temporary excuses

For your pes to change / permenant excuse it requires the medical board to convene and accept your case, the medical board meets on the last week of every month to review all cases, after that you'll still have to wait a few weeks minimum to get posted out of Guards, if you don't pass BMT you'll have to rebmt at kranji in the future (assume downpes)

Worst case scenario is you're denied the downpes and might have to do a board in presence / PCC again if things don't line up, please don't lie about illnesses and symptoms just to get out of Guards, it won't help anyone. All the best",neutral
1jcosgr_12,submissions,submission,NationalServiceSG,False,41,"However, as much as I want to suck it up and take it head on. My mental health caved in and there are days where I get little to no sleep, even on weekends just with the dread of going back.",negative
fgfbl64_0,singlish,comment,singapore,True,19,There's alot of people who Chao Keng with migraines so it's slightly understandable but not right still,negative
1fb9hq0_0,submissions,submission,NationalServiceSG,False,30,Diet Capsule - SG It is a very good health product that will make you gain weight in a short period of time. Click the link below to buy the product,neutral
lb4cf2s_0,singlish,comment,NationalServiceSG,True,20,"oh sike, yeah regardless it's still OSA iirc for the intakes, we find out together when it happens lor",neutral
h8vgp81_0,short_comment,comment,NationalServiceSG,False,5,Just do your best ba :),positive
j0z3s6s_0,medium_comment,comment,NationalServiceSG,False,112,"Throwaway account; am a trooper in 9sir, ST service, part of the batch Ording next Feb. Personally, I feel alot of the experiences you experience depends on the individual PC; for example in my sector if you take MC the PC doesn't usually make u pay back unless you are a known CKW. As for 3-1-2, I haven't really experienced any cohesions on weekends, with the exception of family day which afaik is once a year. I believe 3-1-2 is only supposed to occur on off days that are on weekdays to begin with, and personally with the exception of family day this has been followed.",neutral
iwfn0b6_0,medium_comment,comment,askSingapore,False,82,"If he AWOL, obviously his parents will be the first few to be questioned on his whereabouts - apart from his immediate superior in his unit. Different case if guy default due to home circumstances - but that one is another matter all together. Never heard of 1 month BMT but it should something along the time of passing BMT with the minimum requirement of attendance + high key done (meaning the guy max out taking mc but still hit the requirement to pass out)",neutral
ewuo1fm_0,long_comment,comment,singapore,False,273,"if you are pes fit, 90% chance you will go into firefighter and getfked for 3-6 months depending on what you want to go

the rest of the recruits go into medic side ( dont think this id easy, training is way easier than firefighter but once you go station you see real shit, where as firefighter is getting fked on a daily basis for minimum 3 months if you wanna go station and 6 months if you are good enough to be a sgt, who may or may not be posted to station)
 and other vocations such as storeman, driver, and admin support

if you are not pes fit, congrats you have dibs on support vocations, and will get to enjoy stay out/no strenous training) 

there are quite a few posts on ffc/scc on this sub just search them, it was helpful for me

-currently into 2nd week of firefighting training after ooc-ing the first time( that's another story, pm me if you wanna know), and its getting hard to be really honest, just want to clear this trainee period and hopefully get station. all the best, recruit time got pointless punishements but 1 day in cda is 10 days of punishment in nsti, go in and clear smal milestones by milestones, dont think about ord so fast and countdown, you will feeel shit especially as people close to you ord/reservist, so take things slow, follow instructions and all the best:) if you need any help just pm me, will only maybe reply during weekends, as admin time in firefighter course is kinda little compared to nsti",negative
cyj5bia_3,medium_comment,comment,singapore,False,121,"So the question of an army being necessary at all is quite obviously Yes. Now to bring it to NS men, unless the government can make being a public servant in the SAF, SPF, SCDF more attractive, (They've already got very good pay and job stability but most people don't want a regimental job and bureaucratic management system), enough to supplement the manpower needed, we will always need NS men to bolster the numbers. The months of training which are a minimum of 3 for Basic, another 2 for the Less-fit intake and an additional 1-9 months of vocational training means that the time in which NS men are effectively working is already less than 2 years.",neutral
m71xhce_0,short_comment,comment,NationalServiceSG,False,4,Show pic of dxo 😂,neutral
gb3mtjg_0,short_comment,comment,NationalServiceSG,False,12,"As what the others said, call cmpb again. Keep on pestering them.",negative
jv9y6da_0,medium_comment,comment,NationalServiceSG,False,186,"Enlisted in 2021 but according to the letter 
[Items enlistees will need to bring]
1.IC
2.Education Cert of highest qualification(for enlistees studying abroad)
3.Photocopy of bank account or statement(open bank acc if not done so)
4.Health booklet(incl immunisation records)
5.Personal toiletries
6.Undergarments
7.Washing powder/detergent
[Optional Items]
1.Clothes hangar
2.civilian shirt/tshirt & trousers(1 set)
3.inexpensive watch
4.nail clipper
5.Swimming goggles
6.powerbank for mobile phone
7.charger for mobile phone

My BRT was in April 2021 so thinks may have changed but some tips:
1.Charger can bring but no charging during training hours(I.e when u not in bunk. My bunk mate was caught charging when my Sgt checked and we got scolded)
2.Watches rlly if u wanna check the time for the day to end or go cookhouse to eat(if not I suggest u just talk w ur platoon mates cause u still got 22months ahead)
3.You will receive quite abit of items, but the main ones are your rescue helmet, boots and uniform.",neutral
u7zqxy_15,submissions,submission,NationalServiceSG,False,44,"6. after briefing you about the surgery, the surgeon will then schedule a surgery date. prior to the surgery, there should be a pre-op consultation with a nurse. basically, the nurse will ask you a couple of questions pertaining to the surgery (eg.",neutral
mxicbts_0,short_comment,comment,NationalServiceSG,False,27,"its okay, it will all be over soon, we all know you mentally going insane, its okay man, it’s good to be vocal about your thoughts 💀",negative
1m85epp_1,submissions,submission,NationalServiceSG,False,24,"I did my re-search via Google but not getting quite a lot of information's. So, I would like to know more here.",neutral
j4zf6vt_0,singlish,comment,NationalServiceSG,True,43,"You could try using phone and take a standardized photo with white background after that crop it accordingly, just ensure it's smaller than your passport sized photos? Anyways, ATB. ( even more shiok if you're going as support staff and not cadet)",positive
ge57vay_0,medium_comment,comment,NationalServiceSG,False,91,"First of all, the lower tempo of trainings also known as safety time-out happened for a month or two, and has since then trainings been resumed with more safety measures put in place. I believe I read the news recently about 50% increase in more soldiers voicing out safety hazards / lapses, without fear of punishments or repercussion for doing so. But with that being said Safety is an individual responsibility and your commanders and peers can only look after you that much, you have to take care of yourself nonetheless.",positive
j9a5wd2_0,short_comment,comment,NationalServiceSG,False,55,"Yes you'll be allowed to book out for the entire PES BP except for the confinement period and the field camp period as it'll likely overlap with your weekend if you include the SIT Test. Also goes without saying, any guard duty or further confinement received as punishment will affect your bookout ability.",neutral
erwsr4l_3,long_comment,comment,singapore,False,319,"The Malay Civet was [said to be common in the Mandai area](https://www.nss.org.sg/report/e12c44d6-bThe%20Pangolin%201988%201%281%29.PDF) before 1969, there was a report of a sighting [in the Upper Seletar area in the early 1990s](https://www.nparks.gov.sg/sbg/research/publications/gardens-bulletin-singapore/-/media/sbg/gardens-bulletin/4-4-49-2-11-y1997-v49p2-gbs-pg-353.pdf), and in 1991, a Malay Civet was said to be [regularly seen foraging near one of the military camps on Pulau Tekong](https://www.nss.org.sg/report/4004fa20-2The%20Pangolin%201991%204%281%29.PDF). Unfortunately, all of these sightings were not accompanied by photographs, nor was there sufficient evidence presented to differentiate these sightings from the Large Indian Civet, a similar-looking species said to be present in Singapore as well. The only definite recent record of Malay Civet here comes from a camera trap placed in the forest in the MacRitchie area, which took [several photographs of what is believed to be a single Malay Civet](https://lkcnhm.nus.edu.sg/app/uploads/2017/06/2012nis079-081-4.pdf) over several nights in January 2012. So based on what we know, we cannot confirm that the Malay Civet was historically present in Singapore, but we have evidence of at least one apparently wild individual in the Central Catchment Nature Reserve. Besides Singapore, the Malay Civet occurs in [Peninsular Malaysia](https://www.ecologyasia.com/pdf/2016/seavr2016-019%28p036%29.pdf), Sumatra, and [Borneo](https://flic.kr/p/2bLQcPT), with populations in the Philippines, Sulawesi, and the Maluku Islands resulting from human introductions. **Large Indian Civet** (*musang jebat*)

The [Large Indian Civet](https://www.ecologyasia.com/verts/mammals/large-indian-civet.htm)  is similar to the Malay Civet, and can only be reliably differentiated by its larger size and by having fewer, broader rings on the tail.",neutral
dpg69cz_0,short_comment,comment,singapore,False,15,So lazy but gotta drag my ass to work to clear stuff before reservist zz,negative
dvx47a5_0,singlish,comment,singapore,True,62,"If is a flatcap that one properly some news reporter going to interview you about AHTC, so faster run. If is a sun hat it's probably some angmoh come here holiday because they heard is a ""sunny island""

If it's a tophat or fedora that one british ghost from the 1960s

if is a songkok then alamak, encik la sial",neutral
j14luwh_0,short_comment,comment,NationalServiceSG,False,27,"From your replies ,reasoning and general outlook on things, I think it's better for you to stay in army. Need to experience some hardship in life.",negative
hd3a67p_7,singlish,comment,NationalServiceSG,True,13,It’s within your control. The most important thing is don’t wayang.,neutral
htq3r1n_0,long_comment,comment,NationalServiceSG,False,251,"The individual of which you are listening to am currently replacing the current location to a different location  to remember this. A certain and definite article of which is a rest relating to a part that which is more whole between bmt as well as ocs that of which is present in this time currently replacing the current location to a different location  to be hell but the individual of which you are listening to will remember all relating to a part that which is more whole between to the individual of which I, another individual, am referring to has lazy fucking faces. The individual of which you are listening to am currently replacing the current location to a different location  to commission as well as the individual of which you are listening to am currently replacing the current location to a different location  to get a certain and definite article of which is a sword relating to a part that which is more whole between honour. As well as as to what time the individual of which you are listening to get to unit the individual of which I, another individual, am declaring to better pray to whatever god the individual of which I, another individual, am declaring to believe in referring to the specific and current subject matter of  the individual of which you are listening to am an uncertain and indefinite article of which is a man relating to a part that which is more whole between forgiveness.",neutral
e4ma3qr_0,long_comment,comment,singapore,False,322,"[https://www.straitstimes.com/singapore/courts-crime/ex-national-shuttler-ashton-chen-jailed-for-having-sex-with-underage-girl](https://www.straitstimes.com/singapore/courts-crime/ex-national-shuttler-ashton-chen-jailed-for-having-sex-with-underage-girl)

[https://www.straitstimes.com/singapore/courts-crime/bogus-teen-medium-duped-underage-girls-into-having-sex](https://www.straitstimes.com/singapore/courts-crime/bogus-teen-medium-duped-underage-girls-into-having-sex)

[https://www.straitstimes.com/singapore/courts-crime/two-men-jailed-separately-for-underage-sex-with-same-13-year-old-girl](https://www.straitstimes.com/singapore/courts-crime/two-men-jailed-separately-for-underage-sex-with-same-13-year-old-girl)

[https://www.straitstimes.com/singapore/courts-crime/driver-jailed-14-months-for-sex-with-underage-runaway](https://www.straitstimes.com/singapore/courts-crime/driver-jailed-14-months-for-sex-with-underage-runaway)

[https://www.straitstimes.com/singapore/courts-crime/ex-gang-leader-25-gets-28-years-jail-and-24-strokes-of-the-cane-for-underage](https://www.straitstimes.com/singapore/courts-crime/ex-gang-leader-25-gets-28-years-jail-and-24-strokes-of-the-cane-for-underage)

[https://www.straitstimes.com/singapore/courts-crime/3-construction-workers-jailed-for-performing-sexual-acts-on-same-underage](https://www.straitstimes.com/singapore/courts-crime/3-construction-workers-jailed-for-performing-sexual-acts-on-same-underage)

[https://www.channelnewsasia.com/news/asia/malaysian-man-ready-to-face-legal-action-for-marrying-11-year-10495572](https://www.channelnewsasia.com/news/asia/malaysian-man-ready-to-face-legal-action-for-marrying-11-year-10495572)

[https://www.channelnewsasia.com/news/asia/batam-child-sex-prostitutes-exploitation-abuse-singapore-10244372](https://www.channelnewsasia.com/news/asia/batam-child-sex-prostitutes-exploitation-abuse-singapore-10244372)

[https://www.channelnewsasia.com/news/singapore/saf-sergeant-jailed-for-sex-with-13-year-old-girl-9852490](https://www.channelnewsasia.com/news/singapore/saf-sergeant-jailed-for-sex-with-13-year-old-girl-9852490)",skip
gmp2u1o_0,singlish,comment,NationalServiceSG,True,25,Don’t bring so much because that’s what you will bring back during your first book out. Just bring the necessary stuff can liao.,neutral
kayl36c_0,medium_comment,comment,askSingapore,False,97,"38 M. 

Parents took us from HK + poor command of English = 8 years of primary school. NS+some trauma = another 2 years gone

Got into local Uni based on hard work before NS.. but poor self esteem + below average communication skills so I only started my first job at ripe old age of 29 (1 year after graduation ironically so that I can defer my reservist)

Fortunately for me, my family is doing well enough that they didn’t depend on me, and not well enough that I could rot indefinitely or run away to another country.",negative
splvde_0,submissions,submission,NationalServiceSG,False,7,Received a Mob Manning message from MINDEF,neutral
har22u0_0,short_comment,comment,singapore,False,36,"Scdf is civil defence force not jungle defence force... If anything, I'd argue that it's within nparks jurisdiction to extricate him out of the area to an area where scdf can pick him up.",neutral
i704fxe_3,short_comment,comment,NationalServiceSG,False,29,From here you will no longer be called platoons. They will address your group as a Rota. One rota has around 40 people (correct me if I'm wrong).,neutral
dob3h5l_0,medium_comment,comment,singapore,False,127,"Just because MINDEF makes you serve doesn’t mean the pendulum has swung the other way and you win the Oppression Olympics forever and ever. Some things are unfair to men, and some things are unfair to women - but going REEEEEE BUT NS every single time some woman even dares to suggest that she might be disadvantaged in some way or another is some grade-A what-about-me angst right there. Hell, it’s pretty much the equivalent of some lao uncle telling you to shut the fuck up every time you complain about NS because *in his day* he had it so much tougher, nowadays macam holiday camp, it’s your responsibility as a MAN to defend the country, y’all weak special snowflakes, etc.",negative
m7twbpu_0,short_comment,comment,NationalServiceSG,False,29,"Just do the 2 years. As a hedge between the UK and Singapore. The world is a bit uncertain now, the UK is not the most stable right now.",neutral
ck1okpf_2,singlish,comment,singapore,True,34,"My friend takes MCs anytime he wants and its paid for by 11B. 

So whos the sucker? Me, the siao on. Don't be a siao on. Nobody will remember you after you ORD.",negative
doknkas_0,short_comment,comment,singapore,False,9,And 166 days to ord. Fuck my life srsly.,negative
nvou04l_0,short_comment,comment,NationalServiceSG,False,24,Pretty common. Showering together and being in all states of nudity in army means everyone knows whos packing. Its always brought up as respect.,positive
kw64d5p_0,short_comment,comment,NationalServiceSG,False,8,Oh goddamn didnt know they finally changed it,neutral
ht44bof_0,singlish,comment,askSingapore,True,2,Reservist lor,neutral
md7olgw_0,long_comment,comment,askSingapore,False,351,"Experience from post-covid years:  
  
**Singapore**  
Good:   
\- Relatively clean (BUT toilets range from dismal in Nex/MRT/coffee shops/hawkers to good in hotels)  
\- Lovely greenery everywhere, and NParks is doing pretty well with biodiversity in parks  
\- Govt services (The apps, bureaucracy just works for most things)   
\- Healthcare (Moderately priced depending on your income, but bed capacity and waiting time is just mediocre for a global city)  
\- People (Friendly, easy to talk to if you speak English)  
\- Food (Excellent, varied, and reasonably priced if you avoid chain restaurants, malls, and posh restaurants)

Bad:   
\- Housing is just absurd for the middle classes and for anyone who isn't married under age 35  
\- Public transport (The actual public transport is pretty good, but getting more crowded than Tokyo, less connected, and it's quite unfair that cars get so much priority)   
\- National Service   
\- Bit boring if you like nature, history, culture 

**Tokyo** (technically my house is one station into Chiba but it's a 20min ride to Tokyo Station and I spend most of my time in Tokyo itself  
Good:   
\- Extremely clean (Toilets usable for a poop pretty much anywhere)  
\- Good parks, but more importantly fantastic access to nature (1 hour shinkansen to skiing, mountains, beach)   
\- Govt services (less convenient than Singapore, but I love innovations like the hometown tax which allows me to pay my taxes in rural areas in return for local products like seasonal vegetables, coffee beans etc   
\- Healthcare (Very cheap at point of use, generally short waits and high quality)  
\- Housing (Affordable even considering local incomes)   
\- Public Transport (World class; don't need a car ever unless you're in rural Japan)  
\- Food (World class Japanese, Italian, and French food at good prices, but slightly less varied)

The bad:   
\- People (not that they're bad, but there's more introversion and the language issue which make it less easy for a Singaporean like me to get close to - the trick is to join local community things like matsuris, climbing gyms etc)   
\- Salaries (Still very good relative to local expenses, but travelling overseas is expensive if you earn in JPY)",neutral
ew0z291_3,medium_comment,comment,singapore,False,87,"They will spend the first six years of their careers in various departments in the SPF to develop their investigation acumen, policy conceptualisation skills and leadership abilities. The MHA also introduced a new category of scholarship this year - the MHA Merit Scholarship (MMS) - which was awarded to two individuals under the Singapore Government Scholarship and Local Merit Scholarship sub-categories. The MMS is given to candidates who are passionate about contributing to Singapore’s safety and security in civilian appointments such as psychology, intelligence and commercial affairs.",neutral
4vml0s_0,submissions,submission,singapore,False,53,"A short qn about SAF express interest survey. I'm curious if anyone recruits from bmtc tekong has went all the way to express interest in ALL the vocations and command school? It sounds crazy, but honestly, should i do that or not, even though im someone who accepts regardless of what vocation.",neutral
idfq1el_0,short_comment,comment,NationalServiceSG,False,21,"NSF has no rights sorry. The moment you shave botak and enlist, your rights have been signed away for 2 years.",negative
hva4yzb_0,long_comment,comment,singapore,False,281,"SPF Bukit Merah 

[Shoplifting Part II](https://m.facebook.com/BukitMerahWestNPC/videos/1220000614869743/?locale=ms_MY&amp;_rdr)

[Beware of scam, +65 = overseas call](https://m.facebook.com/BukitMerahWestNPC/videos/scam-call-hang-up-stay-safe-psa-from-bukit-merah-west-police/665650507541525/)

[No friend will ask for your OTP](https://m.facebook.com/BukitMerahWestNPC/videos/-not-one-of-the-best-decisions-john-has-made-todayif-a-friend-asks-you-for-your-/342089087314315/?locale=da_DK&amp;_rdr)

[No bank will ask for your OTP. Only call their official number](https://m.facebook.com/BukitMerahWestNPC/videos/your-bank-is-trying-to-scam-you-will-you-be-anxious-and-give-all-your-details-aw/523561851914839/)


SCDF

[SCDF parodying the ""Is it because I'm chinese?""](https://m.facebook.com/40555400582/photos/a.10151687588450583/10155727913425583/?type=3),[RSAF also did it](https://m.facebook.com/236424069799458/photos/a.286774151431116/1909201395855042/?type=3)

[SCDF doing bottlecap challenge ](https://m.facebook.com/SCDFpage/posts/10156028750730583?comment_id=10156029324325583&amp;comment_tracking=%7B%22tn%22%3A%22R%22%7D)

[SCDF now acting sus](https://m.facebook.com/SCDFpage/posts/10157099119750583)

[SCDF on Fridays](https://m.facebook.com/SCDFpage/videos/10155047800705583/)

HDB

[Where to go for BTO sales](https://m.facebook.com/252840551409505/photos/a.966983546661865/3869023149791209/?type=3)


[Evergreen Suez canal, visit HDB portal for help](https://m.facebook.com/252840551409505/photos/pb.100064871460618.-2207520000../4588171167876400/?type=3)

[When you matched up with BTO](https://m.facebook.com/SingaporeHDB/photos/a.966983546661865/3868711893155668/?type=3&amp;theater)

[How to be a good neighbor](https://m.facebook.com/252840551409505/photos/pb.100064871460618.-2207520000../4043463255680530/?type=3)

(Shout-out to SPF Geylang for upping their meme game with this fortune teller meme)",neutral
1dj8bmn_0,submissions,submission,NationalServiceSG,False,12,"I've been graded Pes D since 2022, what should I do ?",neutral
lyctvuv_0,long_comment,comment,askSingapore,False,328,"Afterwards, they'll need to add additional features into the current system which costs money such as:

* Adding an option to purchase tickets to the first-class cabin through the ticketing kiosks or counter systems;
* Hiring staff to do regular ticket checks on first-class cabins to ensure the people on them purchased the tickets (like they do in Europe);
* Figure out a system to differentiate people who tapped into the gantry for an ""economic"" MRT ride rather than the first-class cabin when they use credit cards or EZ-Link to tap in (if you require people to choose what kind of ride they're taking at the gantry, it might cause congestion and you need to educate elderly on it, and if you decide to put an additional ""tapping"" system at the first-class cabin, then you need to allocate additional funds to add a tapping machine at every station or every first-class cabin); and
* Cleaners to ensure this ""first-class cabin"" is especially clean compared to ""economic"" cabins

There are also considerations like:

* One cabin with reclining chairs can realistically fit how many without people complaining ""The space is so narrow that when people recline, it invades my space"";
* If the only appeal is a reclining chair, for you to pay $4 more per ride, how many people would regularly subscribe to this mode of transport when the costs of living in Singapore are rising as time passes? End of the day, everything is about $$, whether is the government making enough money to justify spending tax money for a first-class cabin or whether are people able to afford public transport as an alternative means to own a car to save money due to rising costs of living; and
* If you can only fit a limited number of reclining chairs in one cabin, and it's peak hour, people might end up taking longer to travel as compared to just taking an ""economic"" cabin.",neutral
dqiah27_0,long_comment,comment,singapore,False,305,"Gong cha didnt want to open in sg themselves cos reasons

This company, RTG, be like ""gimme yo recipes and ingredients and imma run the shop in this other country for you and Imma give you some of the money""

Gong cha be like, sure free money

So RTG be like ""sweet thanks"", signed a form known as a contract allowing them to open gong cha shops for a set number of years and opened shops under the gong cha brand selling gong cha drinks 

What Gong Cha did here is called franchising and the same happened with stores like mcdonalds, KFC, Pizza Hut that sort of thing

Now years later the set number of years passed and the contract with gong cha expired so now RTG can choose whether or not to sign a new form with gong cha to continue doing what I said before

But rumours say that Gong Cha now wants a bigger cut with the new contract and that RTG wants to keep more of the money without gong cha

So now since RTG owns many shops and knows roughly how to get the supplies for bubble tea similar to gong cha, RTG decided to not sign a new form and opened a new bubble tea brand, LiHo where the old gong chas used to be since RTG still owned the leases for the spaces

But Gong Cha still wants to set up shop under their brand in sg to profit money so theyre doing basically what they did previously with RTG only now franchising to a different company which is what happened here

Tl:dr: company A open and take care of shop for company B overseas but then company A wanted the shop for themselves to keep more money so company B is now opening more shops themselves",neutral
k4xv8n9_1,medium_comment,comment,NationalServiceSG,False,186,"ie, if a commander tells you to walk, you walk, and a LTC comes by F\*\*ked you ask why you walk, you simply replied, our first instruction is to walk, and it's the LTC responsibility to go question the commander who gave the first instruction. if it's training, and walking is not in the syllabus, for safety reason, the second commander will still need to clarify with the first, as there may be circumstances that's not known to the 2nd commander..  and there may be reason in OP case the first commander thinks it's safer to walk then to run. Take for example if a commander knows of a hazard hot spot, and instate of long winded explanation, tells them to take a safer route, and walk carefully, then another one comes in..  Shout..  My grandmother can walk faster, you all better F\*\*king double up, and all start to run and someone fall down some pot hole? The first commander is in the clear, the 2nd commander who ask you to run will be in trouble..  But the point is.",neutral
lleworg_0,long_comment,comment,askSingapore,False,330,"When I was still in NS we were doing a route march (RM) during Bmt I think it was the 12km one, during the march I had pain and cramping in my left lower back but managed to complete the RM. Once back to coy line we were told to shower and head to sleep, but before I showered I went to take a piss and what came out was blood and lots of it, I immediately went to tell my sgt and he told me to shower and change into my admin. I changed and we went to the medical centre where they tested my urine and confirmed it was blood, so my sgt told me to pack my bag and change into my no.4 to take the fast craft out of tekong and head to CGH. Once we reached A&E around 1am my sgt and I waited for about an hour to see the doctor and he tested my urine again and again confirmed it was blood and just took a blood test and told me to go home. Few weeks pass and the bloody urine went away after 3 days and I suddenly got a text msg to go for a CT scan at CGH and I went for it took a 2 weeks to get the results and went back to see the doctor and he told me they found nothing and told me that I probably just strained my muscle. Mind you this was back in 2021, now in 2024 I was admitted to the hospital at KTPH due to gastric problems but when they tested my blood they found I had high calcium and high parathyroid hormone (PTH) (which causes kidney stones) and ultrasound and CT my kidneys because I had pain again on my left lower back , what they found in the scan was that I had 3 kidney stones on my left side 3mm, 5mm and a 9mm sized one.",negative
n5dsz75_7,singlish,comment,NationalServiceSG,True,44,"A lot of stations and your time to wayang like there’s no tomorrow if you are aiming for OCS. Or if you’re like others who just don’t want to go command school, you can just sit out by feigning an illness.",negative
1gbkaug_0,submissions,submission,NationalServiceSG,False,9,No handphone allowed? How is life at HQ ADOC.,neutral
lj1yeak_0,long_comment,comment,NationalServiceSG,False,259,"Not sure about the kind of question they will ask, but I believe the interviewer will be very casual and chill.. Likely want to know about why the interest in Army intelligence..  

Not sure if you've done any research on army intelligence, and there are difference between C4i and C4x a.k.a DSI. Army intelligence is actually the toughest among all OCS courses..  INTOCC is back and leg braking, with sleep depriving planning activities, and there are no female privilege (SAF first female ranger is a OCS army intelligence instructor) ..  But having said, it's one of the most fun combat vocation, as you get to receive combat pay but don't need to ""Chiong sua"" and although you will need to carry arms, but never need to actually fire a single shot, and the job may require you to lead a team of scouts for reconnaissance mission on foot or lead a team of drone operators, or become a staff officer doing planning. I have had casual conversation with a friend's female colleague who's a RSTA PC with a C4i battalion, and like you, she signed on with a degree and got commission as a LTA, and according to her, she's happy with the job, happy with the salary and welfare, and she don't mind staying in 5 days a week and working in a male dominated environment, like sleeping, cleaning, and relieving herself at the field, and even as a female, she still need to keep up with her male counterpart.",neutral
1om12gd_2,submissions,submission,NationalServiceSG,False,56,"For context, I am a 34 year old male, I am currently employed in Australia with a state ambulance service as a registered paramedic, and I have previous Australian military experience. I’m somewhat bored with my life, and I’m ready for side quests, new chapters and I am seeking a big life shake up.",positive
m4pf57z_0,long_comment,comment,NationalServiceSG,False,287,"yes whilst many NSFs are like craving to downpes to the pt of exit from service ie PES F

i wonder how many of them actually bother to think the ripple-down effect of PES F

if u want to next time join uniformed vocations in public sector, u can forget those cheong sua ones eg your red berets, SPF frontline or SCDF for example because security screening may not even be able to clear because not combat fit for service? and when u indicate your NS status in the app form when applying to govt sector (jobs/scholarships), bound to attract attention where u do expected to be/could be asked (be it out of curiosity or etc) by the panel why --> see whether u brave enough to scope your narrative and come clean abt your condition --> don't try to hide/skirt around because when at screening, there's every way to find out

not sure how far will the private sector hold to your PES F status for instance so someone who is more into this area of work may wan to chip in a few cents' worth of opinion

if say you come from very wealthy fam background + more or less got fam biz to fall back on,  
it may be on the tail end of your bucket list abt the PES status maybe? in my previous workplace (yes, there's a small team of NSFs that's under my indirect care), there's one boy who PES F and was discharged from service...but his fam background rich also, fam owns a food court chain in SG so pretty much the career path is already mapped out nicely for the quiet boy",negative
i862cle_9,singlish,comment,NationalServiceSG,True,124,"All in all, a spec for mortar Platoon is all about lack of sleep, shouting and screaming, preparing to get fk, low morale, outfield back to back, other platoons specs all sleep earlier than u cus u need plan (how many tubes to draw, which det doing first, how many tunnels we using, when can draw tubes, when can send tubes, where we deploying, where we aiming at, how many missions we doing, cat 1 plan, night mission safety plans, NAP night aiming point location, how many directors to bring, help troopers to align all the sights and directors, do store maintenance.) Overall, life at AI kathib camp will be 100% more shiok, once come to Bedok camp, prepare to get hammered all day.",negative
e2hq0hk_0,long_comment,comment,singapore,False,447,"Placed where you can't smoke: Omnibuses, private buses, private hire buses, school buses, and excursion buses 

    Taxis, private hire cars during paid chauffeured service, and trishaws
    Cinemas and theatres
    Amusement centres
    Clinical laboratories, healthcare establishments, hospital compounds , maternity homes, medical clinics, and nursing homes
    Indoor ice-skating rinks, roller skating rinks, and roller discotheques
    Public libraries, public museums, and public art galleries
    Halls, ballrooms, and function rooms when used for meetings, conferences, seminars, courses, and exhibitions
    Indoor sports arena, bowling alleys, billiard saloons, gymnasiums, aerobic centres, and fitness centres
    Banks
    The Supreme Court, the State Courts, the Family Courts, the Youth Courts, and the Tribunal for the Maintenance of Parents
    Offices and common areas of office buildings
    Factory
    Pavilions within any residential premises or building
    Changi Airport terminal buildings
    Queues in public places
    Selected air-con areas/facilities in private clubs
    Shops
    Washrooms, including mobile toilets
    Bus interchanges and terminus
    Bus stops, bus shelters, and bus poles, including any area within a five metres radius
    Swimming pools, including changing and shower rooms
    Stadiums
    Community buildings/centres/clubs
    Hawker centres
    Food retail establishments
    Entertainment outlets such as discotheques, pubs, bars, lounges, and night clubs
    Shopping malls and complexes
    Covered and underground pedestrian walkways
    Lifts and lift lobbies
    Hotel lobbies
    Markets
    Multi-storey and basement carparks
    Ferry terminals and piers
    Any area within five metres of ventilation intakes, external windows, openings, entrances , and exits to buildings where smoking is prohibited
    Playgrounds and exercise areas, including adjacent amenities for users
    Common areas in residential buildings (e.g. common corridors, void decks, stairwells)
    Covered drop-off and pick-up points
    Pedestrian overhead bridges
    Reservoirs
    Parks under the purview of Jurong Town Corporation
    Parks in public housing estates managed by the respective Town Councils
    Premises occupied by the Ministry of Defence (MINDEF), the Singapore Armed Forces (SAF), and the Ministry of Home Affairs (MHA)
    Educational institutions and their compounds, including kindergartens, child care centres, special education schools, madrasahs, primary schools, secondary schools, junior colleges/centralised institute, polytechnics, the campuses of the Institute of Technical Education, private education institutions, and autonomous universities, including any area within five metres of the school compound

List of areas where smoking is generally allowed*

    Beaches
    Residential Homes
    Private vehicles (e.g. cars), as long as no second-hand tobacco smoke is expelled
    (i.e. windows are fully wound up) in smoking prohibited places
    Open space in residential estates
    Open public spaces
    Open space in town centres
    Surface carparks
    Uncovered areas on the top deck of multi-storey carparks buildings
    Uncovered walkways
    Vacant land
    Designated smoking areas
    Approved smoking rooms at entertainment outlets, offices and Changi Airport
    Approved smoking corners at outdoor refreshment areas of food establishments",neutral
1iwzkjr_7,submissions,submission,NationalServiceSG,False,74,"I feel afraid to talk to my friends about this because i’ve been facing this same problem for such a long time and i don’t want to burden them with my constant complaints. No matter how i feel, I keep going with my life with a calm and cool composure and whenever he does talk to me i try not to make a big deal and savour the little time we have.",negative
10vsjmy_0,submissions,submission,NationalServiceSG,False,5,Signal spec scs pro term.,neutral
15vj5db_1,submissions,submission,NationalServiceSG,False,2,Title. Anything,neutral
k03ysw3_2,singlish,comment,singapore,True,55,"Knn. Thankfully since moved to an ang moh MNC, and because the company is monolithic compared to SMEs, any slack from guys going back for reservist is very easily manageable. Knn, even my supervisor keeps reminding me not to worry about work when I fuck off for reservist; just let him and the team handle.",positive
gwn1rp2_1,long_comment,comment,NationalServiceSG,False,316,"maybe you can consider to read some post that I have done up with regards to this

[https://www.reddit.com/r/NationalServiceSG/comments/ldohip/tips\_for\_nsf\_who\_in\_relationship/](https://www.reddit.com/r/NationalServiceSG/comments/ldohip/tips_for_nsf_who_in_relationship/) (tips on relationship for couple/my own relationship exp in NS)

[https://www.reddit.com/r/NationalServiceSG/comments/l52v5w/ptp\_experience/](https://www.reddit.com/r/NationalServiceSG/comments/l52v5w/ptp_experience/) ( my PTP in 2016 when I serve my NS)

[https://www.reddit.com/r/NationalServiceSG/comments/l7eyyc/saf\_bmt\_faqs\_part\_1\_part\_2\_part\_3/](https://www.reddit.com/r/NationalServiceSG/comments/l7eyyc/saf_bmt_faqs_part_1_part_2_part_3/) (BMT FAQs done by the mod team)

lastly if you have interested in my NS exp

[https://www.reddit.com/r/NationalServiceSG/comments/km5970/my\_own\_experience\_in\_ns/](https://www.reddit.com/r/NationalServiceSG/comments/km5970/my_own_experience_in_ns/)

you may consider to read the following links

[https://www.mindef.gov.sg/web/portal/mindef/about-us/saf-rank-insignias](https://www.mindef.gov.sg/web/portal/mindef/about-us/saf-rank-insignias) (SAF ranks)

[https://www.mindef.gov.sg/web/portal/army/home](https://www.mindef.gov.sg/web/portal/army/home)

[https://en.wikipedia.org/wiki/Singapore\_Armed\_Forces](https://en.wikipedia.org/wiki/Singapore_Armed_Forces)

appt holder in NS

Section Commander (SC) -&gt; 3SG in rank and take care of the section

Platoon Sgt (PS) -&gt; 2SG in rank and take care solider at a platoon level

Platoon Commander (PC) -&gt;2LT/LTA in rank. the officer in charge of the platoon

Company sgt major (CSM) -&gt; MSG/3WO in rank and the 2nd in command in the company

Office Commanding (OC) -&gt;  usually CPT in rank. the officer in charge of the company

Commanding Office (CO) -&gt; usually LTC in rank. the officer in charge of the unit or a school

hope that my comment can help you abit",neutral
ep2o6m5_0,singlish,comment,singapore,True,10,"Graduate from OCS 

posted to GDU as GDO

“Wah Sian...”",negative
edhl9d7_0,medium_comment,comment,singapore,False,107,"You may contact your unit to resume NS before your graduation, such as during the break between semesters. However, your return to serve the remainder of your NS needs to be completed in one go, i.e you can't go back on weekends/selective days like a part-time job. So if you have a month left on ur NS before officially ORD-ing, you have to serve that full month in one go and will be treated as an active full-time national servicemen during that month. Source: Myself, disrupted ORD by 3 weeks, went back to complete my NS during my uni semester breaks.",neutral
e7cyof0_0,medium_comment,comment,singapore,False,92,"Actually there are incentives - that's why they ask you to rate your meal at the cookhouse machines. But SAF twists it in its usual fashion, and guilt-trips / compels you to put ""very good"" or ""excellent"" for the food no matter what. &amp;#x200B;

Kinda sums up the SAF (and a large part of the civil service) - the policies developed on paper aren't too bad, but the implementation on the ground completely fails to consider the *purpose* of the policy, and instead force-fits results to meet a certain KPI.",negative
i51mzqr_0,short_comment,comment,singapore,False,54,"&gt; I've heard claims from my father and uncle saying that MINDEF doesn't hold documents from private doctors in high esteem due to the fear that richer people can dodge NS , while my friends say that this is all hogwash and either one is fine. Did they serve NS ? Quite the opposite...",negative
ey7iti1_6,medium_comment,comment,singapore,False,120,"&gt; You only need to look around us – and not too far away too – to recognise that the prevailing trends are towards intolerance, extremism and inter-religious strife. Even in countries where different groups have lived together for centuries, race and religion still remain sensitive issues which can be stirred up and exploited. For example, in Sri Lanka, Buddhists, Hindus and Muslims had a long history of peaceful co-existence; but since its independence in 1948, Sri Lanka has been riven by ethnic and religious tensions, conflict and violence. In the Philippines, where the divide between the Christian and Catholic north and the Muslim south is a deep and enduring fault line, which successive governments have tried hard to bridge.",negative
ls1366l_0,short_comment,comment,NationalServiceSG,False,17,"DO NOT, travel while wearing it. Bring it over and wear it for photoshoots, that is it.",neutral
kp503pe_0,long_comment,comment,singapore,False,341,"So far our investigations have not been able to reveal anything further, but I'm sure a kopi session by MSD with our source will be able to clear the matter up. Given that the US exported over S$34 billion in defence articles to Singapore from 2019 to 2021, I am sure you will recognise the grave dangers this presents for Total Defence, the safety of our National Servicemen, and our broader strategic and defence relationships around the world. I suggest the following remedial actions:  

* Ammunition Command and Army Maintenance & Engineering Support should conduct an immediate inspection of all SAF artillery and stocks of ammunition, particularly if US-sourced components (e.g. fuzes, primers, propellant charges, guidance kits) were used in their manufacture (i.e. nearly all of it);
*  Suspension of all unilateral and bilateral training with the American military and the recall of all of the RSAF's permanent training detachments in the US to reduce the opportunity for further acts of sabotage; 
* A Committee of Inquiry be convened by the Armed Forces Council to assess the extent of the American sabotage of Singapore's artillery and to re-evaluate our reliance on the US for military equipment (since we evidently can't stop procuring from the sneaky bastards);  
* Dr Ng Eng Hen should give Secretary of Defense Lloyd Austin a swift kick in the balls for his treachery on the occasion of their next meeting (it was unfortunate that we did not discover this earlier since Dr Ng's trip to Washington in December would have presented a good opportunity for this). Please also raise this matter at the next Cabinet meeting if possible; I am sure that PM Lee, as a former BG in the Singapore Artillery (Men of Steel, In Oriente Primus, etc) and alumnus of Harvard's Kennedy School of Government and the US Army Command and General Staff College at Fort Leavenworth, will be aware of the potential implications as well as familiar with this particular brand of American chicanery. Respectfully,

A Concerned Plebbitor""",negative
jpgtoes_1,long_comment,comment,NationalServiceSG,False,270,"I also do intervals, 400m x 10 at 1:36 per 400m track on the lap or around a 4:00/km pace with 1:36 jog on the spot recovery, I also do longer intervals 1K x 6 at 4:15/km pace with a 600m jog between sets (around 4mins at 7:00/km pace), I do this 2x a week but this is mainly targeted for 5K and 10K.

You may prefer to do 400m x 8 and 600m x 6 at whatever pace you're aiming for. Let's say you're aiming for a 12:00 flat, you want to run the 400m at 2min per lap and have 2min recovery (1:1 recovery is fine, if its too hard make it 1:2). For 600m, aim to run at 2:05 per 400m lap or 188s per 600m with 1:1 or 1:2 recovery. I also do a long run on Sun or Sat of 21.1K or more, but for the 2.4 and depending on how fast you want to do it, you can just do a weekly 5-7K on the weekend (the pace doesn't matter, just don't stop and enjoy the chill slow burn run). If you're aiming for faster times like sub 9 or sub 10, you may benefit even more from upping that to a 8-10K long run. Other than that, you can also have a mid-week distance long run where you run more than 2.4K at a chill pace but at 80% of the distance of the weekend long run.",neutral
ioeq6c5_2,singlish,comment,NationalServiceSG,True,59,Ofc this is if you are a perfect soldier and do all the saikang for your commander. Imo best if you wanna sign on is to go for SF alr cause the risk pay also higher. 56yo and 6k/month if you want a stable job and start a family with maybe just 1 holiday a year then sure.,positive
jieexx0_0,singlish,comment,NationalServiceSG,True,99,"Wah piang weh travel so many countries, the furthest I went was Australia siol and somemore is for exercise TRIDENT


Brother, when I still serving, 14 days battalion leave damn shiok weh, go Malaysia with your bunk mates fun af alr



You feel like you're trapped just cus u cannot fly to other countries lmao, then what about us the normies out here dude, I think another reason why u so frustrated is cus ur bunk mates probably dislikes u too, because u 100% give off the ""I'm rich af so don't talk to me"" vibes",negative
jbr9lt9_1,long_comment,comment,NationalServiceSG,False,252,"Their friend is likely the exception rather than the rule. There could be some confirmation bias involved based on this isolated case that they know of, and the old wives' tale that most if not all mental patients are ""siaolang"" who cannot live normally. For every mental patient I know who could not find a job *specifically* because of their condition and not because of unrealistic expectations or lack of skills, I know at least 10 others who are gainfully employed, in PMET, government (no, you do not automatically get barred from government jobs for having mental illness, only if your condition poses a potential risk in the applied role), and other professional / skilled positions no less, not the unwanted jobs - and this is also with me coming from a family with a long list of mental health history (and having practiced clinically in providing mental health support). Those who could not land a job solely due to their condition usually did not comply with treatment and thus had trouble controlling their symptoms, or were very serious cases who have not yet (or may never) stabilised. Not getting treated (or not complying with the prescribed course of treatment) is way more likely to hinder your employability when your symptoms become hard to manage. Also, barring a very few legal or security / job safety considerations in very limited scenarios, mental illness is protected information which you are not obliged to reveal unless you want to, and you cannot be faulted for hiding it.",neutral
dy95pdc_0,medium_comment,comment,singapore,False,157,"Hello there~ i enlisted in Jan last yr and this are some thoughts.....Bmt for me was the shittiest part of my life... cos we were the “new” scrubs under their control... just suck it up and joke about if with ur section mates until u pop and go unit, unit life initially will do the usual discipline regime shit for a week or 2 then after that is abit chill alr. Just do finish training and ur done for the day(most of the time), at first booking into camp feels like a pain, but after awhile it becomes a normal part of ur life. Try to occupy urself in camp by reading or watching movies so u won’t feel like its a boring brain numbing 5days... i finished watching more anime series in camp than during my JC... haha.. life will eventually get better in ur NS journey, minus the occasional shitty outfield... jiayous!!",negative
fgw14mg_0,short_comment,comment,NationalServiceSG,False,2,Haiz guys,negative
5vii43_2,submissions,submission,askSingapore,False,41,"SPF/SCDF

5.After my first 4 weeks spent at BMTC, they mentioned i will be sent to Sembawang Training Centre/Ordinance Engineering Training Centre/Airforce Training Centre. Other than the obvious Airforce one, what do the other 2 camps do?",neutral
jbwwx7j_0,singlish,comment,NationalServiceSG,True,85,"Bro, coma is not ""you sleep for X time"" then happy liao. Coma, if it is not induced, is usually the result of extremely traumatic brain injury or injury to the whole body, or the result of various infections. You don't just ""wake up"" from a state of coma, your state of alertness shifts on the GCS potentially for weeks on end, and even if you have ""woken up"", you are very likely to have lifelong disabilities. NS is the *least* of your problems.",negative
ijzy5a8_1,singlish,comment,NationalServiceSG,True,36,"malingering issit?"" just tell them you have recovered and your superiors gave you permission to run. Unless you chao keng and you are scared of your unit investigating you, this shouldnt be a concern at all.",negative
n2f5mt_0,submissions,submission,NationalServiceSG,False,26,Leave house after swab test negative. Can I leave my house after getting my swab test results or must I wait for my MC to end?,neutral
gnlxwh9_2,long_comment,comment,singapore,False,301,"PS: for retirees who are asset rich and cannot afford the increased property taxes in their very large old properties, they can opt to tenant out additional rooms, convert their land titles to LH to avoid the FH additional tax surcharge or even opt for a reverse mortgage to draw income from their wealth assets and let the next generation repay the reverse mortgage, which is normally at the low interest rate for property loans due to the a/m stable property tax regime to keep property prices in Singapore always stable and free from mad swings in prices etc. Retirees shouldn't grumble about the higher property tax rates for FH/ large landed properties because they must remember that by property value, they are probably the biggest beneficiaries of the SAF, Home team etc protecting their wealth with zero inheritance tax. As of 2019, budget for SAF, home team were $15.5B and $10.7B, despite massive costs savings from non-salaried service of citizens serving NS: these are very large costs and it is much more likely that the large sized dwelling is a discretionary item and due to Singapore's progress, their residences are worth much more now, thus the need for progressive property taxes, where by the top tier rates exceed that of the respective income tax bracket rates and the need for FH property tax surcharges to ensure the fair recycling of land for property uses in land scarce Singapore. [img]https://i.imgur.com/a9Oat0y.jpg[/img]
[img]https://i.imgur.com/tyFhmJK.jpg[/img]


[img]https://i.imgur.com/M2ztfiY.jpg[/img]https://thehearttruths.com/2013/09/23/singapore-has-the-lowest-wage-share-among-high-income-countries/

[img]https://i.imgur.com/5EIsCKi.png[/img]

[img]https://i.imgur.com/551LYgR.jpg[/img]",neutral
jrhnli_0,submissions,submission,NationalServiceSG,False,6,What are the navy deployment codes?,neutral
hrsa32w_0,long_comment,comment,NationalServiceSG,False,299,"Not an M203 gunner so i cant cover that but i took SAW JIT daily as part of my job scope and currently from what i remember just last december there were 8 JIT that we had to learn ourselves before we taught them. SAW JIT Its quite intensive and ultimately depends on how your unit decide to teach them but primarily as how i was taught
For EVERY single IA - first thing to do is SAFE, TILT, COCK, CHECK now the cocking part depends on unit some do it after check or through command some is you have to cock and check because SAW is an open bolt system so all AI other than double/half feeding your bolt will be forward. Check with your unit on this

8 IA from what i can remember
-Half/double feeding is the same Drill but considered as 2 IA
-One round in chamber
-Sluggish operation(one round per trigger squeeze and require cocking every shot)
-No feeding(loose magazine or magazine not fitted properly)
-obstruction and unable to cock fully(require assistance to unload magazine and cock at the same time) this is relatively new as during my time in NS i never had to learn this IA
-combat reload
-Empty magazine(End of practice)

Most of the IA is relatively easy to remedy it is the one round in chamber that can get tricky as you dont know if it is live round or not and during my time as lane safety i have seen at least 2 SAW ND because of round in chamber and the firer not checking properly
But all in all No worries man if you need more information feel free to hit me up i can assist you for SAW M203 not so much :,)",neutral
iufjwr7_0,singlish,comment,NationalServiceSG,True,3,Wah bang balls!,negative
hq9fn4a_0,short_comment,comment,NationalServiceSG,False,8,Wtf thats more than my 1 month allowance,negative
d4cwhgn_1,medium_comment,comment,singapore,False,172,"Be prepared to expect very bad life in 8 sir. stand by area,AFTER YOUR LAST PARADE,  90% of the days (until u are left with 15 mins of admin time); pumping position for everything that u do (YES LITERALLY EVERYTHING);  SIGNING EXTRAS for everything that u do/didn't do, never bring 11b sign extra, late book in sign extra, never cut fingernails sign extra, book out in the white admin socks sign extra, basically everything sign extra; If u didn't get silver for iPpt u have to stay back for RT every Saturday until the next iPpt test; sergeant treat every man there like dogs, even the dog in K9 is treated better than you; bad planning from incompetent training team which result in u having little admin time, 4 hours just to do force prep, clean arms for 8 hours; the MO there see everyone as a Chao Geng, the moment u step into medical office they talk to u like shit even when you are really sick.",negative
hy2x27v_1,short_comment,comment,NationalServiceSG,False,28,Gave me a shock as to how PCC handled my case. Because the people at SCC and IMH were an infinite times nicer compared to the PCC guy,negative
h1fr3og_6,medium_comment,comment,NationalServiceSG,False,92,"Now, selected troopers will be subjected to a further 3 or so weeks to be an IRT(In-Situ Reaction Team) trooper. IRT is essentially the ""special force"" or ""elite""  unit of Procom where the role during shifts will be literally foot patrolling around town area and CBD looking so fucking cool and upz in front of those OLs and tourists. The training for IRT will definitely be even more rabak than the already pretty rabak protective security course, where you will be expected to move, run, shoot and basically live faster.",positive
lv0d551_0,medium_comment,comment,NationalServiceSG,False,158,hi transport operator from gedong one time when I was a TOA(transport operator assistance) still new to camp at that time I used to sleep with 3 other guys beside this bunk with a buddhist prayer inscription at the top of the door and beside that bunk was a toilet. one time I woke up in the middle of the night half awake staring right at my bunk door I saw a black figure slowly walking across our bunk stopping midway at the door but i can’t tell if it was staring at me or not then continues to walk straight in the direction of the bunk beside. shrug it off and close my eyes 2 mins later I had to check who it was but no one was there and the toilet light wasn’t even on the next few days I found out the bunk haunted and that the room had to be cleansed,neutral
k6cg4p7_0,singlish,comment,NationalServiceSG,True,10,Bro what the fuck is this post fucking autistic leh,negative
g1szwu3_0,medium_comment,comment,singapore,False,83,"Sunscreen: [Anessa](https://www.watsons.com.sg/Product-Categories/c/1?q=%3AproductBrandCode%3AproductBrandCode%3A227800&amp;text=&amp;masterBrandCode=227800) Perfect UV Sunscreen Skincare Milk and [Bioré](https://www.watsons.com.sg/-uv-aqua-rich-watery-essence-spf-50-pa-50g/p/BP_85886) UV Aqua Rich Watery Essence and Perfect Milk

Cleanser: [DUO Cleansing Balm](https://duo-paa.com/cleansingbalm) with makeup, [Biore Massage Facial Wash Gel](https://www.ratzillacosme.com/skin/biore-ouchi-de-esthe-30-seconds-massage-facial-gel/) without makeup",neutral
letf30k_0,long_comment,comment,NationalServiceSG,False,526,"Good Day, Sir

So my experience in NS (it depends on your Pes Status so like example if your in Combat fit Pes A/B1 i cant say about it cause i in non combat fit type but other would type their experience as Pes A/B1) 

so for Pes C/E your BMT will be at Kranji Camp BMT Sch 5 is quite chill even the sgt also chill too you will be in 2 phase for 2 months 4 weeks will be basic soldiering and 5 weeks is vocational training (it depends on clearance, status, others but mostly RNG luck to get in which vocational there are SA, ASA, TO, INT) 

for BMT life is a lot of Admin time (free time) but in unit life it depends on which vocation and which unit did you enter. Lose your sanity. For my case i basically tank work (holding few roles at the same time due to chaokeng and lack manpower) so each day how i move forward is when less than 200 days mark i just see the light at the end of tunnel and just say i have xx days left and how many working xx days left that motivates me to keep going forward but just listen to your upperstudy and commanders then you will do just fine but how to maintain just switch off brain dont think just do unless you got a good tactics then use a bit brain for me i hybrid so like example hey (insert your name here) can help me do this xx stuff (if you know how to do just do it or teach them how to do it) then i just do when your 2nd year and nearly ord you will step down and let your junior run the show unless they chaokeng just do all the way like me

Rarity in non combat role if Pes A/B1 is very slim chance for C and below is guarantee non combat role they cant throw you into combat role 

By your personal background it depends if your in Pes A/B1 well good luck it is going to be hell but Pes C and below your good 

physical demanding it depends if Pes A/B1 is hella demanding but for Pes C and below is chill not much demanding 

Likely to say it depends on Pes Status if your Pes A/B1 then i would suggest to train up your stamina and muscles a bit (for me the ideal is that stamina able to push forward with a bit bulk muscles dont need over muscles it will hinder your stamina a lot so try balance it both stamina and muscles) for Pes C and below then you dont need this type of training and you will be quite chill and make friends during BMT and fun fact Pes C people some can be muscular than Pes A people so yea if your Pes C just take a chill pill and go with the flow with it see what wind takes u then unit just dont give a lot trouble then you will be fine",positive
1jo1zqd_1,submissions,submission,NationalServiceSG,False,22,So my friend who went around that dates have all received their pes. They also gotten pes D stated when they checked.,neutral
l4k1haw_0,singlish,comment,NationalServiceSG,True,12,HAHAHAHA. Knn stand in the train all the way to cck liao.,negative
fw98szd_0,medium_comment,comment,singapore,False,107,"I think the manifesto is quite balanced and WP themselves know which policy measures are actually possible and which are not. Probably the reason why its such a long and rather comprehensive list, as it gives them ammunition in the next term of parliament to push for the more realistic ones. I do see some of their suggestions intersecting with the PAP’s manifesto and what the previous term of government has done or promised. ( E.g. expanding COVID-19 testing, free/affordable vaccines, push towards renewable energy etc) It is probably an indirect way of saying they don’t disagree with everything but only certain policies.",neutral
lnuojl8_0,short_comment,comment,NationalServiceSG,False,11,The stay out I mean can every day go back home,neutral
15hw71b_0,submissions,submission,NationalServiceSG,False,85,"What snacks are we able to bring to tekong when enlisting?. I'm wondering what snacks/food that we can bring to tekong on the first day of book in (confiment week)

Was thinking of bring oreos and cereals in a container, still having second thoughts of bringing protein powder, some say might be confiscated as it might be mistaken for drugs? Anyone have any advice on the best foods to bring? Trying to stay in shape and retain muscle mass as much as possible.",neutral
kikpyq2_1,medium_comment,comment,NationalServiceSG,False,87,"**Green Uniform**  
Known as the Temasek Green uniform, used in the 1965 when the SAF was formed established, to the early 80s, every servicemen then would have at least 5 sets - 2 sets for use as No.3 for parades and office wear, 3 sets for use as No.4 for training. The difference between them was the shine that the No.3 had due to the starch (corn starch) that the uniform was soaked in, followed by very thorough ironing to make it square and stand.",neutral
glul2j1_2,singlish,comment,NationalServiceSG,True,12,"Lol. My time pt wise quite lepak, nobody gives a fuck. Lol",positive
12q33w7_0,submissions,submission,NationalServiceSG,False,5,ex wallaby is everyone going,neutral
mhvpr9e_1,long_comment,comment,NationalServiceSG,False,274,"something along this line..  But if you're army intelligence trained, then literally all arms involve intelligence gathering, like, infantry, guards, commando need reconnaissances, and SAF going high tech also involves a lot of army intelligence skills (Just my own thoughts), so in some way, your army intelligence qualification can take you to more places..

Since commando is in your list. IMO.. go with them, because culture is totally different from all other combat/c-support vocation where you'll get those usual politics and also NSF attitude are very2 different, as those in cdo/ndu are a lot more motivated, but having said..  cdo have 2 different forces..  this you need to do your own research..  and I am not referring to SOF which is another different thing where again, you need to do your own research..  

In terms of job satisfaction..  hearing from friends..  Hendon is where you want to be, because the kind of work and stuff they do are something that you cannot buy with money, , but in term of progression, cdo can be a lot slower compared to other combat vocation, because cdo need to go through a qualification course and while you're in the QC, your peers from army intel or armour already more or less next tour will be towards OC,, but for cdo, once you complete all the necessary courses, your progression can be like turbo charged, but that also depending on your motivation and performance, and one other motivation joining the CDO is they pay $1K+++ more then other vocation, but having said. NDU even more because of the ship boarding or submarine allowance.",neutral
hdhyeuh_0,long_comment,comment,NationalServiceSG,False,301,"Im not sure about the rest but i can give you info regarding driving course, but it might have changed already since it's nearly one year ago since i started the course

Summary of terms:
SBC = Sembawang camp
KBC = Kaki Bukit camp (near vicom)
SDC = SAF driving circuit (near Bedok north/reservoir/the ""sand dunes"" at Tampines)
KJC = Kranji Camp
XCD = X country driving
IWCD = Island wide driving 
SED = Skills enhancement drive
LR = Land rover
3T = 3 tonner
FE = Ford Everest OUV
5T = 5 Tonner

 BTT theory and test at SBC, followed by FTT Theory. Moved over to KBC for the FTT test, and proceeded to Height and Lashing (Height is where you take a pen and measure the estimated height of this adjustable pole using scaling, lashing is tying cargo with a rope onto the tonner floor) 

After that there is HSP (Highway Situational problems or something like that) where you have a toy car and have to react to various road situations on a simulated road. There are also driving and marshalling simulations in KBC

After that you will go onto SDC where you learn how to drive the LR, first is within the circuit itself before going out onto the public roads (Tampines area) and have an assessment to see if you are competent or not

After SDC your next stop is KJC whers you will spend a few days practising on the circuit and parking for the 3T. 

Sidenote: The gearstick on these mfkers are bloody pain in the ass to shift and the steering wheel is nearly impossible to turn if you're stepping on the brake pedal, so protip is just use handbrake

Anyways after KJC you will go back to SBC to continue practising what you have learnt at KJC and test there.",neutral
1kp8w0g_3,submissions,submission,NationalServiceSG,False,22,"Alternatively, is there anywhere that sells cheap stoves on Sunday? DG soldiertalk sells for $2.50 but it's unfortunately closed today.",neutral
hmd66ov_1,medium_comment,comment,NationalServiceSG,False,87,"On Dec 10, you can log in on NS portal to view your posting, I recommend do it in evening because morning and afternoon the website always down due to high traffic lol. Then on Dec 13, you will report to your new camp with all your items if you are stay-in. If you're one of those lucky ones to get a stay-out unit, they would tell you more on what to bring, but usually it's items that can fit in your daypack.",neutral
ptuh5s_4,submissions,submission,NationalServiceSG,False,17,Wtf man? If the regulars die is their problem they sign their lives but not us nsf.,negative
jduwbtx_0,short_comment,comment,NationalServiceSG,False,7,Salute for those who went to ocs,positive
r8dozs_0,submissions,submission,NationalServiceSG,False,3,[deleted by user],neutral
ddr3ulm_0,singlish,comment,singapore,True,6,Sometimes ur song training for ippt,neutral
dc5ybz9_0,long_comment,comment,singapore,False,385,"And maybe that's called being lazy but that's really all I know at this point. And teachers chase me and believe I have some potential but I'm just lazy and they all believe they can fix something and I end up disappointing all of them by submitting basically nothing especially because I can't work under pressure

Sometimes I don't even know what people require from me (My room is never tidy enough; my mom insists that ""organisation"" is achieved by shoving everything I have into a box even if that makes finding things literally 10x more troublesome and even if half the stuff in the pile isn't my shit; essays have gotten returned with a D because they couldn't read my bloody handwriting which I can read really well and I've been trying to improve for the past however long [my issues include motor co-ordination issues])

I've managed my money really badly in the past semester and as such I've been at a deficit of money for the past a while (my parents' policy is that I get a bunch of money per month and I spend that on whatever I want but I don't get anything over the holidays so basically I'm screwed) and I know I should get out of the house somehow but I need money for that or I need to get a bloody job but I don't even know if I can force myself to do anything for money and I'm fucking staying at home and rotting to hell right now but I don't know what I can do

I have this bloody complex because I'm bad at social situations (I have a hard time telling what people are feeling and when I'm speaking out of place or when I'm being inappropriate) that I have to try to be ""interesting"" (read: weird) so that I can find a niche to fill with people and that both makes it even harder to relate to people on a more equal level and puts me on the same level as the supposed posers who follow top 40 or whatever in music in that sometimes I don't think my interests are genuine or whatever.",negative
zu4774_2,submissions,submission,NationalServiceSG,False,31,"Thank you for serving the nation and doing your part. To those who are having your rest day. Do enjoy your long weekend :) 

I wish you and your family good health 🙏",positive
e046hov_0,singlish,comment,singapore,True,18,"How determined are you to sign on. If you really want, ord liao then go back sign on",neutral
mhoul31_1,medium_comment,comment,NationalServiceSG,False,87,I’m not too sure about the specifics of your vocation cuz I’m from transport supvr but this is what our Enciks told us when we were still tgt with the supply side during stscc. I also heard that your batch will have to do driving course as well even though you’re supply supvr but I can’t really confirm that so take it with a grain of salt. Feel free to pm more questions if you want I’ll try my best to answer!,neutral
q95i4n_0,submissions,submission,NationalServiceSG,False,55,"Highly likely possible theft case?. Ok so to boil it down simply im at fault for leaving my wallet unattended for more than 1 ocassion and i will definitely not do it again, but just earlier today i found out a transaction was made from my debit card to some garena games on 14th october.",negative
gk17x2o_0,short_comment,comment,NationalServiceSG,False,12,"SCS is like bmt 2.0, combat unit rlly differs by unit",neutral
h1ctafa_0,short_comment,comment,NationalServiceSG,False,9,CBT MEDIC at Nee soon camp. How is it?,neutral
i46um4s_0,medium_comment,comment,NationalServiceSG,False,104,"TLDR: medics are men/spec, thrs no occifer 

It’s generally stay in as you will be posted to your respective units once u finish your medic course. It will be stay out* if u are posted to a medical center. But u may have duties if your medical center is a 24hrs one which means u need to stay in (can be over the weekends) 

And No, u cant go ocs and be a medic unless u ooc ah then yes LOL 

There’s this unknown rule where if u ooc frm ocs u will have a high chance of being a medic.",neutral
dv589hs_1,medium_comment,comment,singapore,False,84,"If our first taste of working life in the army is to learn that it’s all about not sticking our necks out and to take credit for other people’s work, I wonder how much of that translates into normal working life later? Based on my decades of working in the private and public sector, I feel is that the attitudes in the local corporate and government aren’t very much different from what I’ve experienced in my NSF and reservist days.",negative
jm1o5gf_0,short_comment,comment,NationalServiceSG,False,21,"Your disruption should be approved already at this stage :)) Unless you fail the FFI, don’t worry!! Atb for Med sch :)",positive
15lao61_0,singlish,submission,NationalServiceSG,True,15,What are the most Siao Lang stories you've heard/experienced first hand in NS?,neutral
jggo10m_0,medium_comment,comment,NationalServiceSG,False,90,"my homie, you’re wasting valuable brain cells that you need to save up for BMT on just a simple decision. Literally cop a FW-91 or something along the lines of that at any emart, or mama shop downstairs for less than $10, and the trade off of being able to tell the time during outfield / courses and just anytime you can’t have ready access to your phone will override the cost of it. It’s 1.5% of your monthly recruit’s pay, just go for it.",negative
h5y6j35_4,medium_comment,comment,singapore,False,114,"You’ve got the dudes that know to just suck it up and don’t complain because they are just a pawn in the system….. 
then you got the families that can’t help but worry, who can’t come to terms with the fact that it’s out of their control lol. As cliche and lame as it sounds, I was really looking forward to going through the quintessential first enlistment experience.. including the camp tours and the lame tearful goodbye… only for him to come back and I’ll be like “huh cb so fast ah” but COVID19 has made this impossible. :-( I could go on and on about this, but yeah :’-)",negative
1451jvi_0,submissions,submission,NationalServiceSG,False,27,How is life in fast craft training unit?. I recently got posted to become a naval warfare systems operator (FCO) ~ which I believe is fast craft operator.,neutral
l5p63mc_0,short_comment,comment,NationalServiceSG,False,29,"Just to add on, first IPPT almost everyone will struggle and passing rate may be lower. So don’t worry too much, follow the programme and trust the process.",positive
hyhz3rk_0,long_comment,comment,NationalServiceSG,False,323,"Do not underestimate the power of a common man...we did not lose the war to japan because we were incompetent..we lost the war because we were ill prepared..if anyone were to mess with your mother or sister and say come go to bed with me...i will show you a great time...will you pack up and leave or fight till the end?For those born in singapore , for those who grew up in singapore , this is your motherland...as such do not once think that others will come to take the fuckings the enemy is going to give you...you need to fight and free your country from any aggression from anyone...the problem is you do not even bother to know what is the story behind the name of your estate...you are not bothered to know about your country but you want everything from it? Fleeing when a situation arises is easy to say but reality will explain that it will be nearly impossible...why are you in national service?why is there national service?ever wondered why no one wants to invade switherland?We were told that we will be outnumbered as we do not have numbers as the enemy...but we had great leaders who told that its about quality and not just quantity...as such to train each soldier with quality and to be as good as 3 soldiers....we need to believe and we will survive...we need to train so that we can be competent and current...if we choose to ignore or dream that nothing will happen to us...we will lose everything again...we surrendered on 15th Feb...and went through hell....for those who do not know what this hell ia about...go and find out..for then you will know..every inch of this country has the blood of all who fought for us...never forsake your country...",skip
m5d8euj_0,singlish,comment,NationalServiceSG,True,16,"Sorry lah I didn't know mah, I only saw got WiFi when I entered unit.",neutral
gasclpp_0,singlish,comment,NationalServiceSG,True,61,"Yeah 180

Tbh, he always flagged up that he wanted admin work, so he could play national soccer, so he lucky lor. Plus, I believe psycho is only for GRF, so yeah, we are all very confused over why a number of gold medalist go to NSOSO (I think out of our 9 gold's, only like 4 went to frontline)",neutral
upulxb_116,submissions,submission,NationalServiceSG,False,18,You won’t be hearing knn every 2 sentences. They don’t even swear when they scold you.,positive
my15cbl_0,singlish,comment,singapore,True,7,He dont know what is chao keng,neutral
1em9lto_0,submissions,submission,NationalServiceSG,False,7,Anyone know when is the next intake?,neutral
fpi6t94_1,long_comment,comment,singapore,False,289,"Made me think hey when us Singaporeans look at those horrid conditions why isn’t our first reaction “fuck they’re def being exploited, nobody should have to live like that”

And it’s frustrating bc yes low-productivity based growth + lax enforcement/legislation due to a pro-biz regime are structural economic and governance problems — but I think there’s also this underlying interplay w how sg society sees itself

I remember the lianhezaobao letter about how the woman wrote about growing up in a tiny hdb flat but learnt how to keep it clean, and then compared it to the dorms

It’s a v “i learnt how to make the best of my circumstances, you gotta do it too” — and it highlights this culture of what i feel is resentment+acceptance

And talking to my parents etc who’re in the silent boomer majority, that’s how they feel about it too — the whole “even Singaporeans aren’t allowed a minimum wage”, “everyone just deals w what they’re given” etc, this lan lan suck thumb attitude

Most in the silent majority don’t realise (1) their experiences of suffering are similar yet starkly diff from the migrant worker community bc of the diff power dynamics, but also (2) resenting+accepting personal suffering as a way of dealing w things prevents us from moving towards progressive things like minimum wage, greater equality, lgbtq recognition etc

It worries me bc it feels so much more insidious, like even if one day we magically had more (imo) enlightened leaders, Singaporeans would be too fond of “resenting+accepting” that they’ll go down the “I suffered so you must suffer too” route. Just look at shortening NS for example.",negative
n5b7yq6_0,short_comment,comment,NationalServiceSG,False,18,I’ve thought about too. But reporting to the military police isn’t as simple as it sounds.,neutral
tvezwg_1,submissions,submission,NationalServiceSG,False,48,"As the title says, I've not lived here for the best parts of my life, so the culture is very different. Is there anything anyone recommends for me to do, anything I should bring for certain, anything I should expect, what sort of experience would I get?",neutral
ns17r9_0,submissions,submission,NationalServiceSG,False,9,Will you get down pes from excuse stay in?,neutral
gllfrbv_0,long_comment,comment,singapore,False,270,"In terms of military might defintely since you are not fighting a real war in a coup. You just need to secure a few key installations and people (Parilament, PM's and Cabinet's Minister house, Mediacorp HQ etc etc) which will actually be easier to do in Singapore than Myanmar since we are so small and everything is so near. However whereas the SAF have the capability to do it, it is extremely doubtful that they have the will to do it since insitutions here in Singapore are much stronger compared to a country like Myanmar which have basically been under Military dictatorship for most of its existence unlike us which have been under complete civilian rule throughout our entire history and have 0 history or tradition being under military dictartorships. The army's heavy reliance on conscription also makes it much harder for ambitious generals to buy loyalty from soldiers (to execute a coup) and to keep a coup attempt under wraps since nsfs are drawn from all walks of society (and are all trying to ord) and are thus highly unlikely to be loyal to a specific general/junta in the event of a coup unlike soldiers in thailand/myanmar who are probably more dependent on the military for their livelihood. Tldr SAF def have the physical capability to do it but its extremely difficult for a SAF junta to form thanks to our strong insitutions and the conscription-reliant nature of the army making it very hard for SAF generals/junta to get the loyalty of Saf troops (ie NSF) if they ever attempt a coup.",neutral
g0b8bws_0,long_comment,comment,singapore,False,318,"This is hardly surprising. On top of the ""get these foreigners out"" narrative (defended by distinguishing between ""lawful"" and ""lawless"" foreigners), CY has previously expressly stated positions such as:

* ""globalisation is an extreme evil perpetuated by greedy globalists in every country who want to see cheap foreigners to work for them"" and belief in globalisation ""shows great lack of intellect in its adherents"" [link](https://www.instagram.com/stories/highlights/17925771430395659/)
* foreigners who break the law will immediately have their pass revoked and deported [link](https://www.instagram.com/stories/highlights/17925771430395659/)
* national service should differ for men/specs/officers (1 / 1.5 / 2.5 yrs), officers should be chosen based on knowledge of military doctrine (i.e. before you go to OCS, you need to have this) [link](https://www.instagram.com/stories/highlights/17925771430395659/)
* close down SAP schools (he has also publicly said that Raffles / Hwachong / VJC should be closed down because the majority of students there are ""social darwinists"" who believe that the poor deserve to be where they are and do not deserve help) [link](https://www.instagram.com/stories/highlights/17925771430395659/)
* LHL and HSK have prostate cancer and lymphoma / a stroke respectively because they ""partake in oppression"" [link](https://www.instagram.com/stories/highlights/17868554494617847/)
* Generally, if you work for an MNC, that is morally impermissible [link](https://www.instagram.com/stories/highlights/17868554494617847/)
* pro-PAP regime malays/Indians are wealthy persons who fancy themselves Chinese and have sold out their community [link](https://www.instagram.com/stories/highlights/17872885252551877/)

I don't have time to rifle through everything but he has made many other similarly extreme statements in the past; you can judge these for yourselves. He does put in a lot of thought into sociopolitical matters regularly and there are some worthy suggestions in there, so I guess we each have to decide if we want someone like this in Parliament.",negative
j9y75zb_0,singlish,comment,NationalServiceSG,True,24,Honestly hor it seems like ur beef is with ur family or yourself. If u dw to serve u could have escaped long ago.,negative
i7tdq06_0,long_comment,comment,askSingapore,False,275,"mine's the opp, my parents are the manual-skill worker group, no education (one pri sch level, one N level).. dad started a construction company when I was in upper Primary, and went bust once I enter Sec sch (-\_-) due to poor management.. lost the family home to the bank cause can't afford to pay the loan after the company went bust.. never had any chances to go for any enrichment programs, CCA activities that cost money and I was the only one in school (for my batch) who didnt went for sch's overseas trip..

parents got divorced due to that and some other reasons, which caused me to have to purchase a 2-room flat at the age of 30 because my dad can't continue to rent from HDB because my pay hit the ceiling.. he's working now still through (in his early 60s) and I'm planning to start giving him allowances when he reaches 65 (I didn't give him when I started working cause I was the one handling all the rent, electricity and water bills and other misc stuff) after I have finished paying off his 2xxK worth of debt in 2 - 3 years time..

tbf, I can't come to terms with it cause my younger bro got into a diff route, only started working in his late 20s (like 28), after going thru ITE, Poly, NS and uni, and is currently having a better life than me (happy for him but I do get angry with my dad alot because of this) as he's with my mum and not my dad..",negative
1mzxan2_0,submissions,submission,NationalServiceSG,False,3,🇺🇸🦅CALLING ALL PATRIOTS🇺🇸🦅,positive
je7xfhy_0,short_comment,comment,NationalServiceSG,False,2,STAYOUT ASA,neutral
i8sxz1o_1,singlish,comment,singapore,True,25,In the meantime I had to go to my new unit and everytime I explained my condition I was laughed at. Dismissed as Chao keng.,negative
iudsgsb_0,long_comment,comment,NationalServiceSG,False,258,"Excerpt from Chapter 295 Singapore Armed Forces Act 
-

The following persons shall be persons subject to military law and this Act shall, subject to such exclusions or variations in relation to non-uniformed servicemen as may be prescribed, apply to them: 

(a) regular servicemen and full-time national servicemen in the Singapore Armed Forces from the time their liability to report for enlistment or service arises until such time as they are lawfully discharged or released; 

(b) operationally ready national servicemen from the time that they are ordered to report for enlistment or service, whether they have complied with such order or not, and while in uniform or performing service in the Singapore Armed Forces or the People’s Defence Force pursuant to section 14 of the Enlistment Act (Cap. 93), and while called out for mobilised service pursuant to sections 16 and 17 of that Act or when called out to duty in aid of the civil power; 

(c) all civilians who are in the service of the Singapore Armed Forces when engaged on active service; 

(d) all civilians, not otherwise subject to military law, who are followers of, or accompany, the Singapore Armed Forces when engaged on active service; 

(e) officers and soldiers belonging to a Commonwealth or foreign force when attached to or seconded for service with or otherwise acting as part of or with any portion of the Singapore Armed Forces; and 

(f) volunteers during the period that they are ordered to report for service, whether they have complied with such order or not. [",neutral
ds5qd1d_0,short_comment,comment,singapore,False,60,"Military Police

Pros: Mostly 8-5 duties everyday (Can go home and spend more time with family, girlfriend, friends etc)

Cons: Uniform must be top-notched (Kiwi your boots, iron your uniform everyday)
Some sub-units are mentally stressful (e.g guard duty every 4 days, its really tiring because you have to do 12hrs)

Feel free to add on",neutral
kwg3o3p_0,long_comment,comment,askSingapore,False,262,"I think the whole stereotype about the Sarong Party Girl and Pinkerton syndrome, can at least in part be understood as an artefact of Singapore in the 1970s to 90s and its interaction with Western expats. Most Singaporeans then would likely not have had a University education, and even if they did, almost certainly had parents that did not. Western expats, on the other hand, were mostly male and held senior management positions, and were relatively highly educated and well-travelled compared to the Singaporean of that era. The western expat then, was at once then seen as both an object of envy in terms of their powers of material accumulation, and a corrupting influence of an outsider with values that differed from what tradiational SIngaporean society was prepared to accept. The resentment of the western expat of course, is of course, further exacerbated by the sentiment that they were the privileged class in Singapore - where Singaporean men had to do NS, they did not; where Singaporean men had fewer opportunities for further education, they had plenty. The Singaporean woman who then chose to eschew relationships with other Asians for relationships with white men were then seen as not only betraying their kinsmen for an evil corrupting influence, but also to have done so out of a certain internalized resentment towards their own cultural upbringing and family, It was assumed that they saw the Singaporean world that they left behind as parochial, conservative, patriarchal, improverished and poorly eudcated, while seeing the world that white expats inhabited was seen as proggressive and cultured.",neutral
lmqdcq2_0,long_comment,comment,askSingapore,False,303,"I'm now in NS and people in my section who I thought I could trust makes me feel betrayed as they gossip behind my back yet actually so ""brother"" to me... 

Before I enlisted I sent a long message to a few group chats to tell them how I feel neglected and I'm always the one trying to meet up, initiate group or individual hang outs etc. I felt drained and I wish I have good friends from secondary school and poly to travel with but I'm one of those that did not have this privilege, not because of money because I have that but because of the lack of friends that will plan with me and show genuine care. It's understandable they are busy and all after poly graduation, but the few months before I enlisted makes me feel that I don't matter at all... 

They all have other better friends they post on social media and I saw them enjoying Japan, Korea together while I only travel with family because yeah maybe I'm friendless :/ I do have close friends I chat but maybe they don't have budget or wanna trust me to travel with them and it sucks, I put in so much effort already and I can guarantee I'm that friend ppl wish they have when they are at a low point in life. So yeah I am still figuring out my path as a fresh young adult and maybe in unit life or university I can find ppl that will invite me to events, ask me to travel with them or just be a good friend by reciprocating my efforts... It's really hard to find friends now as I missed the boat in secondary school due to bullying and all...",negative
mdxo6s9_1,singlish,comment,NationalServiceSG,True,19,"If they can’t refund u or anything, just use the membership lor. The safra got lot of benefits.",positive
j0pg2xt_0,short_comment,comment,NationalServiceSG,False,6,Was the food always that bad,negative
11c9h81_2,submissions,submission,NationalServiceSG,False,29,Any advice on how to deal with this shagness/sianzness? Context: My next block leave is not any sooner and my superior is unlikely to grant me additional offs.,negative
fddn8bx_0,medium_comment,comment,NationalServiceSG,False,95,"BMI above 27 (overweight) will be classed as PES BP during your first medical check up at CMPB. If it happens that you manage to bring your BMI below 27 after you are classed PES BP, you will then be called for another review at CMPB where they put you probably PES B1/2 etc. 1) If you’re PES BP, your NS will still be 24 months, just that you have 2 extra months of PT and will enlist that 2 months earlier than those PES A/B. Your BMT is 19 weeks total.",neutral
fholqx3_0,short_comment,comment,singapore,False,23,or maybe I was sleeping? I would have thought they would mention his name at least once during those countless lectures in BMT.,neutral
jv8v9e5_0,short_comment,comment,NationalServiceSG,False,44,"not sure trolling or what but why is there a need to wear that? there are no laws against nsf/nsmen that they cannot wear their uniform off duty, prob only applies to spf nsf for some particular reasons but that’s about it",neutral
fbx12b_0,submissions,submission,singapore,False,21,"First time IPPT since ORD.. ORDed last year. I have IPPT booked at Maju FCC this week, and have several questions.",neutral
da6lqu3_0,long_comment,comment,singapore,False,350,"Yeah, sure, there were *so many of* those gay sexual abuse cases in the news, right. Just this year I remember:

[The gay guy that pretended to be a cop and then gay raped a woman having gay sex with her boyfriend in a stairwell](http://www.straitstimes.com/singapore/courts-crime/police-nsf-who-abused-authority-to-rape-teen-gets-18-years-jail-15-strokes-of)

[The OTHER gay guy that pretended to be a gay cop and gay raped teenage girls in stairwells](http://www.channelnewsasia.com/news/singapore/pizza-deliveryman-on/2812364.html)


[The gay employer that gay raped his maid](http://www.straitstimes.com/singapore/courts-crime/first-conviction-in-singapore-of-employer-raping-maid)

[The gay lifeguard that gayly raped another woman at Tanjong Beach Club while she was drunk](http://news.asiaone.com/news/crime/ex-lifeguard-accused-raping-drunk-woman)

[The gay man who raped yet another lady three times in public the middle of the night, in an extremely gay way](http://www.straitstimes.com/singapore/courts-crime/man-accused-of-raping-woman-3-times-in-20-mins)

[The five gay teenagers that gang gay raped a gay drunk lady in a hotel room](http://www.straitstimes.com/singapore/courts-crime/2-of-5-youths-accused-of-gang-raping-girl-jailed-and-caned)

[The gay student that gay pimped out and had gay sex with underage girls](http://www.tnp.sg/news/singapore-news/he-groomed-exploited-raped-underaged-girls)

[The gay son that gay raped his gay mother](http://www.tnp.sg/news/singapore-news/mother-allegedly-raped-son)

[The gay crane operator that had gay sex with a 12-year-old girl after meeting her online](http://www.channelnewsasia.com/news/singapore/39-year-old-crane/2472666.html)

[The gay guy that went to a gay new year's party with his gay wife and then raped another gay lady while there](http://news.asiaone.com/news/singapore/man-jailed-9-years-new-year-rape)

Do you want me to go on? Point is, fuck your stupid myopic cherry-picking",neutral
hozodyt_1,singlish,comment,NationalServiceSG,True,71,"Anyways you can fail IPPT in BMT all the way and you won’t kena extra training on weekends, at most only kena after last parade on a weekday. Weekend trainings from not meeting IPPT standards is only for when you enter unit. I mean that’s from the perspective of just being a man, if you wanna go SCS/OCS then poke yourself now so you can max effort BMT.",neutral
mt8kgnv_2,medium_comment,comment,NationalServiceSG,False,96,"Then go for SYFC :) Learn about all the different parts and functions of a plane, rudder/air brakes/flaps, be curious about the insides out of the plane, why flaps are used in certain situations....It's alot of work if you want to be in the aviation world. But this is what it takes to get there. If you think studying these are tiring, then aviation is not for you....You need to be at the standard of being able to memorise a whole book of aviation laws and apply it within minutes when asked.",positive
ji8yimx_0,medium_comment,comment,singapore,False,133,"Yawn, what’s new, most of them foreigners get citizenship for the benefits, old age healthcare, visa free travel to so many countries, ability to buy properties, access to good education globally for their children(try Tiong passport to apply for US universities nowadays vs sinkie passport and you’ll know) 
 
Anyone who thinks they care about Singapore or sinkies are dumb, and dumb as fk. They don’t even care about their own country people when they had their motherland passport, why care about sinkies, you have no idea the evil fuckery that goes on in big land like India and China. There’s nothing sinkies can and will do anyway, just llst and serve your 2 years NS and 10 years of reservist to make sure that they are well-protected!",negative
126kwqg_3,submissions,submission,NationalServiceSG,False,18,How do i know that i am shortlisted for an interview with the SPF? What are your advices?,neutral
15rbadj_2,submissions,submission,NationalServiceSG,False,56,"I am only interested in the 2nd one as I want to leave without adding extra liability to my NS. In the contract it states that for option 2: The entire period of reckonable regular service will count towards full-time National Service based on the ratio 2.5: 1, with refund of Enhanced Emoluments (EE).",neutral
n46r000_0,short_comment,comment,NationalServiceSG,False,20,School 5 activities. Got so much time until care if food muslim or non muslim. you dl malay food isit,negative
j6wc6m5_0,long_comment,comment,NationalServiceSG,False,304,"I modified a response from [another thread](https://www.reddit.com/r/NationalServiceSG/comments/zimwru/nsfs_should_form_a_union_and_demand_saf_for_a_pay/) but I think it's still relevant to the general theme of this post:

OP's post falls into the category of ""how should we get back at SAF for wasting 2 years of our lives"". A lot of times we as NSFs just have this visceral desire to lash out at the SAF in any way possible. This thus manifests itself in comments such as ""let's betray SAF when shit hits the fan to teach SAF a lesson"" etc. Although these thoughts may seem like a legitimate way to exact revenge on the SAF, we need to realize that these situations are highly improbable and when they do arise, it may not be in our best interests to sabotage the SAF (who knows if Singapore's enemies will show mercy towards defectors?). Also, in order to be in any position to make any form of impact in the overall workings of the SAF (be it for sabotage or to lead a revolt), you would need to first climb up the rank and file to even be in any position to make any decisions/lead men (such as going through some form of commander training to be a spec or officer). Doing so would paradoxically suck you further into servitude to the SAF (because you'll be handed more work and responsibilities) and, if you think of it as a zero-sum game of you vs the SAF, the SAF would come out on top (because the chance of there actually being a war where you can really make the SAF suffer through sabotaging it is so low and the actual effect of said actions on the SAF's operation during a hypothecal war is so insignificant).",neutral
flnulwz_2,long_comment,comment,singapore,False,254,"The MHA does not seem to be misrepresenting the context or the content of these quotes; if anything it is too kind by omitting Mr Chia's extensive speeches, in the record of the Singapore Legislative Assembly as Assemblyman for Jurong, arguing that Sabah and Sarawak were currently engaged in armed struggle against colonialism and that Singapore should support their struggle, or if it could not, it should remain neutral like the Afro-Asian nations and certainly not merge with a government that supported the Emergency, that the merger was a phoney merger intended to conscript good Chinese sons to go to war to protect British investments in Sabah and Sarawak, that Malaysia was a neo-colonialist plot. Chia had *plenty* of time to expand upon his view of what constituted armed struggle (actual men with actual guns engaging in assassinations, bombings, and sieges, not the Woody Guthrie sense of machines that metaphorically kill fascists), the conditions that would justify it (colonialism), and what would be a suitable target (the new governments of Malaysia and Singapore, which he had spent three years denouncing as colonialist for merging in a phoney referendum, and then another year denouncing the newly independent Singapore government for having separated without the consent of Parliament or the people). Short of a determined gullibility it seems hard to accept Chia's claim to have not advocated violence, save in the questionable sense that it's not really violence if it is *justified* violence (several former detainees have made this argument before).",neutral
e2j2y2k_0,medium_comment,comment,singapore,False,96,"MINDEF knows that if they grant him deferment and he makes it big, he’ll eventually ditch the SG passport because who the fuck wants to serve at 30+ after living a lavish lifestyle in the UK. Schooling eventually had to come back as he did represent SG and his earnings were peanuts compared to what Ben can potentially make in the BPL which is detached from Singapore anyway. IMO, Singapore loses either way but letting him defer gets us a little publicity and the ability for the govt to shamelessly attribute Davis’ success to them",negative
zhycn1_1,submissions,submission,NationalServiceSG,False,38,Can they be earned in found term or only in pro term? What if I don’t go infantry for pro term. Say I go Signals or Combat Engineers then got chance to get those badges and money?,neutral
hj42wyi_0,singlish,comment,NationalServiceSG,True,16,"SOL only, relax lah. My last 7 days to ORD i kena SOL. Lek lek only.",positive
j4kg2zg_0,short_comment,comment,NationalServiceSG,False,22,Because private psychs have a reputation for being easy to get memos recommending down PES from as opposed to SAF affilated doctors,neutral
ek0h71r_0,medium_comment,comment,singapore,False,103,"&gt; # KitKat to launch chilli crab, salted egg yolk flavours in Singapore this month

&gt; Have a break, have a chilli crab. KitKat is set to release limited-edition flavours inspired by local dishes like chilli crab, salted egg yolk and a vaguely-named Kopitiam Breakfast this month. &gt; Available from Apr 8 to 14 at the KitKat Chocolatory Pop-Up Store at VivoCity, the bold flavours are but three of the customisable KitKats available. &gt; 

&gt; The flavours were announced a day after it was teased on Monday (Apr 1), where followers on Facebook initially dismissed it as an April Fools’ joke.",neutral
kc2pd03_0,singlish,comment,NationalServiceSG,True,27,"The best,lepak 90% off the time,work oni when got ppl,only 8 hours work, noone can fuck us because theres nth to fck up HAHA",positive
je9wp79_0,medium_comment,comment,NationalServiceSG,False,106,"Nope not someone famous, (thankfully) yeah it is pretty rare to get stalked, I’m guessing that’s why it was hard for my superiors to understand although they did know what happened on the surface, 
We were all stalked at one point even had one case of a break in into my house. Again I do not blame my superiors, I get that they needed to have this rule and their hands we’re probably tied (if I could send privately then all the other NSFs would want to also) 

Thanks for your concern, my family has made police reports on the threatening messages etc",negative
drlsako_4,long_comment,comment,singapore,False,351,"&gt; Of these 46 businesses, 6 are gentlemen’s clubs. 1 of these clubs, The High Society Club, was set up in 2008. The remaining five clubs – The Ambassador’s Club, The Emperor’s Club, The Gentlemen’s Club, The Millionaires’ Club and The Playboy Club – were all set up in mid-March 2008. The Ambassador’s Club and the The Emperor’s Club were set up on the same day while the The Gentlemen’s Club, The Millionaires’ Club were both set up just three days later:

&gt; 

&gt; A quick Google search reveals that Ong is the same man who shot to fame last year after writing a [profoundly touching obituary](http://www.theindependent.sg/an-unusual-obituary-by-st-andrews-old-boy-to-himself/) for his late father. Self-styled as the ‘Samseng’ (which is Malay for gangster) son, Ong [revealed more details](http://www.straitstimes.com/singapore/samseng-son-pens-heartfelt-poem-as-obituary-for-father) about himself to the press when the obituary he wrote went viral last year:

&gt; 

&gt; A search on property portal, Property Guru, also verifies that Ong is the agent listed for the shop. The [listing ](https://www.commercialguru.com.sg/listing/20981955/for-rent-midpoint-orchard)calling for new tenants for the shop shows that Ong is affiliated with regional property consulting group, Edmund Tie &amp; Company, and also reveals a curious rental proposal to be implemented between the landlord, new tenant and Rupini’s:

&gt; 

&gt; As for Rupini’s, the proprietors of the regional beauty services company – which reportedly [serves a multiracial clientele](https://video.toggle.sg/en/video/series/achamillai-achamillai/ep12/336600), comprising of 50% Chinese clients – have informed their customers that they will no longer be located at Midpoint Orchard:

&gt; [Source](http://www.theindependent.sg/aggressive-property-agent-brandishes-metal-rod-and-spews-racial-slurs-as-he-chases-owners-of-rupinis-beauty-parlour-away-from-orchard-outlet/)

---
v4.0 | [Github](https://github.com/fterh/rsg-retrivr) | [Readme/Changelog](https://github.com/fterh/rsg-retrivr/blob/master/README.md) | Summon me: `/u/rsg-retrivr summon`",neutral
mwsdpr5_0,long_comment,comment,NationalServiceSG,False,279,"I’m guessing you’re PTP which means you’ll be doing some kind of run, usually 25-30 minute endurance runs for the first 2 months something like 3-4 times a week, at most 1 in a day. During BMT phase, the next 2 months after, you may do a few more intensive endurance runs but not that many, it will depend on your OC. Alongside the above, you can expect a few other types of runs very early on, but after the first 3 weeks you’ll mostly be doing endurance runs or somewhat less often: SAQ, (speed agility and quickness) and the occasional FARTLEK and Distance Interval runs

SAQ = Very short distance sprinting with variations in how you start your sprint, like starting from prone vs standing, etc. It’s generally quite easy and the most strenuous part is the 5 minute warm up jog beforehand. FARTLEK = Whole company forms up in rows of 2 on a running track, slow jogs around the track, the 2 people at the back sprint to the front and rejoin the rows, then slow jogs, continue this for 30-40 minutes

Distance Interval: Sprint 400 meters at high speed (how fast you are made to run depends on your IPPT timing), take a 1-2 minute break, do it again for a total of 6 X 400 meters

Alongside that I personally ran once every 1-2 weekends during the BMT phase after the PTP phase to improve my fitness, this got me from 24 minutes outside down to 11:23 outside (13 flat inside) in about 3 months and barely pulled me a pass during my final IPPT",neutral
esngwtw_0,short_comment,comment,singapore,False,10,"emart. chevrons (Jurong East), SAFRA Mount Faber or SAFRA Punggol",neutral
h0rw5f6_0,medium_comment,comment,NationalServiceSG,False,99,"Beret is standard headdress for military personnel barring recruits. The different colours of the beret are used to indicate vocation/unit within the Army:

Green: Infantry

Red: Commando

Khaki: Guards

Black: Armour

Dark Blue: Combat Support and Combat Service Support

As you’re PES E9, you’ll receive a dark blue beret after you complete BMT

In addition, the RSN wears a dark blue beret with the RSN cap badge, and the RSAF wears a grey-green ~~grey-blue~~ beret with the RSAF cap badge. MPs also wear a dark blue beret, but with the SAF MP cap badge",neutral
nsejo30_0,long_comment,comment,NationalServiceSG,False,263,"So for some context, I have broken a limb this year late September, then it somewhat recovered as I am able to do day to day activities and can do cycling as a sport. My enlistment date has been pushed back and to be confirmed. enlistment date has been pushed back because this was not reported to cmpb before hand and some friends told me to report it on the day itself because they said I will still be admitted but down pes, but instead the people at the enlistment location told me to go down to MCC to check my limb. 1st appointment at cmpb, the medical officer at the time was polite and even physically see for himself what my limb can do and told me to come back after 1 more month since I have a follow up appointment at raffles and to get all the documents and give to cmpb on the next appointment, mind u he didnt ask me to ask any questions or statements that I have to ask my doctor at raffles. 2nd appointment at cmpb, the medical officer was a different one, I had all the documents required and gave it to him, he told me all these documents does not matter and does not mean anything, I even gave him a CD that has the xray for his reference, he denied that he does not have a CD reader and told me I needed the actual hard copy or soft copy and send to their email(this was not mentioned in the previous appointment).",neutral
k77lt3s_0,singlish,comment,askSingapore,True,59,"As a PES C clerk, I don’t deny that I chao keng knowing that I down PES for a relatively common blood pressure condition that most people just ignore. But when I look around n see the rest of my JC classmates/friends in OCS/SCS, sometimes I regret the decision to OOC from BMT n down PES.",negative
i862cle_0,long_comment,comment,NationalServiceSG,False,261,"Not good lol, after GCC hell, you still have to train yourself and your troopers in mortar drills, day missions and night missions, 3 times a week, all under the sun at our training ground called ""survivor village""

Then after every training need to ensure troopers do PMCS on mortar tubes properly before sending the tubes back or prepare to get fk by your PS or PC. Then when your troopers lights out alr, u need plan for next day do what training. ( Crash action or emplacement or drills, and what time can draw tubes and send tubes, what time they draw arms, basically alot of shit to do)

And get ready for Rotational training for guards, ROT1 is your SAR21 THT all that, ROT2 is your mortar action front (with record 0 line) and cease fire all must hit redcon 1. E.g action front (4min 30secs) and cease fire (1min 30secs) so you better push your troopers damn hard and motivate them at the same time maintain their morale, especially if u detachment commander. ROT3A excercise LANCER, 7 days outfield, where you bring ur mortar out to play, non stop mortar day and night drills, sometimes at night fight urban ops with rifle coys, troopers gets 5 hours rest while commanders will do sentry, so roughly 3 or 4 hours interrupted sleep only

ROT3B, 4 outfields cramp in a span of 1.5 months, all of which you will bring your mortar tubes out to play. Day training and night training, back to back to prep for ROT3B evaluation.",negative
e77rsef_1,long_comment,comment,singapore,False,338,"I have sources but I’m on my phone so it’s hard.) Detransition cases I know of among the hundreds of trans people I’ve been acquainted with:

- two trans women and one trans man who detransitioned after converting to Christianity and being pressured to do so by their church communities and own religious convictions

- one trans man who detransitioned for political reasons and coming to agree with anti-trans narratives

- one trans woman who detransitioned due to harsh rejection from Muslim family

- one lesbian misdiagnosed as trans years ago due to lack of awareness on the difference between sexual orientation and gender identity, and where internalized homophobia and misogyny pushed her towards transition; notably, from the start she was never comfortable being seen as male despite enjoying the freedom that came with it

- one trans man who detransitioned due to realizing she didn’t identify as male after all, but who didn’t regret transitioning because she still felt it had been the right choice at that time

- one woman who initially transitioned to male to escape unresolved sexual trauma from a past rape; after 7 years and therapy, and discomfort being male, she detransitioned

- one guy who went on female hormones and found that he felt a lot better on it, but that he didn’t feel like a woman after all, and thus socially detransitioned while continuing on female hormones

So it does happen, but they’re a small minority, and often it’s not a black and white case of regret (or even of full detransition all the time). Such cases can also be reduced by more knowledgeable doctors involved at the various stages who can identify red flags suggesting that something other than a trans identity is causing the gender dysphoria, and better education and awareness for people about what being trans is or is not, and whether or not medical transition is likely to be suitable for them. ( Which it might not always be, even for someone who is definitely transgender.)",neutral
lpzr6c9_3,short_comment,comment,NationalServiceSG,False,48,"3. I am a cybersecurity enthusiast/graduate, however I am graded PES E9 by the SAF(To be honest, I am not sure about the actual reason as well), is it possible for me to still get into the DIS and do the vocation, or even sign on?",neutral
iuml468_3,long_comment,comment,NationalServiceSG,False,277,"As for CFS as some mentioned, its best to see a rheumatologist and maybe the neurologist as they are more informed about those symptoms and can better diagnose you correctly so that you can get the appropriate treatment you need, as most doctors and some specialist rarely see patients with CFS, Fibro or even myotonic disorders you will probably be diagnosed with many trainee doctors around you like in my case so that the doctor can show them certain factors to look out for. In my case, my camp MO wrote a referral to the rheumatologist, and I had to wait a couple of months, as time pass the pain got more crippling and debilitating as well and I was placed with some MC regulations due to the extended period of MC, and I can't do many activities that help me in my recovery or rehabilitation my physiotherapist noted that I have weakened on a month to month basis so far. Outside of rheumatology, I am also under the care of the orthopedic, neurology, psychiatry and pain management due to the complexity of my case and medications I need, I got passed around due to findings that do not relate to my symptoms although in those specialty they found something like stenosis, tendinosis and myotonic disorder, some allergies to certain class of medications made things even more complex. It is kind of interesting but kind of sad at the same time as the injuries could have been avoided should they follow the instructions faithfully, but I am glad for you that you managed to complete NS without any lasting injuries despite your symptoms, stay safe man.",neutral
1p7t6qh_3,submissions,submission,NationalServiceSG,False,37,I’m always alone in one cubicle just doing my own thing unless I’m called by one of my sirs for work. I’m not officially diagnosed but I feel like I’m on the spectrum.,neutral
le7629f_0,singlish,comment,NationalServiceSG,True,8,lanjiao lah tooth filling give mc? chaokeng dog\\,negative
1hd6j6p_0,submissions,submission,NationalServiceSG,False,0,🤔🤔🤔🤔🤔🤔🤔🤔🤔🤔🤔🤔🤔🤔🤔🤔🤔🤔🤔🤔🤔🤔🤔🤔🤔,neutral
gxq1dek_0,long_comment,comment,NationalServiceSG,False,280,"**TLDR**: Up PES is the most tedious and painful process, if you really want to Up PES, you must have a ***SPECIALIST*** MEMO and u must pester your superiors in your unit. I am still halfway through the process, so my info is not 100% accurate yet...  
Also, I have to warn that some people in your section might taunt you about Up pes, especially when u cock-up or if u try too hard during SBA and they proceed to do the exact same thing the next day LOL... but in your unit, they won't taunt you as much if you just pretend to be chill about it although u might have like 10,000 questions about it like me

FULL STORY: I am also going through something similar... I am now currently temp PES C9 and was posted to Navy as an NWSO after my 4 weeks at kranji camp. The thing is up pes is a rather messy procedure back in kranji because all the Sect Coms till the Encik all didn't know what the process is like and they told me many different things: my sgt told me I can just go in ask for a pes review (but it turns out I needed a specialist memo, but I asked if a GP memo would suffice and the MO said ""sure"") then after that I asked my Encik and he said try or he also don't know. Then 2 weeks later I got my GP memo and went back to kranji medical centre... but the MO then said I can't up pes cause I signed some document stating I temp down pes.",negative
lb1vtmh_0,short_comment,comment,NationalServiceSG,False,1,L,negative
grmlpq_3,singlish,submission,NationalServiceSG,True,59,"For some of you, this is the first time where you’ve received a steady stream of income, without having to rely on your parents/guardians to bankroll your expenditures. But what I’ve seen too often is individuals blowing through their monthly allowance, without saving some of their income for future goals, such as a potential ORD trip.",neutral
kcx40b7_0,singlish,comment,NationalServiceSG,True,19,"This is a lie. Once you hear ""10 pack item"" then you realize all your ziplock bag gone liao",negative
eg7jr2h_3,medium_comment,comment,singapore,False,100,"The trainer notified the conducting officer of the exercise, who immediately ordered the exercise to stop. With reference to this [photo](https://cna-sg-res.cloudinary.com/image/upload/q_auto,f_auto/image/10912400/16x9/991/557/80e5b03e6dfa20b1b7271b38790f11d6/QN/picture-of-bionix.jpg), I think we are all wondering if the VC escaped from the Rover before or after the Bionix mounted onto said Rover. And if the VC indeed did escape from the Rover before the Bionix came into contact with Rover, did he, upon fearing only for this own life,  just flee without telling the driver what to do?",neutral
drgn1oa_2,long_comment,comment,singapore,False,262,"Working out an arrangement between them is going to be tough. And then there's a question of who decides between them..)

A recent real life example is Trump's entry into the White House: [there](https://www.theatlantic.com/politics/archive/2016/12/the-coming-exodus-of-career-civil-servants/511562/) [were](http://www.independent.co.uk/news/world/americas/us-state-department-senior-management-team-quit-resign-rex-tillerson-secretary-donald-trump-cabinet-a7547916.html) [concerns](http://foreignpolicy.com/2017/04/26/donald-trumps-great-patriotic-purge-state-bureacracy-civil-service/) [about](https://www.politico.com/magazine/story/2017/03/history-trump-attacks-civil-service-federal-workers-mccarthy-214951) [the exodus](http://thehill.com/blogs/pundits-blog/the-administration/348604-blowing-the-whistle-on-trumps-mistreatment-of-civil) [of career](http://theconversation.com/why-trump-needs-the-civil-servants-he-wants-to-fire-lessons-from-abroad-71610) [civil servants](https://www.usnews.com/news/politics/articles/2017-02-14/revenge-of-the-government-nerds). I'm going to quote from [this article on the effect of the loss of civil servants](http://nymag.com/daily/intelligencer/2017/01/trump-fires-every-senior-manager-at-the-state-department.html):

&gt; Wednesday’s departures leave the State Department with virtually no one experienced at managing its domestic bureaucracy, overseas offices, and staff, according to Rogin. &gt; “It’s the single biggest simultaneous departure of institutional memory that anyone can remember, and that’s incredibly difficult to replicate,” said David Wade, State Department chief of staff during John Kerry’s tenure, told Rogin. “",neutral
lfa18m4_0,short_comment,comment,NationalServiceSG,False,33,"Sounds weird that your OC doesn’t allow disruption for uni. Since the whole battalion usually ORDs together, it means that he basically isn’t allowing the whole battalion to apply for disruption.",neutral
dbauz4z_0,long_comment,comment,singapore,False,305,"I don't know how you define similar cases like yours, but I guess mine would be considered a similar case? I'm currently serving as E9L9 (enlisted C9L2) and am currently on long MC due to ADHD, Personality Disorder Cluster A and C (as diagnosed by IMH) and General Anxiety Disorder (as diagnosed by my private psychiatrist)

I can't speak for others but based on my own experience, instructors and sergeants being untrained to deal with psychiatric cases like mine when I first enlisted as pes C in Tekong on the few days I've been there with heavy coping issue and thus, my life was made unnecessarily difficult as someone with psychiatric issues and was on the verge of breaking point a couple of times during the entire month, and IMH consistently telling me to 'take your medicines, give it time to take effect, suck thumb and go back to camp and try' for ten million times everytime I go back to A&amp;E because of bad panic attack + terrible high and low depession/mood swings even until now isn't helping also (though there were a couple of good doctors there, most of the others were just giving the template replies and have the impression of 'I don't want to see you and you're wasting my time'). Other than that though, the doctor at MMI was actually really understanding towards my case and most of the people in my unit are really nice towards me (understanding towards my case, asking if I'm okay and telling me if I feel uncomfortable anytime I could go and report sick, take MC etc etc. and they're understanding towards me taking long-term (we're talking about months) MC to deal with my treatment right now since it takes time).",neutral
j6hkxs0_0,short_comment,comment,NationalServiceSG,False,67,"You can, but you’ll need all your memos and maybe a new one from your specialist. You’d then need to book an appointment at CMPB to try and push your case through. Usually the easier method is to enlist first, since you can start NS sooner and whilst you’re stuck in limbo (trying to downPES, OOC), your 24/22 month timer is already ticking.",neutral
kab4dn2_0,long_comment,comment,askSingapore,False,344,"I got a similar situation with your sis for my PSLE as well, I didn't fare as well as my pre-PSLE exams and dropped from Express to NA. My score (180) couldn't get me to my 1st choice and then I went to the school notorious as a Ah-Beng school.. but then when I went over, the school improved damn quickly and became the only SAP school in the district (the SAP school status was given after I grad from O levels).. So I do believe the Min Edu's motto of ""every school is a good school"".. =)  


I feel that most of our teachers in SG are good teachers (one way or the other) so I feel that you should show encouragement to your sis and tell her that she still has a chance to better herself in Sec school, after all it's only the 2nd level of her education journey..  


\*\* to share abit more about myself, I was from NA > took N levels (almost didn't get to go for O levels) > O levels flunked due to family issues during that period > took 1 year to retake O levels but didn't get good grades still (was abit choosy then and didn't choose to go for some IT dip in RP then - RP just opened then so the rep not as good as now) > went to ITE for Higher NITEC (didn't perform to the fullest but I was able to go for dip with my Higher NITEC grades but had to go NS first) > took part-time dip while working full-time and grad with not bad grades > now planning to go for degree next year (I'm in my 30s now)..  


I feel that Education is a lifelong journey for myself so don't get too depressed when you didn't get too good grades at the start, cause you still have time to better yourself.. Hope your mum will not be too harsh to your sis, and please do cheer your sis up!! =)",neutral
npzh0e8_0,long_comment,comment,NationalServiceSG,False,365,"Former PNSF here, for police it will depend on his vocation, if he gets posted to an SA vocation you'll be able to see him almost everyday as it will be office hours iirc 8am-6pm (depends on Div). For frontline vocations it will depend on which unit he gets posted to:

For NPC 2 in 2 out (morning 8-8, night 8-8, off 1, off 2) most likely you will only have time to meet him on his morning shift after his work 8pm, morning time before his work during his night shift days before 6pm. Nighttime during his 1st off as he will usually need to sleep after he finishes work at 8am and his 2nd off for a full day (if its not taken by any extra trainings or events)

For Transcom 4 in 2 out (morning morning afternoon afternoon), they have no night shift and lesser trainings than NPC so it will be easier to meet with him after work during his morning shifts. For Procom 2 in 2 out same as NPC, but they do have office hour weeks where you may be able to meet with him easier after his office hour work if you coordinate your schedules in advance

For SOC its a 24hr shift, then 2 days off but iirc their training is stay in like army so you will need someone from SOC to confirm the schedule

K9 unknown

CCTV unknown

SA will be office hours from 9-6 Mondays to Fridays, easiest vocation to maintain relationship

  
As for advice from the male perspective do try and keep an open mind when he asks where you have been or if he is more insecure about you hanging out with other guys, it's a very common phenomenon because all of us NSFs in the past if we have relationships we are very well aware of the possibility of our GF being potong jalan outside especially during university. My advice in bullet points would be to

1) Try and be transparent with your schedule as much as you can, whomever you hang out with do be willing to share with your BF when he asks.",neutral
1gd4mxw_1,submissions,submission,NationalServiceSG,False,37,"Like what do I do, how does it work, what are the procedures. I’m currently B1, I have a torn knee ligament and got it surgically repaired last year. Any help would be great,
Thank you",neutral
majgy0u_0,long_comment,comment,askSingapore,False,271,"First I would suggest checking all your emails / sms-es to see if your unit did send u the ICT notification 6 months  before the high key... the reason I'm saying this is because missing the 6 month window is quite a big no no and there are regulars (e.g. S8's) who do this on a regular basis that they won't (shouldn't forget)... plus your unit KAH commanders (e.g CO, OCs) have compulsory prep meetings ahead of the reservist, the first one is more than 6 months before the ICT, and the call-up is part of that first meeting agenda (usually) 

So yeah check first before you use the they late call up never follow protocol trump card.. cause if they did do then the balls in your court and trust me if you apply deferment and use the sob story MP route .. I doubt you'll get it. FYI the ""my job needs me"" reason for deferment rarely gets approved (from my experience) unless you're a solid soldier with good performance in prior ICTs then maybe your commanders might fight for you (then its got a high chance)...plus 3 weeks sounds like a super impt high key so the unit would also need all the manpower they can get. But if the unit did send out late.. then yep use all the avenues you can at your disposal...cry mother cry father cause its them who f up ... of this is the case good luck to your unit CO cause the attendance gonna be shite and KPIs are gonna be affected :)",neutral
h7s8vvo_5,medium_comment,comment,singapore,False,93,"You are contradicting yourself when you accuse the government of being both populist in terms of pandering to ""popular"" kiasi sentiment and being ""entirely beholden to MNCs"", which one is it exactly? Since a government ""entirely beholden to MNCs"" will be desperate to reopen everything now, even if it means putting the lives of the people at risk since that is what big business wants and is what we are witnessing in ur beloved UK rather than pander to alleged ""popular kiasi sentiment""  and impose new public health restrictions (bad for the people).",neutral
h1qdtlb_0,short_comment,comment,NationalServiceSG,False,25,once in a lifetime opportunity man. if i it were me ill go. where else can you do this kind of things outside of army,positive
liihbmn_0,short_comment,comment,singapore,False,33,"Time for saf to pluck him out in the middle of his prime, force him to go out of touch with the competitive scene, and convert him into an ordinary Jason! Majulah Singapura!",negative
kyq5l13_0,singlish,comment,NationalServiceSG,True,7,wah no choice. into 5sir you go.,negative
fwnb5hy_0,medium_comment,comment,singapore,False,156,"i feel no one who is 18 actually really seriously complains that theyre old enough to serve but not old enough to vote. if they want to vote at 18 because they feel its an entitlement they should have for serving ns, i think they missed the point of voting

if they want to vote at 18 to serve the greater community, they can take solace that theyre serving the greater community through ns. for the women they can serve the greater community in many more ways

i feel its not the mark of a mature citizen to stand by and do nothing but complain that they have one less way to serve the community when there are other ways to do so, or, if they are selfish, grumble over this injustice instead of being productive for themselves

and i **personally** feel that anyone who thinks ns is not necessary is not mature enough to vote.",neutral
hhmif7m_0,singlish,comment,NationalServiceSG,True,24,"Honestly if you chao keng only like 2 weeks before you ord that's quite impressive lol, i checked out when 2nd year started",positive
utjpsx_2,submissions,submission,NationalServiceSG,False,40,"If that's the case does that mean I can only sign on as an officer going the diploma route? I am currently waiting for enlistment and of course, will experience BMT first before making the decision to sign on.",neutral
1lqobq2_4,submissions,submission,NationalServiceSG,False,32,"WHAT A CLOWN. At the end of the day, this commander 
did not feel bad for destroying this trooper card because the commander didn’t want to see the trooper face anymore.",negative
1j3x9h8_0,submissions,submission,NationalServiceSG,False,6,Requirements to promote in other units?,neutral
d33k17q_0,short_comment,comment,singapore,False,8,Not all countries have conscription under the law....,neutral
l33xlad_1,medium_comment,comment,NationalServiceSG,False,110,"WSO’s job is to be the weapons expert and back seat person to drop bombs, launch missiles, operate complex systems and sensors to ensure the multiple weapons hit their targets… while ensuring G-forces like sitting in the world’s most exciting roller coaster, talking to the pilot and ground forces - all simultaneously. You need to have the personality to enjoy complex and stressful situations, multi-tasking… if u like intense computer games while doing the toughest gym workout ever, that’s the job for u. 

It takes physical endurance to be in a fighter jet and it is physically painful at times. U need to like extreme sports :)",neutral
hbn9zi3_0,medium_comment,comment,singapore,False,161,"HBL was a mixed bag of experiences, but I suppose it comes down to a number of factors, from your comfort level with technology, to how ready your students are for the transition (for example, I had already gotten all my students on SLS and google classroom right from the start, and since we were already using ICT in the classroom for learning, moving to HBL was simply an extension of existing classroom learning), and your general home environment (I had my own study room with a huge desktop PC, so I was well-equipped to handle all my streaming and IT needs from a tech perspective, nor did I have any issues working with my level to churn out the screencasts and lesson material on a daily basis). To me, tasks like calling up students every day to check on their presence and well-being, while time-consuming, I view them as part and parcel of being a form teacher.",neutral
j3fx6vz_1,long_comment,comment,NationalServiceSG,False,296,"Still feeling salty, I didn't come back on time thinking that if I don't, the other NSF would need to stand longer (we previously fucked eachother openly), so I came back late (like 45mins late) with the excuse that after I eat, I went to shit - nature calls and it's not something I can control. Following that, I was informed that the MP 2WO wishes to hand me extras because of my attitude (which tbh i was already pretty pissed)

Confrontation went something like this:

2WO hands extra, I refused, told him that he is no longer in charge of me due to the GD period ending, and if he wishes to issue me a punishment, please inform my superiors and have them hand me the punishment. 2WO then asks who is my superior in a rude way, asking who I am to disrespect him, pulling rank and using vulgarities and all that shit (ironic, talking about my attitude while he himself is using vulgarities and shit) ; so I got pissed and **told the 2WO that everyone is my superior since im so low rank (he like to play rank what).** He then asked for a specific name so I told him my highest ranking superior, **LTC XXXX, knowing that there's probably no way he have the balls to go guns blazing into my LTC's office**

2WO fumed, requested me to bring him to my office, to which I rebutted with **""Now my duty period is over, I want to go eat""** ; he went berserk. 2WO then asked me where is my office located then ; knowing that he'll go cause an uproar, I **simply pointed to the general direction and to a building and went like, somewhere there**, not sure.",negative
go8k4do_1,short_comment,comment,NationalServiceSG,False,21,"It was fking painful), all the fun stuff. If you follow your regulars' instructions to the t, you won't die.",neutral
iz5hc83_1,long_comment,comment,askSingapore,False,740,"So started working and applied for part-time course (after 6 months of working), grad with a 2.98 GPA..

But here comes the portion I haven't mentioned above:

1. Shitty N's &amp; 2x shitty O's = family issues (disappearing parents - mum have her own family issues so she needs to take care of it, father just don't care, younger bro prefers to stay outside than at home + low-income family - I only had $5 as pocket money since sec 3 when my mum have issues till I grad from ITE, the $5 covers the 3 meals plus transport and I don't get to have extra if I want to go out with friends), consistent bullying from some classmates, lack of participation on gatherings cause $5 pocket money (even I did go out, I had to starve myself for days in order to do so), lost of opportunities in CCA cause I can't go camps cause no money to go, so henta-taki as SGT when I grad in sec 5 (typically should be as least a SSG or WO) and I was supposed to be appointed as one of the deputy CSMs but can't go camps, means not qualified to up rank, means can't be appointed. first relationship extremely rocky cause low-income (can't go paktor - which leads to alot of quarrels).. then after N's, was persauded to go ITE instead of continuing with O's (got the bare grades for it).. but chose to continue (cause gf also taking O's then), so then-principal ""supported"" us by making those who chose to stay, to do self-studies outside of classroom (in a open area without fans or aircons) for the first 1 - 2 months of Sec 5, by now you should know why first O's is shitty.. Results came out, only can go for IT courses in RP (then IT was considered shitty) so was encouraged by the adults of my family to re-take O's so re-took as private candidate.. chose to do full-time work (to save for poly) and then flunk my 2nd O's -\_-... during the Sec 3 to private candidate years, tried to commit suicide 5 times due to the combination of the issues above..
2. Was suggested to go for ITE (Higher NITEC) cause better than IT diploma (-\_-) by the adults of the family.. diff sets of issues, savings (from my 1 year full-time work) only can sustain for the first 6 months of my first year so took up ad-hoc works here and there (cause need earn my own pocket money, bus fares and some money for paktor - still the same gf then), studies wasn't that bad and had quite a number of awards and opportunities to showcase myself but only gotten a 3.2 GPA in the end cause of the ad-hoc works affecting the time needed for studies..
3. Serving NS means can't go full time poly then, and can't work so surviving on NS allowance.. which means constant fighting with gf (who is now year 2 poly students), in the end broke up and dated with one of my close friends then.. ORD-ed at the age of 22/23 means had to start working (again, low-income fam), parents had divorced, stayed with my dad (and had to bear his debts - I'm currently still paying off and I need another 2 years to finish paying off, grand total of 12 years of working to do so), being forced to buy a HDB flat cause my dad's flat got foreclosed and was renting from HDB (and my pay got high enough to hit the ceiling)..

long story short, yes I agreed with some of the peeps below saying things like can't blame parents as an excuse.. but if my parents is slightly well-do (i.e. my younger bro studied till he's 28, completed ITE, poly, uni - grad with a 2nd upper, don't need to work since young), maybe I would have grad with a degree myself (I was planning to do part-time degree when I changed job some time back but I was struggling with both my work life, relationship and monetary issues (had to pay for my dad's loan, HDB flat, etc etc)) like my younger bro right?",negative
fxihmol_0,short_comment,comment,singapore,False,29,"no, we actually knew almost everyone in that bunk since bmt (same bmt company) but somehow they chose to keep it to themselves regarding whatever happened in tbe middle",neutral
cygwe8y_0,short_comment,comment,singapore,False,44,"i'm from mono-intake, so most of them are dropouts. my army buddy only had primary 6 education but he's one of the most loyal person i know. he would offer to carry my rifle or sneaking food to outfield for me.",positive
n88cekp_0,short_comment,comment,NationalServiceSG,False,3,Encik baiting damn,neutral
dpp2j4k_0,singlish,comment,singapore,True,75,"Tekong Sergeant trapped on island and night's out not so good... Book out also shag. If you OC siao on, then good luck with your weekends spent with the recruits. Also, mandatory confinement with the recruits every batch...

But the good point is you do much less physical work compared to unit (during these 2 years only, reservist you become blur sotong don't know anything except teach recruit how to tie boot lace).",negative
i3azvxf_0,short_comment,comment,NationalServiceSG,False,23,its not whether SAF allows but rather if your unit allow. u shld check with your unit if they allow such overseas trip.,neutral
mfr3tz5_1,medium_comment,comment,NationalServiceSG,False,99,"Extremely important for the essay, doesn't matter how ""well learnt"" you are in terms of current affairs, if you can't present your ideas in a manner that is nice to read, you will lose A LOT of marks. Learn to write your paragraphs as short as you can while including everything important, don't bloat your word count, present your points succinctly, and really make use of the PEEL format. It alone won't be enough to get you an A ( you will need incredible content score for that ), but it will be a very consistent B.",neutral
j09fzvg_6,short_comment,comment,NationalServiceSG,False,41,This message is for people like them: Get over your insecurities about not being able to be called elites. It's almost literally all up to chance if you have the opportunity to prove yourself to be elite in the SAF.,negative
holzlrr_0,singlish,comment,askSingapore,True,16,"Just be prepared kena stomp, town council comes, scdf calls, etc. In other words just dont.",negative
j363t2_0,submissions,submission,NationalServiceSG,False,3,Before polytechnic graduation,neutral
36wsiq_0,submissions,submission,singapore,False,11,Am I waiting too long for SAF medical board review? ( Reservist),neutral
lf09fee_0,short_comment,comment,NationalServiceSG,False,9,Huh ippt 2.4 might be conducted on treadmill?,neutral
m6k31s3_0,short_comment,comment,NationalServiceSG,False,26,Don’t know much but what I do know is that Chong Pang camp is well located near transport and opposite a solid neighborhood for food,positive
jiws70k_0,singlish,comment,NationalServiceSG,True,4,Dude… just submit lah,neutral
fto78v0_2,medium_comment,comment,singapore,False,89,"Also was forced to take on regular level roles cos some of my superiors were incompetent or lazy. I rmb doing this takeover job and the ME1 and ME2s were surprised a CPL was there instead of a MAJ.... I also literally ran an entire IPPT as conducting officer, had to write the AI, get it approved, get the logistics/manpower from 2WO 3WOs from other units (I should be at least a 1WO to be dealing with them smh) and be on the ground to run the IPPT.",negative
mv0pn5n_0,medium_comment,comment,singapore,False,129,"Then he fast forwarded to his last day as a recruit, where his sergeants let them sleep a little later and tell them to meet at one of the common rooms so they (the sgts) and the officers would share ghost stories. As they were starting, one of the other recruits mentioned about the random waking up at 3am to them. One sergeant said,""Ok, yeah we've heard stories of many recruits waking up at around that time for no reason, usually we just say it's cos you all not used to these sleeping arrangements. But I ask you ah, you all say you wake up around this timing, but when you wake up and bring your head up, have you ever seen anyone else also awake?""",neutral
nepa18w_1,medium_comment,comment,NationalServiceSG,False,105,"If you’re managing a team or leading business negotiations, stepping away suddenly and repeatedly, year after year can harm both your reputation and your career progression. Employers may hesitate to assign you critical roles, promotions could be delayed, and clients might see you as unreliable when critical deals or deadlines coincide with your reservist obligations. The higher your responsibilities in the SAF, the heavier the drag on your long-term civilian prospects. The irony is that while OCS is framed as grooming you for leadership, the prolonged obligations can obstruct your ability to fully exercise leadership in the career you’ve chosen for yourself.",neutral
mrpazpt_0,long_comment,comment,NationalServiceSG,False,325,"From what I heard, what matter is the final result..  If you graduate with a 2nd upper, then you're on the same track as scholar but of course, scholars is always a step ahead of you, but your progression will be better then those who score below 2nd upper, or scholar who score just a normal degree..  

For CEP. Looking at the way they promote and

 pays their regular officers, I believe it's still in place, like those who graduate with 2nd upper and better draws higher salary then those with normal degree, but there are other factor like vocation that may affect your progression..  ie, if you're in a service vocation, then your progression would be behind those in combat and combat service vocation, and within combat, those with the elite may start slow, but their progression may get accelerated once they have completed all their required courses..

Here's some article about some of the changes to CEP..

 [https://www.todayonline.com/singapore/currently-estimated-potential-no-longer-single-most-important-determinant-civil-servants](https://www.todayonline.com/singapore/currently-estimated-potential-no-longer-single-most-important-determinant-civil-servants)

[https://www.psd.gov.sg/newsroom/pq-replies/statistical-changes-in-current-estimated-potential-cep-in-the-civil-service/](https://www.psd.gov.sg/newsroom/pq-replies/statistical-changes-in-current-estimated-potential-cep-in-the-civil-service/)

I guess..  in the army..  A solder with Ranger qualification will have higher CEP then his peers who didn't go for the course, and those with Special force qualification may have higher CEP then the Ranger..

A friend was telling us..  His OCS wing commander is a colonel and given his age, there is no way he can make it to colonel because he is not a scholar, but he is highly decorated..  he got both ranger, and special force tab, and others like divers, airborne etc..  a lot of badges..",neutral
g0sedyb_0,singlish,comment,NationalServiceSG,True,8,charlie quite welfare leh from what im hearing,positive
i2subp5_0,medium_comment,comment,singapore,False,106,"Even on a purely armchair general standpoint, looking at how Russia is getting rekted by a mostly Infantry + Drone /AT army when they are only separated by a land border, i am not sure how China is going to pull off doing an amphibious landing through Taiwan Straits, considering Taiwan is significantly more fortified than Ukraine. If anything, this conflict shows the gap Nato/Western doctrine vs Russia doctrine and war has moved on from Spamming sheer numbers into combined arms. Considering China still uses alot of Russian based tech, I dont see how they can take Taiwan short of straight up Nuking it (MAD) lmao.",neutral
luz3nus_0,short_comment,comment,NationalServiceSG,False,9,"by right is cannot

by left is different story",neutral
mqd477q_0,short_comment,comment,singapore,False,11,"Yes, especially the SPF. They called up reservist to do this.",neutral
i5vgh9t_1,medium_comment,comment,singapore,False,107,"Civil servants have given me less known examples of his awkwardness  

OYK: Never looked like a contender vs CCS and HSK, but he did have his backers. Getting the Health ministry portfolio was his chance; if he had given a flawless performance, he would have been the top contender. Unfortunately, with the unpredictability and universality of COVID, no Health minister can avoid pissing plenty of people off 

LW: Succeeded because he didn't look like a buffoon, was decent enough on the mic. Because he is so unremarkable, he isn't going to piss off alot of people, but he isn't going to inspire many either",neutral
gnwl6j8_2,long_comment,comment,singapore,False,301,"PS: for retirees who are asset rich and cannot afford the increased property taxes in their very large old properties, they can opt to tenant out additional rooms, convert their land titles to LH to avoid the FH additional tax surcharge or even opt for a reverse mortgage to draw income from their wealth assets and let the next generation repay the reverse mortgage, which is normally at the low interest rate for property loans due to the a/m stable property tax regime to keep property prices in Singapore always stable and free from mad swings in prices etc. Retirees shouldn't grumble about the higher property tax rates for FH/ large landed properties because they must remember that by property value, they are probably the biggest beneficiaries of the SAF, Home team etc protecting their wealth with zero inheritance tax. As of 2019, budget for SAF, home team were $15.5B and $10.7B, despite massive costs savings from non-salaried service of citizens serving NS: these are very large costs and it is much more likely that the large sized dwelling is a discretionary item and due to Singapore's progress, their residences are worth much more now, thus the need for progressive property taxes, where by the top tier rates exceed that of the respective income tax bracket rates and the need for FH property tax surcharges to ensure the fair recycling of land for property uses in land scarce Singapore. [img]https://i.imgur.com/a9Oat0y.jpg[/img]
[img]https://i.imgur.com/tyFhmJK.jpg[/img]


[img]https://i.imgur.com/M2ztfiY.jpg[/img]https://thehearttruths.com/2013/09/23/singapore-has-the-lowest-wage-share-among-high-income-countries/

[img]https://i.imgur.com/5EIsCKi.png[/img]

[img]https://i.imgur.com/551LYgR.jpg[/img]",neutral
i1uqze_8,submissions,submission,NationalServiceSG,False,65,"* Pro tip: Take out 2 at a time, don't be a dumbass like me and take out all 4 at once cause you can't eat shiiiit for a couple days

*PS: If you don't have wisdom tooth but still want the MC, I heard you can cut your foreskin for 14 days. /s*  

My time has come, and so will yours, OWADIO!!!!!!!!!!!",positive
rs0c7q_0,submissions,submission,NationalServiceSG,False,16,"Questions about NS Spectacles Claim subsidy. Hi all,

My PC recently submitted my spectacles claim subsidy.",neutral
gv6hahy_1,short_comment,comment,NationalServiceSG,False,32,"If you are in BMT, you'll probably wait until one week before you POP. If you are not in BMT, it'll take a few weeks before they call you again.",neutral
ga95iae_5,medium_comment,comment,NationalServiceSG,False,167,"2.4km is the test for your anaerobic and aerobic threshold, essentially VO2 max. This is how my training routine for 2.4 (this is highly specific for 2.4km if you wish to do like 5km/10km/21.1km all pls dun refer to this lulz) is like:

Monday: timed intervals (20s max speed, 20s rest slow jog, total 20 mins)

Wed: Distance intervals (4 x 800m + 2 x 400m (3:15 run, 1:30 rest - for this it is based on what kind of 2.4km timing you want to go for, generally if you are aiming for 12 mins, each 800m should be within 4:00, and if you want a sub 10 mins, 3:15 is the way to go). Fri: 2.4km timed trial

Sat/Sun: Recovery jog (slow) / Endurance Run (&gt;6km)

Also, while doing your exercises, do cater in sufficient rest (you will feel sore and my advice is if it hurts or it feels painful, don't push it.",neutral
mqkniz3_0,short_comment,comment,NationalServiceSG,False,7,1gds bro always ready to strike alright,positive
irql5ue_0,short_comment,comment,NationalServiceSG,False,5,"He wants to stay, no?",neutral
jiaw0hs_0,singlish,comment,NationalServiceSG,True,39,"eh ps what’s W post HAHAHAHAHAHAHAHAHAHAHAHHAHAHAHAAHAHHAAHAHAHAHAHAH WIN POST?? aw wah u almost made me tear up q touching HAHAHAHA happy for u eh , maybe the break was for y’all to apprec each other more if ygwim !! 😃

jiayous :>",positive
jt3nv1q_1,medium_comment,comment,singapore,False,120,"I felt abit betrayed too. I have dedicated close to 5 years of my youth volunteering as a police officer with SPF  and carried out orders to the best of my abilities, simply because I believe it is my duty to obey all lawful orders from my superiors, and I that it is my responsibility to help and serve members of public to the best of my abilities. I made it my responsibility to stay up to date with SOPs and procedures to be the best officer I can be, and to pass it on to newer officers when they were posted to my unit. I cant help but feel abit shaken and lost after reading about what has happened.",negative
mmkr7k_0,submissions,submission,NationalServiceSG,False,7,ESS Update Regarding MC Given by MO,neutral
19cdht5_4,submissions,submission,NationalServiceSG,False,50,"What is happening in NDU or whatever that gun shot sound is... It is not the first time, ive been hearing these gun shots for the past 1-2 weeks? Sometimes it's not gun shots, sometimes the sound of exploding fireworks could be heard but around 11pm or so",neutral
1b0dohl_2,singlish,submission,NationalServiceSG,True,26,"As I think about signing on, I want to look above the tekan, the uniform, the prestige, the money. For what matters is what I do.",positive
likm6ro_0,medium_comment,comment,NationalServiceSG,False,96,"back then in SOC also same bad manpower due to forming of RDT(Rapid Deployment Troop) so they pick 10-20 people from each TROOP to form RDT because of Little India Riot they need something that can maneuver easier traffic jam etc, same as PTU but they are riding from bike(Regulars Only) due to the nature of bike which they say are more dangerous don't want anymore NSF to die due to accident during NS. u planning to join SOC? Please join and suffer 3 months after that troop life very chill bro",neutral
lhmdo51_0,short_comment,comment,askSingapore,False,21,"I did my national service. I did my 2yrs 4 months, and after that I did my 7 high 3 low.",neutral
jl8qv6m_1,long_comment,comment,NationalServiceSG,False,306,"Since you have a long way to go, I recommend to build on your aerobic endurance. Train and run slowly up to 3-5K for the first few months. Build up your endurance by increasing no more than 10% of your mileage a week. You don’t need to do intervals or speed work at this stage, you just want to be able to run farther. You may choose to run beyond the 5k but I wouldn’t say it’s necessary if you just want a decent time (let’s set the benchmark at 12:30 for a 2.4 which would net your a pass with a chance at silver). After you’re finding it easy to run 5K’s 4 times a week, you can start slowly transitioning into running 5 days a week and for the 5th day, add in speedwork like the other redditors have mentioned where you run slightly faster/as fast for 400m-800m than your 12:30 2.4 goal, so you’d be aiming for 2:00 - 2:05 per 400m or 4:05-4:10 for 800m.

If you want something even better and have the time to put in the effort with a 5 day run week when you build up to it, here would be my recommendation. Monday - 5K slow pace

Tuesday - 800m x 3 intervals at goal pace (5:10/km) with 1km (6:40/km) jog between each interval 

Wednesday - Rest Day

Thursday - 5K slow pace

Wednesday - 3K tempo run (Run at 5:27/km) 

Friday - Rest Day 

Saturday - 7.5K slow pace (Long Run) 

Sunday - 5K slow pace 

When the intervals and tempo runs get too easy for you, feel free to up the speed, with this weekly mileage you could frankly get a 10:XX 2.4 without much issue.",neutral
m6q69ko_0,singlish,comment,NationalServiceSG,True,19,Scdf pushes for diploma or a-level for specs and a degree for an officer. A nitec really cmi.,negative
gqay8e9_1,short_comment,comment,NationalServiceSG,False,16,They may have been looking at the wrong place. Could be nerve damage or something else.,neutral
jrnc6xu_0,short_comment,comment,NationalServiceSG,False,15,HOW TO CREATE A ME NUMBER? That’s the weirdest question I’ve ever seen,neutral
gsokt1z_0,singlish,comment,NationalServiceSG,True,11,Try to get those vocations in MHA. Sure off gao gao,positive
1npf677_1,submissions,submission,NationalServiceSG,False,48,My encik said I only can leave after LP (which is around 7pm for my unit) and he also said that if sometimes we end at 10-11pm I will have to wait by then. Can I request from MO give me status and let me off earlier ?,neutral
nse2qku_0,long_comment,comment,NationalServiceSG,False,258,"Hello! I’m a J2 (F) student who just finished A levels and I am thinking of signing on with RSAF AWO (ATC) and I am also thinking of applying for the SAF scholarship (formally known as SAFOS) and I would like to know whether I stand a chance 
So here’s my portfolio (don’t judge hehe)

- I take HELM+H3 Econs and my prelim grades was 70RP (I’m under the new system) with H3 distinction
- I’m VP of student council and got some awards for my service (EAGLES and ECHA) 
- I have 2 scholarships in JC, ESIS and Humanities scholarship  
- some school academic awards 
- volunteered for NDP many years ago, have been volunteering for (about) MPS for 3 years and I do some volunteering for YCS etc etc 
-participated in some academic competition 
- president of some VIA project that me and my friends started 
- I’m not sure if this is relevant but in secondary school I was in the SC EXCO and was my graduating batch valedictorian (apparently there is such thing in my school lol) 

Yeah that my portfolio.. so is it like possible for me to get the scholarship? I few that although I have some stuff it my portfolio some ppl have the icing on the top and have crazy portfolios… and if I don’t get the SAFOS, will I stand a chance to get the SAFMS thanks!:D 

Also, I would also like to ask if many scholarships holders leave service after the 6 years bond and why?",neutral
hn08eoj_1,medium_comment,comment,NationalServiceSG,False,208,"But look on the bright side OP, here's how i like to think of it: your schedule is basically similar to any stay in unit so weekdays in, weekends to yourself unless you have guard duty

So if you don't want to be in and get posted to another stay in unit, your schedule would pretty much be the same and get swept up to do guard duty and spend 5-6 days a week in camp ANYWAY

So the things you do are quite similar to what you'll do in other units + a bit more but the money is better

Plus you get to do a lot of 'fun stuff' that your time in there will fly right by 

But why you don't want to join? If its for a fear of getting injured , your chances of getting injured are somewhat similar in other units (maybe a bit higher)

If its scared of the ""shiong"" just know that with everything else in life, it doesn't come easy so you may be able to skip the toughness in the army but life will throw the exact same shit at you anyway

Also silent flex when you finally get to wear one.(the beret)",neutral
hlcppc6_0,medium_comment,comment,NationalServiceSG,False,140,"hey op
whether you believe it or not is up to you but here's my story

I was posted there to do my pro term and was eventually sent to 10c4i (basically almost my whole ns was in stagmont)

weird things do happen, and here's a bit of a controversial thing I guess but there are spirits at the bunks. not just at signal training institute but at 10c too

so here's a pro tip. when you walk into bunk next time, lightly knock on the door and say that you're just here for your training then you'll be gone

pat your bed and do the same

maybe it's just psychological or maybe it's legit idk but it worked wonders for me, so here's to hoping it'll work for you too :)",neutral
15elxko_0,submissions,submission,askSingapore,False,28,"Can you receive mushroom spores via mail?. I’m planning to grow lions mane mushrooms in Singapore, and the cheapest option is to buy spore prints from Australia.",neutral
mumiako_1,short_comment,comment,askSingapore,False,34,But still not a huge number. Some people are the problem. Ns itself has some issues but you can't honestly be complaining about the ns men ippt requirement which is just 1 day?,negative
ea1g0eq_0,singlish,comment,singapore,True,61,"If a person wants to chao keng, we just kind of give up on the person liao. So, you won't discourage someone from visiting the MO, so that you can cover your ass because you know you can't tell if someone is actually sick. Yet, you can tell if someone wants to chao keng before they visit the MO?",negative
jhcwfau_2,singlish,comment,NationalServiceSG,True,177,"But shouldn't take more than 1.5-2 months from the point camp MO puts u up for the medical board review, and generally shouldn't fail, unless somehow the senior doctors feel like not enough evidence. ( However specialist memos should be sufficient)  


If you OOT BMT, you will firstly do saikang with company/attach to somewhere in tekong for a few weeks while waiting for posting order, then you will be posted out to work in a different unit as a storeman/ASA (clerk)/TO (may have other vocations but unsure) and undergo vocational training even while u haven't down pes. Once you get your new PES and ur statuses run out, u may be called for re-BMT tgt with the next enlisting BMT batch of the same PES as u. Imo it's btr to go this way than continuing to train with the chance of fucking up ur spine even more than it alr is. Not worth getting ur back injured for life bro, stay safe and wishing u the best",negative
1fvpkbk_0,singlish,submission,NationalServiceSG,True,39,"Why is everyone so wayang in camp?. I just enlisted on Wednesday morning and my fucking buddy has woken up way too fucking early and turned on the bloody lights for everyone, bloody annoying, how do i tell him?",negative
nq5eqbf_8,short_comment,comment,NationalServiceSG,False,34,"I am not even sure if this other person had the same condition in the same place as me, we merely had one of the same condition in name only. I have multiple conditions.",neutral
1n3wrby_3,submissions,submission,NationalServiceSG,False,57,"Everyone was giving us high fives and shit but then this one dude stepped so far out and saw me, raised his arm as if to dap me up then took my hand and clenched it for me as he dapped me up. Felt smth in my hand, opened it and saw he gave me a snickers.",positive
kyg0ci1_5,medium_comment,comment,NationalServiceSG,False,105,"Guess what, in the next few coming weeks, all the recruits whole 4D number ended with 10 also had their locker doors mysteriously opened as well. Damn perplexing 

- of course there’s the fabled Platoon 4 section 4 nunk with the laminated talisman above the bunk door, that is probably the most famous bunk in our coyline, we heard some shit happened there long ago so they kept it there. Also all the windows of our coyline office on the ground floors also had Buddha posters on them, as well as an altar inside our coy office, so yeah, make of that what you will",neutral
lrphd3j_0,singlish,comment,singapore,True,41,To add salt to the wound we didn't even had public transport concession included as default then. Those chao keng kias in admin also got their CFC ranks much easier than men in combat vocations for some fucked up reason.,negative
j9y1c8g_0,singlish,comment,NationalServiceSG,True,35,"Convert lah! After that go study and get McDonald's discount. Sit in Mac's and bio chabor rather than study and fail your way through school, gamble, reform, and become the champion for NPGC!!!! 👑",skip
jnhkmas_2,singlish,comment,NationalServiceSG,True,43,"You will go to KJC in the last 2 months for your final course, after which you will pass out as 3SG. Training here is more chill than your friends in SCS/OCS, but standards are still expected so please don't slack.",neutral
lmqqxws_0,medium_comment,comment,NationalServiceSG,False,82,"Granted that there's an incongruence in young men being enlisted in the military but not being allowed to vote, and there are improvements that can be made to better recognize and compensate NSFs and NSmen. But the sacrifice and suffering is worth it to prevent the many bad things that could happen to sg if we don't have NS and a credible military. I understand your sentiments and hope your 2 years served will be a positive in your life",positive
hs0uunx_0,singlish,comment,NationalServiceSG,True,19,"I think USV is very slack, you’ll enjoy it since u like sleeping and watching videos in class",positive
n40nvyl_0,singlish,comment,NationalServiceSG,True,12,"ok recruit, u can book in and sing this hentak song today",neutral
dxse2at_1,long_comment,comment,singapore,False,372,"Here is something I want others to know about how fucked up our education system is:

I don't have opportunities given to me and I mean the opportunities government give to everyone, I skip school often in primary and secondary school, which leads to me having bad grades and teachers who teach in the NT and EM3 are the worst, I have been ridiculed, embarrassed in front of the class and accused by them in the past \(even after it was found out to be the teacher fault, everything is swept under the carpet, no apology to me because I am a kid.\) And because of all those incident stacking up year by year along with bullying, I choose not to go to school as much as I can, btw those incident started when I was in Primary school so I started to skip school since then, certainly I'm not considered ""smart"" by our system but I did scored enough to go NA for my PSLE but you know what, the system say 4 foundation student cannot go NA\(That's what the teacher back then said\), even though I go NT I don't despise it, in my Sec 1 and 2, I can't speak English well and I mean I can't even pronounce and spell most English words and a conversation in English is out of question, so in Secondary 1 and 2 I'm pretty dumb, always the top 3 counting from bottom but eventually at the end of sec 2 I am at the top 30, pretty huge jump compered to being 75\~ and it all thanks to gaming, seriously, I learned English and Math in gaming due to online trading. In Sec 3, we get to choose a subject to study, I wanted either History or Accounting but the system say I'm too stupid, those are not for NT student so no, funny thing is when I went to ITE and I ended up in Higher Nitec in Accounting, I scored 3.8X GPA, \(2y in Nitec, 1y in HNitec\) whereas the rest who are either in Direct Poly Programme or coming from O level accounting student don't do as well.",negative
1asyzbf_1,submissions,submission,NationalServiceSG,False,12,Is it as bad as they say? or it depends on coy?,neutral
1gm8etc_1,submissions,submission,NationalServiceSG,False,18,Wondering where the camp is? what to expect there in terms of workload? how are the people there?,neutral
v2fhku_0,submissions,submission,NationalServiceSG,False,5,IPPT at khatib camp parking,neutral
es8kov1_1,singlish,comment,NationalServiceSG,True,22,All my old school bag got destroyed already sia. Was walking around Pasir Ris when posting this and saw ppl buying bags.,neutral
kyqpyit_0,long_comment,comment,NationalServiceSG,False,251,"Firstly if you can give me a good reason how a dm in Reddit is better than insta then sure we can do dm but from my point of view you are hiding and yapping while I’m here taking insults from you about how to look in my pfp ? How is that a fair fight that’s why I ask for insta cause I wanna how YOU actually look like which I’m sure all you said about yourself are lies 🤡 

Calling me a ostrich was hurtful 😮‍💨 I am very sad but that’s okay cause you said my pfp that I’m a chiobu so I take that as a compliment thanks 😘 

You are dumb … you calling it ‘sign on’ is what It means in the name ”SIGN ON” I’m talking about girls who did sign on but later leave the military we use the word ORD as well… you keep yapping but you are still serving and clearly not doing much as you have so much time to reply to me on Reddit 💀 shows a lot I think maybe all your muscles you talking about is in your fingers from yapping online 🤡 

You are fighting with a GIRL and threatening me about how you can beat me up can that go through your head and show how pathetic you are ? Jesus no wonder your dad treats you how you are meant to be treated locked up in a room so he doesn’t do anything stupid outside",negative
nnkzd1c_0,singlish,comment,NationalServiceSG,True,9,u kena drop straightaway for fun on first day😂,skip
mr1xzrj_0,medium_comment,comment,singapore,False,113,"But so are the emotions (or perhaps vitriol) from those who were 'replaced' by foreigners in their workplace, discriminated against because most of their department are from certain nationalities, or those dreading reservist not sure who the hell they are protecting 'when button pressed'. At some point you've got to ask, for example, why are our CS grads getting let go left and right while we import more swdevs from overseas? If our educational institutions and the curriculum sucks and are not producing the type of workforce we need, what is being done? And if they are coming in with equal or worse credentials, then why are they allowed to be hired?",negative
j8gtidc_0,singlish,comment,NationalServiceSG,True,25,"yes, as long as u rso with singhealth polyclinic with 11b before its in their system. take this down hor, later ppl snatch slots /s",neutral
1gwb5lw_0,submissions,submission,NationalServiceSG,False,4,My NDU vocation assessment?,neutral
rv3dug_0,submissions,submission,NationalServiceSG,False,35,Enlisting very soon and worried about my insomnia. Im enlisting in very very soon and bought some melatonin recently but I was wondering if it is able for me to bring melatonin into the camp.,neutral
e2gienb_0,medium_comment,comment,singapore,False,160,"I would be totally elated if such a policy existed as all my kids are dual citizens

I'll be happy as well, but I think you are preaching to the choir here. Let me specify what's my biggest bone about OP's point - 

OP said that because of the subsidies Davis has ""leeched"" off Singapore, hence he is obliged to serve NS. This is a very shitty justification for NS obligation because every single goddamn first world country provides equal if not more subsidies for all public goods including education without the need for conscription. The reason for conscription and forced NS is not because of benefits, but rather because we are in a shitty situation of lack of manpower and a real need to have a military to ensure sovereignty. In terms of pros vs cons, is it better off to maintain the institution of conscription without exception or fuck 1 guy's aspiration of playing football?",negative
hg2rign_0,singlish,comment,NationalServiceSG,True,33,"Thanks for the tip man, luckily i requested a hospital q near to my hse when i was referred by polyclinic. Not gg to reveal where if not i too obvious alr lols.",positive
k66oc8a_0,singlish,comment,NationalServiceSG,True,6,go migrate there and serve lor,negative
ctolp39_0,long_comment,comment,singapore,False,290,"Got this off sgforums.com

&gt;Pes A Fit for all operational vocations (Full BMT)
Pes B Fit for most operational vocations (Full BMT)
Pes BP Fit for 4 months full BMT (applicable only to obese recruits)
Pes C Fit for some operational vocations (Modified BMT)

&gt;Further subdivided into:


&gt;PES C1 Required to take IPPT but can be excused up to 2 static stations in IPPT
PES C2 Do not have to take IPPT except Regulars who are required to take Alternative Aerobic Fitness Test (AAFT)
PES C9 Servicemen not required to take IPPT

&gt;PES C grading will be followed by the L-Code (Land Deployability Code) as follows:


&gt;L1 Fit for field duties including front-line duty
L2 Fit for field duties but only in Unit HQ or rear areas
L3 Fit for operational duties at Bases only. Not fit for field duties / exercises


&gt;Pes D Temporary unfit for grading and pending further review
Pes E Fit for administrative duties only

&gt;Further subdivided into:


&gt;PES E1 Able to participate in simple observance parades and LIFE activities
PES E9 Unfit for any form of physical activities

&gt;PES E grading will be followed by the L-Code (Land Deployability Code) as follows:


&gt;L3 Fit for operational duties at Bases only. Not fit for field duties/exercises
L9 Suitable for peacetime sedentary duties at Bases. Not fit for operational duties even in Bases


&gt;Pes F Medically unfit for any form of service

They had this written at the back of the PES status form when I went for my checkup and got my status but apparently I've heard that you don't receive your PES status immediately after the checkup now?",neutral
mi9bxsd_0,short_comment,comment,NationalServiceSG,False,43,"Safety hotline their ass, make them hentakaki or even demote. At most suck thumb or play MC for the last month

""It's not ban RSO, it's calling back for RSI"" sounds the same as ""it's not flooding, it's ponding""",negative
j5e1zk0_1,medium_comment,comment,NationalServiceSG,False,101,Get something that has cashback for now you can get the ones for miles later on if you really wanna go balls deep with traveling the world. If you feel your own cash is going to waste in your bank account load up on a SnP 500 or NQ index fund at lows (not now they have bounced wait for another dive down its coming soon) they give significant growth and about 2-4% dividends annually and set that to auto reinvest unless the prices get too high then keep the cash and buy back in when the time is right.,neutral
ifswkms_0,short_comment,comment,NationalServiceSG,False,56,"nobody is gonna ask you to show your nric/11b to see if your name tag tallies... as long as it's a name you go by and you respond to people calling the name on your name tag it is fine

standard saf rules apply: must have surname at the end of your english name",neutral
icuv2bd_2,long_comment,comment,NationalServiceSG,False,268,"Like before we do any activity, there's safety brief/conducting brief, RAC (risk activity card) at section level followed by coy level where essentially they will go through your well-being, and other factors, go through the man down drill so that everyone knows what to do when someone faints etc they also ensure you to take temperature before they conduct the activity and they will get those not feeling well/injured/on status to fall out. For high risk stuff like weapons and whatnot they'll take extra care and do additional briefs and training and there's a medic on site as well 

I think it's way better than last time and safety is very strongly emphasized cuz of the incidents/accidents that occured years before so don't worry too much about it

As for the first question (and last question) yes If you lose weight you can be classified as combat fit and you can be posted to any shag combat stuff like infantry/guards/armour where you probably have to stay in or there's a chance (if you are super lucky), to go air force or navy, where there's a good chance you can stay out or some vocations in the army are also stay out, really depends on your luck. But for the most part combat fit high chance go to stay in combat or combat support vocations. Don't worry too much man, ur still in jc1, just focus on ur stuff and whatever you have now, the time will come when it comes, don't stress :)",neutral
mhq0oab_0,singlish,comment,NationalServiceSG,True,235,"Hello and welcome to clementi camp, worst bunks in saf but amazing toilets lol

First 5 weeks is basically lectures, mpcct (bcct but more advanced) and lepak

Highlights are chemical defence (wear gas masks and hazmat suit), ATP (BTP but advanced) and GPMG (not even your SCS friends or most of your infantry/AI will get to experience this, so enjoy it)

After that see if you post to air force or army (no navy for you)

Air force then u fk off to aftc and lepak for a few weeks then go do your job as a security guard

Army means congratulations you are in infantry, 4 week course where you learn how to fight as a section and use things like grenade launcher (m203), matador and light machine gun tripflares etc. Got live firing also except matador, also do things like cqb and cqb live firing and got outfield

After that post out to 8 or 9 sir then go through unit induction, which is 1 week tekan session + ippt + a exercise to test you got pay attention during Ur course anot, then u post out to your camp and do you job as security guard 

1 year later come back for 2-3 months of more infantry training where you go outfield and do more infantry stuff + other security stuff then you go a public place and be a security guard there",positive
ijoc29x_0,medium_comment,comment,NationalServiceSG,False,121,"There are a couple options you can try. One would be to just try your luck and explain your situation to the MO and be honest with him (take that however you want) and just explain to him why you need the extra MC and how you feel worse. Second option, albeit more extreme, would be to walk into IMH A&amp;E. If you really can’t take it I recommend this option, seeing as how you might be afraid to speak to the MO after what you’ve experienced. Just explain to the staff/doctors at IMH what you’ve experienced and they’ll help you out. Hope you feel better and hopefully you’ll get it resolved soon!",neutral
18kf0lj_2,submissions,submission,NationalServiceSG,False,59,"Although they are nice people, I just don't want to be judged. I know you guys will just advice me to talk to them  which is indeed a reasonable solution. I just want to know if any of you are facing the same problems and any other ways you resolved it or reduce the level of anxiety thanks.",negative
e26776y_0,long_comment,comment,singapore,False,489,"//Format: RANK SCORE


GLOBAL INNOVATION INDEX

The overall GII score is the simple average of the Input and Output Sub-Index scores. Rank Score
Overall 5 59.80

* Innovation Efficiency Ratio 63 0.61
* Innovation Input Sub-index 1 74.23
* Innovation Output Sub-index 15 45.43

INSTITUTIONS

The Institutions pillar captures the institutional framework of a country. Rank Score
Overall 1 94.65

* Political environment 1 100.00
* Political stability and absence of violence/terrorism  1 100.00
* Government effectiveness  1 100.00
* Regulatory environment 1 98.55
* Regulatory quality  1 100.00
* Rule of law  9 94.20
* Cost of redundancy dismissal  1 100.00
* Business environment 19 85.40
* Ease of starting a business  6 96.49
* Ease of resolving insolvency  25 74.31

HUMAN CAPITAL AND RESEARCH

This pillar gauges the human capital of countries. Rank Score
Overall 1 73.28

* Education 42 54.34
* Expenditure on education  103 21.25
* Government funding per secondary student  n/a n/a
* School life expectancy  n/a n/a
* Assessment in reading, mathematics, and science  1 100.00
* Pupil-teacher ratio, secondary  69 74.86
* Tertiary education 1 96.60
* Tertiary enrolment  n/a n/a
* Graduates in science and engineering  n/a n/a
* Tertiary level inbound mobility  5 96.60
* Research and development (R&amp;D) 10 68.90
* Researchers  5 81.54
* Gross expenditure on R&amp;D (GERD)  13 51.20
* Global R&amp;D companies, average expenditure top 3  15 72.67
* QS university ranking average score top 3 universities  13 70.20

INFRASTRUCTURE

The third pillar measures Information and communication technologies (ICTs), General infrastructure, and Ecological sustainability. Rank Score
Overall 5 65.80

* Information and communication technologies (ICTs) 8 87.31
* ICT access  12 86.10
* ICT use  22 74.50
* Government's online service  3 97.10
* Online e-participation  8 91.53
* General infrastructure 11 57.42
* Electricity output  17 31.99
* Logistics performance  5 96.19
* Gross capital formation  36 50.75
* Ecological sustainability 18 52.67
* GDP per unit of energy use  9 57.90
* Environmental performance  45 64.23
* ISO 14001 environmental certificates  40 19.09

MARKET SOPHISTICATION

The Market sophistication pillar has three sub-pillars structured around market conditions and the total level of transactions. Rank Score
Overall 4 72.36

* Credit 13 66.21
* Ease of getting credit  26 75.00
* Domestic credit to private sector  15 57.41
* Microfinance institutions' gross loan portfolio  n/a n/a
* Investment 2 75.25
* Ease of protecting minority investors  4 80.00
* Market capitalization  1 100.00
* Venture capital deals  14 41.00
* Trade, competition, &amp; market scale 17 75.62
* Applied tariff rate, weighted mean  1 100.00
* Intensity of local competition  15 78.64
* Domestic market scale  38 61.93

BUSINESS SOPHISTICATION

The fifth enabler pillar tries to capture the level of business sophistication to assess how conducive firms are to innovation activity.",neutral
14uto0u_0,submissions,submission,NationalServiceSG,False,24,"Likely vocations for SCS Pro term. Hi just wanna ask, for the 57/23 batch of specs ,what is the likely vocations for us?",neutral
gasfu58_0,medium_comment,comment,singapore,False,98,"when Hangten, Giordano and BHG are in the FIRST floor of the mall, you kinda get the idea). Closest mall and hub is Jurong East which is not bad but downright gets trashed as a location for friend meetups due to the distance for pretty much everyone else but the westies. Transport wise is trash too cos the only direct bus gets you to Orchard and its jam packed daily and used to be the butt of bus overcrowding jokes (don't tell me about 67 please it doesn't go downtown like City Hall/Bugis area direct).",negative
dj6nzws_0,medium_comment,comment,singapore,False,106,"As long as you don't enter the firing range which is nearby and actually locked up tight, there is really no harm spending the weekend at the driving course because there really isn't anything sensitive there. I once walked in on an SAF training (probably reservist) on a Saturday at the driving course itself, and the officers in charge didn't seem to mind one bit while i trundled along on my motorbike. Rule of thumb is, don't use it when the SAF is using it, don't do stupid illegal things, don't damage anything there, and don't cause a ruckus.",neutral
v3zen3_0,submissions,submission,NationalServiceSG,False,84,"Ranking up from CPL to CFC. Hi guys, would just like to ask if there is a minimum number of months of being a CPL before you can be eligible to be promoted to CFC? I know the promotion to CFC is not something that you will confirm get (e.g, PTE to LCP after being a PTE for 8 months) your performance must be outstanding and superiors must like you etc..

Also if given the opportunity, would you take the rank of CFC?",neutral
hnympxl_0,singlish,comment,NationalServiceSG,True,15,"Very Shiok one, it is a stay out vocation. The regulars there very brother one👍",positive
fuzapis_0,short_comment,comment,singapore,False,31,"Not even any significant natural resources within our borders worth a damn. An ICBM will remove all resistance in one stroke, but also remove the infrastructure and people in one stroke.",negative
jkm7o4s_13,medium_comment,comment,NationalServiceSG,False,118,"Workload and even though it's easier still has to be called for that it's stressful and the office politics that I have to deal with is draining. honestly I think it's just me being a bitch despite having a rough and tough background but, I can conclude that if you don't have strong and sincere intentions of signing on, don't even dream of becoming a combatant if you're already not and no matter how ambitious you may be, realistically you will inevitably question your purpose too many times, and in the long run, you know how it will affect you because it's your own subjective situation that you're dealing with.",negative
hjt8r2u_0,medium_comment,comment,NationalServiceSG,False,100,"I honestly recommend you train your push ups, I ran a 13:16 but passed with 68 points because I did 58 sit ups and 42 push ups, based off those statics, a silver is 12:20 or faster. Because of the way IPPT points are generated, you get diminishing returns the further you go, but you get good returns at the start/low amounts, for example, every 10s faster from 16min-15min gives you +2 Pts, while from 11:40 onwards, you only get +1 pt every 20s faster, and below 11:40, every 10s faster is +1 pt.",neutral
wguyi2_0,submissions,submission,NationalServiceSG,False,14,What are the odds of making it to the intel wing in the SAF?,neutral
cx6yu1_0,submissions,submission,singapore,False,23,Can be ICT related or the canteen (recommended food) related. Things to look out for and what we can bring or not bring.,neutral
l16t1h6_0,singlish,comment,NationalServiceSG,True,17,Carry your wife and  walk the entire park instead. Don't xia  suay let FTs laugh please,negative
lknu68s_0,singlish,comment,NationalServiceSG,True,48,"Your Unit guy chao keng good life. My time I storeman had to shoulder the responsibility of a CQ 3rd SGT role because manpower shortage. I had to setup PT stores every morning 6.30am, account for stores, indent ration, make sure the soldiers get their bedding equipment.",negative
gfhvszg_1,singlish,comment,NationalServiceSG,True,38,And also I mean is there any chance that It get much easier and slack as we move on? side query : (being optimistic)but is there any chance/time to like gym in camp whilst posted here ? Lol,neutral
is8gsyq_0,long_comment,comment,NationalServiceSG,False,260,"Tldr: yes. Excerpt from Chapter 295 Singapore Armed Forces Act 
-

The following persons shall be persons subject to military law and this Act shall, subject to such exclusions or variations in relation to non-uniformed servicemen as may be prescribed, apply to them: 

(a) regular servicemen and full-time national servicemen in the Singapore Armed Forces from the time their liability to report for enlistment or service arises until such time as they are lawfully discharged or released; 

(b) operationally ready national servicemen from the time that they are ordered to report for enlistment or service, whether they have complied with such order or not, and while in uniform or performing service in the Singapore Armed Forces or the People’s Defence Force pursuant to section 14 of the Enlistment Act (Cap. 93), and while called out for mobilised service pursuant to sections 16 and 17 of that Act or when called out to duty in aid of the civil power; 

(c) all civilians who are in the service of the Singapore Armed Forces when engaged on active service; 

(d) all civilians, not otherwise subject to military law, who are followers of, or accompany, the Singapore Armed Forces when engaged on active service; 

(e) officers and soldiers belonging to a Commonwealth or foreign force when attached to or seconded for service with or otherwise acting as part of or with any portion of the Singapore Armed Forces; and 

(f) volunteers during the period that they are ordered to report for service, whether they have complied with such order or not. [",neutral
leoldys_0,short_comment,comment,NationalServiceSG,False,42,"I guess that’s true. I noticed it’s usually the older generation that likes talking about army more, but that’s probably because it’s one of the few universal things that they can relate to with the younger generation LOL",neutral
gfd8wik_2,singlish,comment,NationalServiceSG,True,48,"&gt;This batch doesn’t have MRF as heard... Curious about Paramedic course, is it limited to Spec only

Paramedic course is limited to regulars only. &gt;Curious about eventual postings such as MMI@Kent Ridge or CMPB, how are these done? This one legit heng suay bro.",neutral
cmika0y_0,long_comment,comment,singapore,False,307,"But onwards. It's true that with the OP being above 21 years of age, the Act states that:

&gt;The court shall not make an order under subsection (2) for the benefit of a child who has attained the age of 21 years or for a period that extends beyond the day on which the child will attain that age 

However, it goes on to state that:

&gt;unless the court is satisfied that the provision of the maintenance is necessary because —

&gt;..

&gt;(2) the child is or will be or (if an order were made under subsection (2)) would be receiving instruction at an educational establishment or undergoing training for a trade, profession or vocation, whether or not while in gainful employment;

I got myself a plain english translation because IANAL [here](http://www.lawhub.com.sg/articles/splitting-up-part-3-maintenance-of-wife-and-children.html)

&gt;Under the law, a child must be maintained until he or she reaches the age of twenty-one (21). However, the Court may make an Order for the benefit of the child who has attained the age of 21 years or for a period that extends beyond the day on which the child attains that age because:

&gt;..

&gt;* The child is or will be or would be receiving instruction at an educational establishment or undergoing training for a trade, profession or vocation, whether or not while in gainful employment. Once again, I reiterate that I'm not a lawyer, and so I can't speak for certainty if the OP's placement in university applies as ""receiving instruction at an educational establishment"" in this instance, but this is why I mentioned in my original post that a good option for her would be to speak to one at the Family and Juvenile Court Building.",neutral
ea3wiir_0,medium_comment,comment,singapore,False,117,"I do not agree with your rationale here OP was on medical leave and was certified medically unfit during this period.. even at GCM i do do not believe the judge would accept this rationale

&gt;See relevant material of what constitutes malingering by lawsoc (actual lawyers):https://lawsoc-clinic-manual.readthedocs.io/en/latest/sections/military-law.html

Assuming you noticed this line under what is described as malingering 
Falsely pretending to suffer from an illness. If you are deemed medically unfit yet able to perform regular duties the Officer can naturally interpret it as an attempt at malingering. This of course is up to how the Officer in question case against you and your defence.",negative
dkfkyje_2,medium_comment,comment,singapore,False,80,"Although I spent more time in Tekong, everything was at a slower pace as compared to my friends in the enhanced intake. I'd say PES BP has more admin time as compared to the other intakes and my platoon often uses this time to do group training -- few people doing assisted pull ups (for low rope training), others challenging each other to do push ups/sit ups and the rest, running and doing exercises with their Platoon/Section commanders.",neutral
k37ma31_0,long_comment,comment,singapore,False,256,"i knew an israeli military hacker in unit 8200 during his NS days; he told us about a slang term in the IDF called a ""kitbag question"" which essentially translated to a sabo question similar to how someone in class would ask the teacher about homework

iirc in the IDF, a section of soldiers are responsible for a kitbag of equipment like tent pitches and radios, and no one wants to carry it since it's extra heavy; thus, asking about the kitbag makes you or your peers liable to be the one carrying it, so kitbag question

i talked briefly to a korean dude who was also going through korean BMT at the same time i was going through singaporean BMT; he spoke about how he wished to be posted to busan since the climate's slightly warmer and the camps are more chill, but he ended up posted to DMZ lol, i hope he's still doing fine

i still talk to a guy on discord who's finnish, he had to defer his service due to school and i remember him laughing at how stretched out and elaborate singaporean pre-enlistee screening was; finnish screening according to him took anywhere from 30 mins to an hour

don't know any swiss NSFs but i do know a girl friend who signed on armour in switzerland; she had childhood leukemia and told me she enlisted as part of her own self-promise never to be as weak or sick as her younger self again",neutral
11snf2m_0,submissions,submission,NationalServiceSG,False,13,SAF SCDF or spf which is the most rare to get enlisted to?,neutral
myz7h5g_0,medium_comment,comment,NationalServiceSG,False,83,"Finished BMT at sch V only fairly recently. We had fights breaking out between people, a person crashing out at one of the sergeants (screaming, throwing stuff), threatening to re-BMT if he didn't get to be parade commander/tonner ic (for pop), attempting to punch a sergeant, going to other bunk toilets to shit (never flush, also suspected that he went to the HQ block to shit and never flush)

If you know you know! Don't doxx the guy lol",negative
1f3c542_4,submissions,submission,NationalServiceSG,False,39,"But of course I will only start my Isotretinoin after POP to prevent sun damage on my skin.) If so how will this affect my PES and what vocation will I be posted to, as an Excused Sun Recruit?",neutral
ekmck49_0,long_comment,comment,singapore,False,370,"The courts have ruled against various executive bodies in the following cases:

Ting Choon Meng v AG: on a proper interpretation of s 15 of the Protection from Harassment Act, MINDEF is not entitled to bring an action under that provision

Re Venice-Simplon Orient Express Inc: Registrar of Trade Marks's decision on timelines for a hearing was unlawful

Tan Gek Neo Jessie v Minister for Finance: Registrar of Businesses's order to a business owner to change the name of her business was quashed

Re Fong Thin Choo: Director-General of Customs's decision that cigarettes which were passing through Singapore were dutiable was unlawful because, among other things, the Director-General did not give the cigarette trader a fair hearing and ""failed to investigate fully the evidence produced by the company""

Tan Chui Lian v Neo Liew Eng; Koh Cheong Heng v Ho Yee Fong: an HDB flat can be held on resulting trust if the beneficiary is eligible to own one

Goldring Timothy Nicholas v PP: accused person entitled to recover possession of documents seized from him by the police so that he can use them to defend himself

In the following cases, while the executive did not lose the case, the court made things harder for the executive:

Tan Eng Hong v AG; Vijaya Kumar s/o Rajendran v AG: a person whose rights are affected by an allegedly unconstitutional law/executive action has the right to challenge that law/executive action in court, hence forcing the state to come to court to defend fthe law; the courts take an expansive reading of when one's 'rights' are potentially at stake -- any homosexual had the right to challenge s 377A; any Hindu had the right to challenge the Thaipusam live music restriction

Vijaya Kumar s/o Rajendran v AG: the police's restrictions on live music at the Thaipusam festival were lawful because they were nuanced, calibrated, and responsive to specific public order concerns -- the court did not just say that the restrictions were lawful because the police can do whatever they like

Jeyaretnam Joshua Benjamin v PP: a law is unconstitutional if it vests ""absolute and untrammelled"" discretion in an executive officer

[edit: typos]",neutral
howc9gq_1,medium_comment,comment,NationalServiceSG,False,87,"Do take this issue up to your commanders to clarify, or escalate to safety hotline if necessary as it is a serious breach. Please seek clarification from MO about how the MC was cancelled as ethical code and guidelines clearly state that you have to be assessed personally again if the MC provisions are to be amended. If there is a medical breach (i.e your MC got cancelled by MO without accessing you for the second time), you can lodge a report with SMC as well.",negative
kadeo8k_3,long_comment,comment,NationalServiceSG,False,334,"Progression is 1 year training > serve your PC tour (in charge of a platoon) as a LTA for about 1 year (I did mine for 1.2 years) > staff tour 2 years > trainer tour 2 years (or some people will go trainer tour first) some will do longer or shorter depends on age too > 1 year OC (in charge of a company) tour > staff tour 2 years > 1 year course etc and it goes on 

3. Personally I signed on because I thought I wouldn’t like a desk-bound job too haha I really enjoyed my time in BMT because a lot of physical training and in OCS service term which we did infantry based training (outfields and PTs back to back) but in signals pro term (and I believe for most of the vocations aside from infantry/guards/cdo) requires a lot of studying 
So pro term was just a lot of lessons and tests…. Being an officer actually is just a lot of paperwork haha I’m forever at my desk 😭 wasn’t so bad during my PC tour because I had battalion PTs and exercises but now as a staffer, it’s really like a 8-5pm (but I rarely leave at 5 too) haha 

Generally 8-6pm++ then I’ll have a few major exercises a year some parts require 12 hours manning duty
Side taskings such as conducting for conducts or events, writing minutes as the secretary, helping out for recruitment events, monthly duties etc haha honestly it has took a drain on my mental and physical health, there were times when I wanted to leave, but despite not getting any scholarship or backpay from SAF, I’m still expected to serve for a minimum of 3 years upon signing contract. So as of now, I’m still considering my options because I guess it’s a comfortable pay and stable job :”) but it’s just not really what I envisioned myself to be doing in the army!",neutral
n6bbdn8_0,long_comment,comment,NationalServiceSG,False,312,"What kind of intelligence work are you expecting? You're actually better off signing on under wospec scheme and join Army Intelligence which does reconnaissance, and within that there are different method to gather intelligence..  But if you sign on under ME scheme then you will be with the C4 and you can be in one of the 4 roles and intelligence is only one of the 4 C's. and don't set your hope high they will put you to work on actual intelligence stuff like open source, or cyber intelligence stuff, as you may end up in a signal battalion managing and servicing signal equipment or even routers and other network devices..    

ME although are non combat, meaning they don't need to chiong hill, bang her bang there, they're the backbone of the combat unit..  and like in all back ends, ie, internet..  we're only bothered when we have no connection and while we sleeps, the tech guys (The ME's) work round the clock maintaining maximum up time..  Like for army..  The combat guys goes to the store draws their equipment, check faulty, report and get a operational one and they go to the field use it, then return and they go shower book out, as for ME..  They do pre and post checks and maintenance for the combat guys..  again, like cook.. The prepare, they cook, combat guys come eat..  then cook still need to do clean up, and anyone lao sai. the cook all get into trouble..  

tldr;  if you're healthy, and your PES status allows, sign on with Army intel or a combat vocation..  it's only shag during courses, but you will eventually get conditioned and fit progressively..  and there after, you don't actually go charging hills and bang here bang there everyday..  but ME works everyday 24/7",neutral
dnajzoa_0,long_comment,comment,singapore,False,298,"Yes, I know how bad CNB and TNB access roads are, I alternated between those two bases during my NS - now, that was less than five years ago - I did get a concussion from banging my head on the roof of the taxi I was in on Tanah Merah coast road as it hit a pothole at 60kph, there were crashes and breakdowns amongst the heavy goods trucks carrying workers and materiel to and from the dormitories and dredger pier, and private cars would also bump into something or other trying to avoid damaged sections of the roadway or reckless construction vehicles. Just as importantly, it's impossible, at least back then, to get to the base in any sort of reasonable time during the day, because of construction companies conducting truck marshaling on the road and blocking both lanes - this affected personnel urgently activated or on short NFS. I have spent almost an hour in traffic driving from the mouth of Tanah Merah coast road to the outer CNB gate more than a handful of times

If a new, wider access road has been constructed, then this partly solves the problem of traffic congestion and accidents blocking all access - I wouldn't know if this has been done, since I haven't been back for some years, but the point remains that sharing the access road with poorly-driven, overloaded construction trucks is both a safety risk, as evidenced by this article(during exercises or busy periods we would get like 4-6 hours of rest max, so being tired is not something new to Navy personnel, and not something they brought upon themselves), and a problem that affects operational readiness - the dormitories and truck marshalling/dredger unloading yards should be relocated from a strategically significant area",negative
gvwaiu_0,submissions,submission,NationalServiceSG,False,21,"Where to buy triangle underwear during this period of time. LOL although the title sounds stupid, I’m seriously not trolling.",neutral
co0xdz2_0,long_comment,comment,singapore,False,261,"(1) Those who never clear NAPFA undergo 2 months of physical training and conditioning at NSTI, National Service Training Institute, the training facility where all basic rescue training is conducted... it neighbours the Civil Defence Academy, CDA, where all fire-fighting training takes place. After 2 months of training, recruits short-listed for fire-fighting training (as either SecComms AKA Section Commanders (who are Sergeants, 3 chevrons) and fire-fighters) *cross-over* to CDA to undergo 2 weeks of Selection. In the meantime, a new batch of recruits, the enhanced batch, those who had cleared NAPFA, enlist at NSTI for BRT, Basic Rescue Training, where again after 2 weeks those short-listed for fire-fighting training will crossover to join the PTP batch who've made it through the 2 weeks of Selection. Together, enhanced and PTP batches, now undergo a 2 week Basic Fire-fighting Course (BFFC), at the end of which they are finally separated into SecComms and fire-fighters. PTP and enhanced recruits who never cross-over, as well as any drop-outs from Selection and BFFC, then undergo training for other vocations at NSTI, after completing a 5-week BRT course where they learn how to administer first aid and operate power tools, amongst other things. **Post-BFFC Courses**:

* Rota Commander Course (RCC): 29 weeks, 7 months 10 days -- fire-fighting course for officers, only available for degree-holders who sign as regulars in the SCDF, those who cross-over from BMT in the SAF, and offered to the top 10 NSF recruits from the previous SCC.",neutral
kguc5a4_0,medium_comment,comment,askSingapore,False,90,"Get used to the lactic build-up mostly (best done by doing the 400m laps others have suggested) and the fatigue from pushing your body up to your 80% capacity. You can even go below 10 mins (heck, make it sub 9 mins) by July if you really push yourself hard each run. I could barely do the company runs when I first enlisted, but managed to clock 9mins30s for my first official ippt (4 months in I think) since the previous ones had lightning warnings amd got cancelled lol.",positive
11xgdsv_3,singlish,submission,NationalServiceSG,True,29,"What if they keep re-FFI you on next week then next week then next week)
2. If I never complete BMT (manage to siam somehow), will kena reservice? (",neutral
h2yd73m_0,medium_comment,comment,singapore,False,93,"If they don't have any mental issues, high chance they have stuff like serious degenerative disc, torn ligaments/cartilage, hidden disabilities, etc. Post-NS I had a few PES E colleagues when I was still working, the most unique case was probably the army obsessed guy who was diagnosed with Stage 2 cancer prior to NS. He said he was eligible for PES F but he refused to be exempted, so MO placed him in PES E. He pretty much only serve a year of it though, good thing he eventually recovered.",neutral
mnbwqo2_0,long_comment,comment,askSingapore,False,288,"Nothing as dark as some of the stories shared here (y’all have my condolences), but here’s mine from about a decade ago:

- Be me, a dude with an interest in mechanical design and a knack for CAD modelling
- Friend jio job opening for a role that I was damn interested in (product designer) that was also tied to my hobby (cycling), but I just started NS
- Same friend jio again 1.5 years later but I still haven’t finish NS
- Fast forward another 3 months, but friend tells me now economy not doing too good, boss not hiring
- Go work a technician elsewhere instead, potentially pigeon-holing my career for good
- In the meantime I picked up 3D printing and got into the maker movement to improve my design skills and built up a portfolio
- Fast forward another 3 more years, took the leap to go uni, and friend jio for a catch-up kopi
- Friend says designer role is open again, but then my degree (and uni in general) is blacklisted cuz the company hired some of my “seniors” and they turned out to be basket cases
- Said “seniors” were from an older programme that no longer existed during my time, but the damage was already done; not even pulling strings and having a portfolio would help

Tl;dr - Did everything I could to line myself up for a dream job, but events and circumstances beyond my control worked against me at every turn. Couldn’t even get my foot in the door for an interview 🥲

The silver lining is that I eventually made my way into the industry, but through another company under a completely different product category… And then I got retrenched 🙃",neutral
nj8m296_1,long_comment,comment,NationalServiceSG,False,297,"Well..  most will turn to MSF who may be able to help them defer payment for whatever like the mortgage and utility , get subsidized school fees, and financial aids etc..  and that's how they get by..

For OP case..  His wife is holding a full time job, and not sure about the dad, but if he's unable to work, then he can go to MSF for help?.. so..  for many troubled families in SG..  we have had 90 years old still working, and some may say they want to do it to past time, but many actually have no choice because, their grandson is serving NS, their son maybe have passed or totally hopelessly drunk or stoned every other day..  

TLDR..  OP is fortunate that his wife have a full time job. and to resolve this..  Apart from spamming letters to MP and ministries, or even making noise through social media..  OP family need to band together to survive which I don't think is hard..  His dad and grand parent if cannot work can ask for assistance, and if the wife don't make enough to cover basic necessity, then she may need to work harder, do 2 jobs (sucks, but that's the reality for SGrian's). One other option OP can consider is..  sign-on..  and I have read similar comment here that got down voted, but seriously..  Get real..  sign-on is the best option..  If you're PES BP..  Just work out harder during BMT to get out of it..  sign-on, and you get regular pay serving your NS and fulfill your minimum term and then consider your next step as by then you'll have some savings to take with you if you decided to leave the force..",neutral
1ds0y4z_0,singlish,submission,NationalServiceSG,True,36,"Recruittttsss alamakkkkkk. Lol on the bus and these two recruits complain complain  their camp far and all, hard to find lah, but they first time oni going siah hahahaha head still botak oso Dont lame lah 🤦🏾‍♂️",negative
hcakxjv_0,short_comment,comment,NationalServiceSG,False,28,"MASCC used to be ran solely by OES (then OETI), with training under ME3s. Your sections mates and platoon mates can only be from AMB or Ammo command.",neutral
dwy105u_0,long_comment,comment,singapore,False,425,"I'm speaking from my own point of view as a PTP enlistee. Some items I brought (and you could consider bringing in) were/are:

- huge capacity powerbanks (I bring in 2 RAVPower 26800mAh Type C powerbanks)
- toilet roll (once you finish your first roll provided by SAF, the second roll must be kept for pack number 4 in your field pack)
- the standard shampoo, soap, face wash, toothbrush, toothpaste, mouthwash
- wet wipes to clean stuff
- your own tissue paper (up to you, you could always rely on toilet paper but for me I'm a clean freak so I separate the use of toilet paper and tissue paper)
- deodorant
- hand sanitizer (completely unnecessary unless u don't trust the one SAF provides for each bunk, or prefer a better known brand like Dettol)
- Instant kiwi liquid boot polish (faster and more effective than standard kiwi with brush)
- antiseptic powder (in case you have no time to bathe since you get little admin time for BMT)
- ziplocs (can't emphasise this enough, get more S M L sizes of ziplocs for field pack and for other items you may wanna pack in them; with every force preparation you will often need to replace ziplocs)
- plastic bags (buy a considerable amount of them, can buy both small and large ones from SKP, white sands has SKP store btw)
- hangers (to be safe bring about 13 - that's how many I have in my locker personally so I got spare in case any hanger breaks)
- clothes pegs (to secure your clothes on the hanger to hang to dry)
- snacks (depends really, I heard some new BMT recruits say they are allowed to bring in snacks; I myself bring in Quaker Oat Cookies)
- extra pairs of socks (white socks and green socks, can be bought from HIS Army Shop at Pasir Ris Bus Interchange; this is optional)
- your own Gillette shaver (cos the SAF shaver sucks balls)
- batteries (bring at least 2 AA sized ones for your SAF torchlight, you will then be given a 4 pack battery to keep in pack number 5 of your field pack, and that is not to be used at all until outfield)
- bring along earphones if you wanna listener o music at night
- FEBREZE **EXTRA STRENGTH** 
- LIQUID DETERGENT (for hassle-free laundry time)


If you want to give welfare to your bunkmates, you could buy like 4 packs of 60 Eaziwipes or kitchen wipes to clean your bunk, AREA CLEANING happens every day so yeah. I guess that's about all.",neutral
njhb7yc_1,medium_comment,comment,singapore,False,113,"Want to talk about the so-called ethics and upstanding conduct that apparently all SCs are known for? Heard about the SC (from the 1990s batches) who tried to use privileged evidence wrongly disclosed to him by opposing counsel? Or about the SC (also from the 1990s batches) who nepotised his son (who would otherwise not have been selected on merit) into his Malaysian office, who then proceeded to sexually harass junior female lawyers there? Or how about the SC (also from the 90s) who tried to act for Russia against Ukraine in Crimea-related disputes involving the detention of Ukrainian servicemen (only to chicken out after word got around in the industry)?",negative
jqlqer5_0,short_comment,comment,NationalServiceSG,False,10,"Ohh , mind if I pm u more abt ntu cs?",neutral
hi8vflb_0,short_comment,comment,NationalServiceSG,False,13,Same. We still chat on phone but havent been hanging out since POP..,negative
15bvwhj_3,singlish,submission,NationalServiceSG,True,24,"5) I heard that if you are from UG (esp NCC), don’t sound out. Why leh they got ask? Why do they ask?",neutral
14l1aaf_0,submissions,submission,singapore,False,16,Why is national service so long? Why can't it be done alongside N-level studies?,negative
ierqo6o_0,medium_comment,comment,NationalServiceSG,False,84,"Speaking from My POV;

Really depends on what your posting is after BMT because it’s either you go to command school or get posted to a unit to further your training. If you get posted to command school, by virtue of being a commander when you pass out as a specialist or commissioned as an officer, there’s no running from responsibility. You will be in command of men under you and that inherently will eat into your personal time, freedom and interests.",neutral
dy20bzc_0,short_comment,comment,singapore,False,22,"I was like you when I was having field camp in tekong, a few friends too. We thought it was supernatural rofl",positive
dpcsubr_0,short_comment,comment,singapore,False,37,"Please tell your friend not to up PES. I do understand that younger ones are in search of adventures and excitement during NS, but trust me when I say SAF is not the place to get it.",negative
8frq3g_0,submissions,submission,singapore,False,23,SPR and NS vocations. Any SPRs that have served or serving NS would like to share what vocations you have gotten after BMT?,neutral
kbjdwcw_0,medium_comment,comment,NationalServiceSG,False,108,"i was from 9th than posted to 8th, gotta say 8 is shit bro. 8 feels like ur a slave while yes ur a slave in 9 as well but at lest theres a feel of family in it, u get a lot more well fair(yes shit they bring r gonna expire soon but at least they bring )u get to say no if you don’t wanna do something ,but over here in 8 when I say no the answer I get is u either do or get charged and isn’t the whole payback mc thing just whoever took the most mc will rf first?",negative
1mq5cmq_0,submissions,submission,NationalServiceSG,False,7,NSMan In Need of Uniform Because Fat,neutral
n4j8co_1,submissions,submission,NationalServiceSG,False,34,Today I called in and they said no such booking was made. My tooth is actually in pain and I've been holding off for awhile is there no way to raise this up,negative
h8dwbfx_0,long_comment,comment,NationalServiceSG,False,308,"**Stage A - Day Shoot**

300m - Foxhole Supported    
Target Type: Fig 11, Fig 12    
Exposure: 4/8 Sec    
Interval: 6 Sec    
Rounds: 06 Rounds    
Remarks: Randomly Target    

200m - Prone Unsupported    
Target Type: Fig 12    
Exposure: 4/8 Sec    
Interval: 6 Sec    
Rounds: 06 Rounds    
Remarks: Randomly Target    

100m - Prone Unsupported    
Target Type: Fig 11    
Exposure: 8 Sec    
Interval: 6 Sec    
Rounds: 03 Rounds    
Remarks: Moving Target    

100m - Squatting/Kneeling    
Target Type: Fig 15    
Exposure: 4/8 Sec    
Interval: 6 Sec    
Rounds: 03 Rounds    
Remarks: Randomly Target    

50m - Standing Shoulder    
Target Type: Fig 12, Fig 15    
Exposure: 4/8 Sec    
Interval: 6 Sec    
Rounds: 06    
Remarks: Randomly Target    


**Stage B 50m InAD**

50m - Standing Shoulder(Contact Front)    
Target Type: 2x Fig 12    
Exposure: 6 Sec    
Rounds: 2 Rounds    
Remarks:    
1 Rounds to Left, Fig 12    
1 Rounds to Right, Fig 12    

50m - Standing Shoulder(Contact Right)    
Target Type: Fig 11, Fig 12    
Exposure: 6 Sec    
Rounds: 2 Rounds    
Remarks:    
1 Rounds to Left, Fig 12    
1 Rounds to Right, Fig 12    

50m - Standing Shoulder(Contact Left)    
Target Type: Fig 11, Fig 12    
Exposure: 6 Sec    
Rounds: 2    
Remarks:     
1 Rounds to Left, Fig 11    
1 Rounds to Right, Fig 12    

50m - Standing Shoulder(Walking Contact Front)    
Target Type: Fig 12, Fig 12    
Exposure: 6 Sec    
Rounds: 2    
Remarks:     
1 Rounds to Left, Fig 12    
1 Rounds to Right, Fig 12    

**Stage C - Night Shoot**

200m - Prone Supported    
Target Type: Fig 11(Illuminated)    
Exposure: 6 Sec    
Interval: 4 Sec    
Rounds: 04    

100m - Prone Unsupported    
Target Type: Fig 12(Silhouetted)    
Exposure: 6 Sec    
Interval: 4 Sec    
Rounds: 04     

100m - Squatting/Kneeling    
Target Type: Fig 12(Blinking)    
Exposure: 6 Sec    
Interval: 4 Sec    
Rounds: 04    

50m - Standing Shoulder    
Target Type: Fig 12(Blinking)    
Exposure: 6 Sec    
Interval: 4 Sec    
Rounds: 04    


not from SCS but this is what I did for my ATP",neutral
m1cd7n1_0,singlish,comment,NationalServiceSG,True,2,Gg lah 🫠🫠,negative
jts7lkd_0,singlish,comment,NationalServiceSG,True,33,"please prioritise your health first. if your sgt, encik or whoever calls you a chao keng then so be it. they won't be the ones crying if something ever happened to you",positive
1bgd7xi_2,submissions,submission,askSingapore,False,80,"We also have gathered evidence of the same occupants pouring corrosive liquids which produced a strong bleach-like odour, and soiled water out of their service yard window, damaging my laundry, as well as that of the neighbours below me. My downstairs neighbour has even sent me a video of the water dripping down. One time I caught them pouring a bucket of water out, and I checked with the neighbour above the harassing unit; their service yard was dry!",negative
kgf6iga_0,singlish,comment,NationalServiceSG,True,12,"shit sia i was looking forward to it, how to up pes",negative
1d95v7h_0,submissions,submission,NationalServiceSG,False,13,How long is the process for regular application after medical for sign contract?,neutral
jwigrkb_1,long_comment,comment,singapore,False,275,"I said that it made sense to put people with strong ties to Malaysia (doesn’t matter if Chinese, Indian or Malay) in non-sensitive units if possible, if our government views Malaysia to be the biggest threat to our sovereignty which it does (whether or not this is actually the case is another matter). Chinese, Malay or Indian doesn’t matter, if the government has any doubt —- even if that doubt is an extremely extremely small doubt — that their loyalty might be more towards Malaysia rather than Singapore then it just wouldn’t be worth the risk to place them in “sensitive” units when they can serve Singapore in other ways. Anecdotally I have not seen any Chinese with extremely close ties with Malaysia (e.g. those who go back to Malaysia every two weeks) get placed in “sensitive” units as well. It’s not about race but ties to Malaysia — it just so happens that out of the three main races Malays are the most likely to have stronger ties to Malaysia, therefore we see less of them in “sensitive” units. Backgrounds have to be thoroughly checked before placement into “sensitive” units and if two prospective recruits with around the same suitability, one of whom has no connection to Malaysia while the other has grandparents there, it doesn’t matter the race of the prospective recruits, it would only be logical for MINDEF to choose the candidate with no connection to Malaysia. This is what I mean by properly investigating backgrounds — if MINDEF does their job right, then the people chosen for “sensitive” units would be those with the least connections to Malaysia.",neutral
m7kp9dt_1,short_comment,comment,NationalServiceSG,False,19,"If your PC cannot be impartial for this, both of them can be investigated. Nobody is above the law",negative
wk1b98_0,submissions,submission,NationalServiceSG,False,16,"Thank You all for those on duty today. Hi all :) 

To those who are on duty.",positive
13u0llk_2,submissions,submission,NationalServiceSG,False,43,"For my question, is it possible to have the surgery done during NS so it is being covered by MINDEF? If yes, should I declare it before or after my BMT? And if I declare after my BMT, will they cover my surgery?",neutral
dc5y2rt_0,long_comment,comment,singapore,False,385,"And maybe that's called being lazy but that's really all I know at this point. And teachers chase me and believe I have some potential but I'm just lazy and they all believe they can fix something and I end up disappointing all of them by submitting basically nothing especially because I can't work under pressure

Sometimes I don't even know what people require from me (My room is never tidy enough; my mom insists that ""organisation"" is achieved by shoving everything I have into a box even if that makes finding things literally 10x more troublesome and even if half the stuff in the pile isn't my shit; essays have gotten returned with a D because they couldn't read my bloody handwriting which I can read really well and I've been trying to improve for the past however long [my issues include motor co-ordination issues])

I've managed my money really badly in the past semester and as such I've been at a deficit of money for the past a while (my parents' policy is that I get a bunch of money per month and I spend that on whatever I want but I don't get anything over the holidays so basically I'm screwed) and I know I should get out of the house somehow but I need money for that or I need to get a bloody job but I don't even know if I can force myself to do anything for money and I'm fucking staying at home and rotting to hell right now but I don't know what I can do

I have this bloody complex because I'm bad at social situations (I have a hard time telling what people are feeling and when I'm speaking out of place or when I'm being inappropriate) that I have to try to be ""interesting"" (read: weird) so that I can find a niche to fill with people and that both makes it even harder to relate to people on a more equal level and puts me on the same level as the supposed posers who follow top 40 or whatever in music in that sometimes I don't think my interests are genuine or whatever.",negative
kgdup6h_0,long_comment,comment,NationalServiceSG,False,261,"As a ns bf i bought my gf a soft toy and hugged it for a month prior so it have yea my scent ahem, i write long paragraphs as well when shes upset, prepare our monthsary when i have any time, during the out field i prepared some scheduled messages (i didnt bad time as i thought of it last minute)and during this time she was reading past messages and at the same time updating whats shes doing throughout the day. We try to call everyday (we call almost everyday im not joking) even lights out and fall asleep from there
During confinement in bmt we were talking about what we will be doing once I book out , we were also counting down the days to the next book out and grab her food whenever she tries to skip meals i love her so much and i don’t want her to have gastric pain thus yea
It really depends how strict his coy is but all the best you will see him soon Jia yous fellow GF
Ns GF role is tough, but see it as a challenge. We got together literally a day before ns started
For him if he can try to support you emotionally just like i am to her
For you like your avoid conflict unless its something that must be resolved asap, and support him my gf got me things to survive bmt and make my life easier like a portable fan, salonpas, febreeze and alot of other items that im thankful for.",positive
m3jvbtv_3,singlish,comment,NationalServiceSG,True,21,"Just do the 10 years, enjoy the ride. Yes it can be annoying, but what to do we must serve mah.",positive
e17evt9_1,long_comment,comment,singapore,False,274,"So far there's been no evidence of any of our wild boar looking like anything other than wild boar - there's no weird colours or any other features suggesting that they've cross-bred with domestic pigs to any noticeable degree. [Wildlife surveys were done in the 1990s in the Bukit Timah and Central Catchment Nature Reserves](https://www.nparks.gov.sg/sbg/research/publications/gardens-bulletin-singapore/-/media/sbg/gardens-bulletin/4-4-49-2-11-y1997-v49p2-gbs-pg-353.pdf), and while there were some recorded sightings of deer, no signs of wild boar were found during the surveys - seriously, if wild boar are present in an area of suitable habitat, you'll find signs of their activities pretty quickly. You can say that many animals are elusive and hard to find, but for people who spend a lot of time outdoors and know how to look out for animals, finding proof of wild boar living in an area is really not very difficult at all. As for places like Punggol and Tengah, many of these places were actually cleared and occupied by kampungs up until the 1990s, and if no one ever reported seeing wild boar back then, it's quite a strong case that they were truly absent from mainland Singapore during that time. Given what we know, and the lack of evidence of any substantial feral pig population in Singapore, there's no need to involve feral pigs to explain the presence of wild boar here today. There's every indication that these are simply wild boar that dispersed across the Straits of Johor and recolonised Singapore.",neutral
wu3pze_0,submissions,submission,NationalServiceSG,False,47,I want to sign on navy but I am unable to swim? I am aware there would be a swim test during the navy course. What would happen if after the course I still don’t pass the swim test? will I be kick out from navy?,neutral
ht17v7h_0,short_comment,comment,NationalServiceSG,False,18,"Depends on what you’re excused from. Excuse RMJ then cannot March, excuse firearms then cannot use firearms.",neutral
dr23zm5_8,singlish,comment,singapore,True,56,"Get fat on cookhouse food. After ORD, you meet other NSmen you realise you have nothing in common with, since you never did road march, no real BMT training, never fired a bullet. They'll shit talk about you chao keng, then you tell them you don't have reservist and rub it in their faces.",negative
gnlxya3_2,long_comment,comment,singapore,False,301,"PS: for retirees who are asset rich and cannot afford the increased property taxes in their very large old properties, they can opt to tenant out additional rooms, convert their land titles to LH to avoid the FH additional tax surcharge or even opt for a reverse mortgage to draw income from their wealth assets and let the next generation repay the reverse mortgage, which is normally at the low interest rate for property loans due to the a/m stable property tax regime to keep property prices in Singapore always stable and free from mad swings in prices etc. Retirees shouldn't grumble about the higher property tax rates for FH/ large landed properties because they must remember that by property value, they are probably the biggest beneficiaries of the SAF, Home team etc protecting their wealth with zero inheritance tax. As of 2019, budget for SAF, home team were $15.5B and $10.7B, despite massive costs savings from non-salaried service of citizens serving NS: these are very large costs and it is much more likely that the large sized dwelling is a discretionary item and due to Singapore's progress, their residences are worth much more now, thus the need for progressive property taxes, where by the top tier rates exceed that of the respective income tax bracket rates and the need for FH property tax surcharges to ensure the fair recycling of land for property uses in land scarce Singapore. [img]https://i.imgur.com/a9Oat0y.jpg[/img]
[img]https://i.imgur.com/tyFhmJK.jpg[/img]


[img]https://i.imgur.com/M2ztfiY.jpg[/img]https://thehearttruths.com/2013/09/23/singapore-has-the-lowest-wage-share-among-high-income-countries/

[img]https://i.imgur.com/5EIsCKi.png[/img]

[img]https://i.imgur.com/551LYgR.jpg[/img]",neutral
id2mnvh_0,short_comment,comment,singapore,False,15,tks freya for the guide. any chance u may do emart/school pe tshirt version?,positive
jlnuehh_0,long_comment,comment,NationalServiceSG,False,255,"9:34 2.4 long distance focused runner here. I didn’t really know I was a fast 2.4 runner because I mostly only run 10/21k and train for those. I mostly have 70km long weeks but most of it is done at an easy pace. I guess it depends on how you do it, but for what I did it’s probably one of the more inefficient ways to get a 9:30~ 2.4

My splits across the week is usually 21k/15k/10k/8k/8k/8k, I use a 10k or an 8k as an interval training session but I run 2-3k of intervals at one go to train my speed endurance ig. That being said, if you can build your aerobic base up by running farther which is fine if you do it slow & long, most of my runs are slow & long anyways and 80% of runs being easy is ideal. Let’s say your aim is to get a 10:00 2.4K (1:40 for 400m x 6)

Let’s split your days into 5 days of running

Monday - 5k slow and easy 

Tuesday - 400m x 8 with 90s rest in between at 1:35 pace

Wednesday - Rest

Thursday - 3.2K tempo run at (1:55-2:00 per 400m pace) 

Friday - Rest

Saturday - 7k slow and easy

Sunday - 5k slow and easy  

With this, you can almost definitely secure solid 10-10:30 2.4 or a 22-23min 5k which is a respectable time.",neutral
gnwlmv0_2,long_comment,comment,singapore,False,301,"PS: for retirees who are asset rich and cannot afford the increased property taxes in their very large old properties, they can opt to tenant out additional rooms, convert their land titles to LH to avoid the FH additional tax surcharge or even opt for a reverse mortgage to draw income from their wealth assets and let the next generation repay the reverse mortgage, which is normally at the low interest rate for property loans due to the a/m stable property tax regime to keep property prices in Singapore always stable and free from mad swings in prices etc. Retirees shouldn't grumble about the higher property tax rates for FH/ large landed properties because they must remember that by property value, they are probably the biggest beneficiaries of the SAF, Home team etc protecting their wealth with zero inheritance tax. As of 2019, budget for SAF, home team were $15.5B and $10.7B, despite massive costs savings from non-salaried service of citizens serving NS: these are very large costs and it is much more likely that the large sized dwelling is a discretionary item and due to Singapore's progress, their residences are worth much more now, thus the need for progressive property taxes, where by the top tier rates exceed that of the respective income tax bracket rates and the need for FH property tax surcharges to ensure the fair recycling of land for property uses in land scarce Singapore. [img]https://i.imgur.com/a9Oat0y.jpg[/img]
[img]https://i.imgur.com/tyFhmJK.jpg[/img]


[img]https://i.imgur.com/M2ztfiY.jpg[/img]https://thehearttruths.com/2013/09/23/singapore-has-the-lowest-wage-share-among-high-income-countries/

[img]https://i.imgur.com/5EIsCKi.png[/img]

[img]https://i.imgur.com/551LYgR.jpg[/img]",neutral
ndrba72_0,singlish,comment,NationalServiceSG,True,20,U ooc first day found term u tank COS all the way and do saikang for ur fellow cadets lol,negative
iafk5oo_0,short_comment,comment,NationalServiceSG,False,21,"Shit lol your definition of “man” never even crossed my mind

I thought he asking if he’ll confirm become private",neutral
14seg6t_1,submissions,submission,NationalServiceSG,False,50,"I am very fit and have to medical issues. I applied for a medical review and they told me is because i have dyslexia. i was diagnosed with mild dyslexia and it has never been an issue for me,. Does anyone know of any way that i can up PES ?",neutral
ic7rieu_10,medium_comment,comment,NationalServiceSG,False,115,"People are free to say they'll die for their country or whatever, they have no experience to back their claims so its normal. Don't tell people not to say that because YOU think THEY won't do it. You're telling people not to say it because YOU don't have the balls to say you can't do it. I'm a storeman that will never be in the frontlines and I won't die for this country but at least i don't come here and make excuses while ignoring the hundreds of thousands of people who are fighting and the millions that have already died to protect what they believe.",negative
k9m8hrl_1,short_comment,comment,NationalServiceSG,False,71,"Basically they won’t stun parts of the rifle, such as magazines, if they stun will be the whole thing. Also, if they see you at least secure the rifle sling to your belt or you hug it below you they would just leave you alone. But that being said, I think still got some people had their rifle stunned and had to book out late or something after field camp.",neutral
fpmus18_1,short_comment,comment,NationalServiceSG,False,38,"Keep an open mind and be prepared to step out of your comfort zone. Just remember someone has gone through it all before you, you will go through it and move on, and someone will come after you!",positive
14xjaco_0,submissions,submission,NationalServiceSG,False,7,Will I OOC from SCS Pro Term?,neutral
kweq46o_0,long_comment,comment,NationalServiceSG,False,534,"Hey, read the saf act and then ask questions. Limitation of time for trial of offences
111.—(1)  Subject to subsection (2), a person must not pursuant to this Act be tried for any offence triable under this Act unless the trial is started within 3 years after the latest of the following dates:
(a)	the date on which the offence was committed;
(b)	the date on which information relating to the commission of that offence was reported to a disciplinary officer having jurisdiction over the accused or to a military policeman;
[Act 24 of 2022 wef 28/10/2022]
(c)	where any police investigation relating to a related civil offence has commenced before the expiry of the default limitation period —
(i)	the date on which the investigation ends; or
(ii)	if proceedings are instituted in a civil court as a result of that investigation — the applicable date under paragraph (d);
[Act 24 of 2022 wef 28/10/2022]
(d)	where proceedings are instituted in a civil court in respect of a related civil offence before the expiry of the default limitation period —
(i)	if the related civil offence was not alleged to have been committed by the person or the person is not sentenced to imprisonment, detention or reformative training — the date on which those proceedings end; or
(ii)	if the person is sentenced to imprisonment, detention or reformative training — the date on which the person completes the sentence of imprisonment, detention or reformative training;
[Act 24 of 2022 wef 28/10/2022]
(e)	where the person is sentenced to imprisonment, detention or reformative training for any civil offence before the expiry of the default limitation period — the date on which the person completes the sentence of imprisonment, detention or reformative training;
[Act 24 of 2022 wef 28/10/2022]
(f)	where a warrant for the arrest of the person is issued under section 169 before the expiry of the default limitation period but could not be executed within the default limitation period despite all reasonable efforts to do so due to the whereabouts of the accused being unknown — the date the person is arrested. [Act 24 of 2022 wef 28/10/2022]
[Act 24 of 2022 wef 28/10/2022]
(2)  This section does not apply to a trial for the offence of misconduct in action, assisting the enemy, mutiny, absence without leave or desertion. (3)  For the purpose of this section, the trial of any person by a subordinate military court for any offence starts when the person appears or is brought before a subordinate military court for the first time in connection with the offence, despite the fact that the subordinate military court before which the person appears or is brought for the first time may for any reason, adjourn or postpone the trial, and another subordinate military court is convened to try the person for the offence. (4)  Where a serviceman has served continuously in an exemplary manner for not less than 3 years in the Singapore Armed Forces, the serviceman must not be tried for the offence of desertion (other than desertion on active service) if that offence was committed more than 3 years before the trial starts.",neutral
1jgkl8x_2,singlish,submission,NationalServiceSG,True,36,Side note is RSO ban common? It's like only the 5th week of bmt and they banned it already. Can't even chao keng if I wanted to now (tho I've been good rec),negative
hnu7sho_0,medium_comment,comment,singapore,False,129,"This represents an affordable rent as per common guidelines. A portion of this isn't true rent but instead goes to a CPF-managed savings account designated for future housing purchases, incentivising home ownership once the participant ages out of the programme at 35. For married individuals in this age group who can already access BTOs, there should be provision of HDB-managed rental accommodation on similar financial terms - 30% of household income with a portion either going towards saving for or paying for a new BTO or other housing option, ensuring that marriage before 35 isn't disincentivised. This obviously costs money, and I'm not an expert in public finance at this stage - but if there is the political will, there may well be a practical way.",neutral
m0bdz4l_0,medium_comment,comment,singapore,False,85,"'Nb cb 4am go parliament for fuck?' Mothership post about NSF getting charged for taking selfie in parliament 

AMA post on r/singapore

Kumgong NSman asking how come nobody in camp when they turn up for their mobilisation 

That one NSman turns up at parliament instead of in camp but wears no4 without their equipment because their friend tell them they already there instead of in camp

Some guy lost their firing pin in the parliament 

I imagine maybe some of these may happen too",negative
n9te2j_0,submissions,submission,NationalServiceSG,False,17,"[Question] Ns mate pulled me and caused me to fall and injure back, what do i do?",negative
1b9gndl_0,submissions,submission,askSingapore,False,31,"Does it mean every JC-going male immediately enlisted in January and then ORD in June, just in time for uni? Sounds logistically impossible. Then how about the poly-going males?",neutral
k678oqe_0,short_comment,comment,NationalServiceSG,False,34,"Although you got down voted to hell what you said is true. COs actually hold a lot of autonomy, they can make you serve mc in camp as well as taking away rso ""privileges"".",negative
fpx9eac_1,long_comment,comment,askSingapore,False,303,"**Food Security**\- if you worry not being able to get what you need, here’s a list of online grocery shopping platforms:

*Fresh Produce:*  
[www.songfish.com.sg](http://www.songfish.com.sg)  
[www.tankfullyfresh.com](http://www.tankfullyfresh.com)  
[www.marketfresh.com.sg](http://www.marketfresh.com.sg)  
[www.purelyfresh.com.sg](http://www.purelyfresh.com.sg)  
[www.apollomarine.com.sg](http://www.apollomarine.com.sg)  
[www.quanfaorganic.com.sg](http://www.quanfaorganic.com.sg)  
[www.organicdelivery.sg](http://www.organicdelivery.sg)

*Groceries:*  
[www.fairprice.com.sg](http://www.fairprice.com.sg)   
[www.coldstorage.com.sg](http://www.coldstorage.com.sg)  
[www.shengsiong.com.sg](http://www.shengsiong.com.sg)  
[www.giant.sg](http://www.giant.sg)   
[www.amazon.sg](http://www.amazon.sg)  
[www.redmart.lazada.sg](http://www.redmart.lazada.sg)  
[www.eamart.com](http://www.eamart.com)  
[www.qoo10.sg](http://www.qoo10.sg)  
[www.shopee.sg](http://www.shopee.sg)  
[www.opentaste.sg](http://www.opentaste.sg)

*Halal Groceries:*  
[www.mynikmart.sg](http://www.mynikmart.sg)  
[www.adamhalal.sg](http://www.adamhalal.sg)  
[www.csfoods.sg](http://www.csfoods.sg)  
[www.haomart.com.sg](http://www.haomart.com.sg)

*Premium or Specialised Groceries:*  
[www.ryansgrocery.com](http://www.ryansgrocery.com)  
[www.thefarmersmarket.com.sg](http://www.thefarmersmarket.com.sg)  
[www.sashasfinefoods.com](http://www.sashasfinefoods.com)  
[www.bestorganicfood.sg](http://www.bestorganicfood.sg)  
[www.thefishwives.com](http://www.thefishwives.com)  
[www.hubers.com.sg](http://www.hubers.com.sg)  
[www.natures-glory.com](http://www.natures-glory.com)  
[www.sgorganic.sg](http://www.sgorganic.sg)  
[www.littlefarms.com](http://www.littlefarms.com)  
[www.greencircle.com.sg](http://www.greencircle.com.sg)  
[www.yayapapaya.com.sg](http://www.yayapapaya.com.sg)  
[www.sgdeliandgrocer.com.sg](http://www.sgdeliandgrocer.com.sg)

2. Psychological needs consist of belongingness and esteem needs.",neutral
e5u2fta_3,long_comment,comment,singapore,False,351,"And no ""official statement"" was released by the government either. [Source 1](https://books.google.com.sg/books?id=bt15AgAAQBAJ&amp;pg=PT152&amp;lpg=PT152&amp;dq=malay+national+service+singapore+1970s&amp;source=bl&amp;ots=3-713IEqGz&amp;sig=dgeDS2DY-4kjGrXLMRkHjY0HIew&amp;hl=en&amp;sa=X&amp;ei=HGRvVIeuCsWhugTrq4I4&amp;ved=0CF4Q6AEwCA#v=onepage&amp;q=malay%20national%20service%20singapore%201970s&amp;f=false)

[Source 2](https://books.google.com.sg/books?id=bt15AgAAQBAJ&amp;pg=PT152&amp;lpg=PT152&amp;dq=malay+national+service+singapore+1970s&amp;source=bl&amp;ots=3-713IEqGz&amp;sig=dgeDS2DY-4kjGrXLMRkHjY0HIew&amp;hl=en&amp;sa=X&amp;ei=HGRvVIeuCsWhugTrq4I4&amp;ved=0CF4Q6AEwCA#v=onepage&amp;q=malay%20national%20service%20singapore%201970s&amp;f=false)

[Source 3](https://books.google.com.sg/books?id=J67Flara3MIC&amp;pg=PA261&amp;lpg=PA261&amp;dq=malay+national+service+singapore+1970s&amp;source=bl&amp;ots=qG_9lRQ3gm&amp;sig=cuazDo5M_flyj9ns_4nuTHtYLAE&amp;hl=en&amp;sa=X&amp;ei=HGRvVIeuCsWhugTrq4I4&amp;ved=0CGEQ6AEwCQ#v=onepage&amp;q=malay%20national%20service%20singapore%201970s&amp;f=false)

[Source 4](https://books.google.com.sg/books?id=YT-E6yyJwpAC&amp;pg=PA80&amp;lpg=PA80&amp;dq=malay+national+service+singapore+1970s&amp;source=bl&amp;ots=dtIeAz3J3W&amp;sig=o3GHGuda3tkRpb33-WIISfA9wM8&amp;hl=en&amp;sa=X&amp;ei=MmRvVKTXHZOSuASxj4DIBA&amp;ved=0CBsQ6AEwADgK#v=onepage&amp;q=malay%20national%20service%20singapore%201970s&amp;f=false)

“There has been discrimination both for and against Malays during Singapore’s history… The Malays were positively favoured as employees by the British, particularly in the uniformed services (army, police, fire) and in some related clerical, transport, and personal services. In 1957, almost 20 per cent of Malay working men were employed in the uniformed services… Malay youth were not called up for National Service during the 1970s, and some were still not being called up in 1984. Those who were called up claimed to be placed only in menial capacities, and always excluded from the airforce, commando, and tank units which are the key units in Singapore’s defence system.""",neutral
j6vqdgk_0,medium_comment,comment,singapore,False,85,"I still can’t believe we live in a world where an overpaid, part time MP can take up a additional role in grab for policy (which is both a conflict of interest and honestly shows the level of work these fuckers are doing), but an NSF gets sentenced for moonlighting on a meagre salary to support his family. This is not even asking the age old question of - what substance do these people have to justify their insane wages relative to the working people?",negative
lq67qh_4,submissions,submission,NationalServiceSG,False,72,"Thus, we suggest that everyone tone down on the over-encouraging of this mindset, and let everyone have a feel of NS first to make their own decision on how to spend their NS life. Please refer to the link below on the detail explanation 

[https://www.reddit.com/r/NationalServiceSG/comments/k874or/reducing\_chao\_keng\_mindset/](https://www.reddit.com/r/NationalServiceSG/comments/k874or/reducing_chao_keng_mindset/)

wishing everybody a good day ahead",neutral
jakye6h_0,singlish,comment,NationalServiceSG,True,28,"The US army definitely still shouts and tekan their men. Hell, all militaries do that e.g. South Korea and Israel. We just don’t hear about it.",neutral
lqrdgue_0,short_comment,comment,NationalServiceSG,False,17,Depends on ur Force / Branch / Service. Check w ur Uniform Store or NS Supvsrs for further advice,neutral
iinov6e_5,medium_comment,comment,NationalServiceSG,False,115,"The fact that my GPA is worth much more in Australia speaks a lot about Singapore's fked up system)

I will then make use of the Australian degree to get a postgrad work visa ([https://immi.homeaffairs.gov.au/visas/getting-a-visa/visa-listing/temporary-graduate-485/post-study-work](https://immi.homeaffairs.gov.au/visas/getting-a-visa/visa-listing/temporary-graduate-485/post-study-work)), work there, and get PR in a matter of years. My children will definitely be Australian citizens, and will never have to come to Singapore to serve 2 years of slavery whilst being unfairly treated by the screwed system here that seems to favour foreigners more.",negative
iu7vx84_0,singlish,comment,NationalServiceSG,True,18,By your logic my colleagues should get help too. They say i chao keng due to my health,negative
ld49qju_1,medium_comment,comment,NationalServiceSG,False,83,"If you see parades or parliament seatings you won’t miss the two officers in No.1 or No.5 standing next to the President “guarding” him. Defence Attache or Military Attache (DA/MA) (idk the diff but if someone knows pls enlighten me, I assume more strategically important countries to us gets one while less important places gets another). The DA/MA is the military representative of Singapore to other nations and often works closely with their embassy/missions/consulates/high commission.",neutral
g77nlbe_0,long_comment,comment,singapore,False,283,"Assuming that at least 0.4% of the SG population enlists into the military, [just like the US](https://fivethirtyeight.com/features/what-percentage-of-americans-have-served-in-the-military/), we will have 22 556 personnel. Of which [11%](https://www.armyupress.army.mil/Portals/7/combat-studies-institute/csi-books/mcgrath_op23.pdf) of the military would actually be doing the fighting so that would bring down the 22 556 total enlisted down just to only 2 481 soldiers to do the fighting. So compare our total active personnel of 22 556 soldiers to Malaysia's total active personnel of [110 000 soldiers](https://www.globalfirepower.com/country-military-strength-detail.asp?country_id=malaysia), which constitutes 0.3% of their population, and we were to apply the tooth to tail ratio of 11% resulting in 2 481 combat troopers in the SAF and 12 100 combat troopers in the Malaysian Armed Forces that's at least a ratio of 1 to 5. We can also compare our total active personnel of 22 556 soldiers to Indonesia's total active personnel of [400 000 soldiers](https://www.globalfirepower.com/country-military-strength-detail.asp?country_id=indonesia), which constitutes to 0.2% of their population, and we were to again apply the tooth to tail ratio of 11% we will get 44 000 soldiers in combat vocations on the Indonesian side. Compare the 2 481 combat troopers in the SAF to the 44 000 combat troopers in the Indonesian armed forces and we will get a ratio of 3 to 50. So unless we can get more than 1% of the population to enlist I don't think NS is going away anytime soon.",neutral
dxm9h14_7,long_comment,comment,singapore,False,316,"&gt; Another more prominent influencer who spoke up was Xiaxue. &gt; She wrote a series of Instagram Stories discussing not only the ethics of selling a pyramid-tiered product, but also poked fun at the product claims:

&gt; 

&gt; Xiaxue also touched on the ethics of advertising:

&gt; 

&gt; She has been touting transparency as one of the most important values in advertising. &gt; 

&gt; She also shared a Facebook post that discussed the ingredients used in the WOWO shampoo:

&gt; 

&gt; Subsequently, Xiaxue said that she received a chart — which she wasn’t sure was accurate or not — about how the product sales allegedly work:

&gt; 

&gt; Here is the chart, which follows a pyramid structure of profit-making (again, she’s not sure if it’s an accurate source):

&gt; 

&gt; She goes on to explain how it works:

&gt; 

&gt; While Xiaxue concedes that it’s not technically MLM (because distributors do not get commission from the sales of those below them), the tiered-pricing still bothers her:

&gt; 

&gt; The distributors raving about the products also do not disclose if they might earn from the increased sales, even if they are not the ones making a direct sale (i.e. earnings from tier disparity):

&gt; 

&gt; Thus, selling the product at S$25 to your friends/ families/ followers feels like you are fleecing them, according to Xiaxue. &gt; But she also presents the counter-argument of economies of scale:

&gt; 

&gt; 

&gt; Next, Xiaxue goes on to point out how ridiculous the product claims are:

&gt; 

&gt; 

&gt; 

&gt; 

&gt; 

&gt; 

&gt; 

&gt; 

&gt; 

&gt; 

&gt; 

&gt; In response, there are three main arguments by other influencers (most of them are distributors):

&gt; 1) The products are not MLM in origin — they are, instead, doing direct selling. Even if they are MLM, all entrepreneurs make a profit from whatever they sell, anyway.",negative
h4ksdhp_0,short_comment,comment,singapore,False,14,"as a uni student, what is this payment for reservist that you speak of",neutral
gz1er18_0,medium_comment,comment,NationalServiceSG,False,112,"Use a disposable shaver to shave off the excess ""hair"" from the surface of your new beret. Once shaving is done, fold the beret to the desired shape and put it inside a ziplock bag. Remove any air from the ziplock bag and roll the ziplock bag around the folded beret and place the ziplock bag under your mattress. Remember to put a piece of cardboard or newspaper on the bed frame first before you place the ziplock bag so that the bed frame lines won't appear on your beret when it is ready to be worn. Seasoning it under the mattress will take around 2-3 days if left untouched.",neutral
hdhyeuh_2,long_comment,comment,NationalServiceSG,False,261,"If your tester askes you to park head in via the middle lots means you have likely failed, but if reverse in means still got chance

After the test you will either go back to KJC for this ""Operator detectable faults"" thing where they teach you how to identify and rectify minor faults or go to SDC for SED, which includes towing another 3T, simulated outfield driving and skidding a LR. Either one will come first but it doesnt really matter because at the end of the day you must go through these first

After SED Will be XCD (based at KJC) where you get to drive the 3T in an actual forest or IWCD (Based at SBC) where you get to drive around Sembawang before heading to SLE/BKE/KJE/Old CCK/PIE/KJE/BJE/SLE. Again, either one can come first 

After that you will move onto advance phase where you learn FE and 3T

For FE you basically drive around KJE/PIE/BKE/KJE for a few rounds at one go, and will get to drive from KJC to SDC for another round of SED before going back to KJC. Also you will have to go through XCD again using the FE and subsequently, on the 5T too

Same goes for 5T, except there wont be SED for 5T 

At the end of the course, you will have one drive where you have an actual NSF on course who is acting as the vehicle commander (VC), and another where you are the VC and someone else is driving.",neutral
iwtkua3_1,singlish,comment,NationalServiceSG,True,35,I thought my BMT was going to make me a better person but my buddy is the most toxic guy you could ever ask for. He is the pinnacle of yps and damn siao onz.,negative
j5pnhzi_0,long_comment,comment,NationalServiceSG,False,252,"I have 3 stories from bmt but I'm just gonna share one, i am the bunk ic so I'm at the first bed but basically, I woke up in the middle of the night on the 2nd week of confinement with cold sweat, I turn my head to the left and what I saw was a person wearing full long 4 I could see it very clearly that it was wearing long 4 because of the moonlight that was shining through from the window side so I was very sure it was wearing long 4 with the jockey cap I couldn't see it face though it was just full black pitch black, I thought it was my friend that was pranking me at first and I shit u not for that 5 secs I did not blink my eyes at all and I was scanning the entire bunk to see if it was my friend playing a prank on me and since the moonlight shone through the window I could see the entire bunk and nobody was awake I saw everyone and all of them were asleep, so I ask that thing like who are you but it did not reply I just felt that if I blinked once that thing is gonna appear straight in my face so I just cover myself with the blanket and tried to sleep heart was beating sooo fast though. PS. The window was open so it was like just the window frame",neutral
cqwnxis_0,long_comment,comment,singapore,False,359,"* [stigmas of certain professions](http://www.reddit.com/r/singapore/comments/2b3t6j/if_there_is_one_thing_that_you_can_change_about/cj1iuof)

* [transport &amp;amp; overcrowding problems](http://www.reddit.com/r/singapore/comments/2b3t6j/if_there_is_one_thing_that_you_can_change_about/cj1jv6n)

* [lack of consideration for others](http://www.reddit.com/r/singapore/comments/2b3t6j/if_there_is_one_thing_that_you_can_change_about/cj1otuh)

* [restrictive mda](http://www.reddit.com/r/singapore/comments/2b3t6j/if_there_is_one_thing_that_you_can_change_about/cj1l4mh)

* [gender bias in national service](http://www.reddit.com/r/singapore/comments/2b3t6j/if_there_is_one_thing_that_you_can_change_about/cj1j9ag)

* [materialistic culture](http://www.reddit.com/r/singapore/comments/2b3t6j/if_there_is_one_thing_that_you_can_change_about/cj1jhqn)

* [complaining about FT](http://www.reddit.com/r/singapore/comments/2b3t6j/if_there_is_one_thing_that_you_can_change_about/cj1k2dd)

* [lack of lgbt tolerance](http://www.reddit.com/r/singapore/comments/2b3t6j/if_there_is_one_thing_that_you_can_change_about/cj1klx3)

* [grass-is-greener mentality](http://www.reddit.com/r/singapore/comments/2b3t6j/if_there_is_one_thing_that_you_can_change_about/cj1p9u0)

* [complaining mentality](http://www.reddit.com/r/singapore/comments/2b3t6j/if_there_is_one_thing_that_you_can_change_about/cj1pkcu)

* [lack of graciousness](http://www.reddit.com/r/singapore/comments/14nstf/what_things_about_singapore_irk_you/)

* [singlish, risk-averse culture, apathy towards world happenings, overcrowding/population](http://www.reddit.com/r/singapore/comments/14nstf/what_things_about_singapore_irk_you/c7erol3)

* [casual racism](http://www.reddit.com/r/singapore/comments/14nstf/what_things_about_singapore_irk_you/c7ernbl)

* [knee-jerk mob mentality reactions](http://www.reddit.com/r/singapore/comments/14nstf/what_things_about_singapore_irk_you/c7f5i34)

* [passive-aggressiveness, tiny worldview, racism, general unhappiness](http://www.reddit.com/r/singapore/comments/14nstf/what_things_about_singapore_irk_you/c7eu8do)

* [keyboard warrioring](http://www.reddit.com/r/singapore/comments/14nstf/what_things_about_singapore_irk_you/c7ev3si)

* [shame culture](http://www.reddit.com/r/singapore/comments/2j0247/foreigners_in_singapore_what_do_you_dislike_most/cl74q10)

* [tendency to whine over minor shit in life](http://www.reddit.com/r/singapore/comments/2j0247/foreigners_in_singapore_what_do_you_dislike_most/cl774xm)

* [treatment of maids](http://www.reddit.com/r/singapore/comments/2j0247/foreigners_in_singapore_what_do_you_dislike_most/cl79jjn)

* [fear of standing out, urge to be 'normal'](http://www.reddit.com/r/singapore/comments/2j0247/foreigners_in_singapore_what_do_you_dislike_most/cl78xbo)

* [more casual racism](http://www.reddit.com/r/singapore/comments/2j0247/foreigners_in_singapore_what_do_you_dislike_most/cl74qfg)

* [car driver entitlement](http://www.reddit.com/r/singapore/comments/2j0247/foreigners_in_singapore_what_do_you_dislike_most/cl768tr)

i'm sure there's more (since that's [just](http://www.reddit.com/r/singapore/comments/2b3t6j/if_there_is_one_thing_that_you_can_change_about/) [three](http://www.reddit.com/r/singapore/comments/2j0247/foreigners_in_singapore_what_do_you_dislike_most/) [threads](http://www.reddit.com/r/singapore/comments/14nstf/what_things_about_singapore_irk_you/)), but laziness caught up to me at this point",negative
hd2r52r_1,short_comment,comment,NationalServiceSG,False,59,"This is a chance for you to reflect on yourself and practice on what you see in yourself are lacking, rather than making the same mistakes later in the working world. I also relate to the part where you said other section mates laughing at you, and I believe this isn’t the first time you are encountering this.",positive
lf93v5c_0,long_comment,comment,askSingapore,False,261,"Your analysis of the costs and benefits is more or less correct. If you have no plans to work or live in Singapore in the future, then I don't think there is any point to doing NS. The only advantage for you would be access to a powerful passport but there is **no guarantee** that your application for Singapore citizenship would be approved even if you did NS. >Also, before anyone says ""You can't come back to SG if you don't do NS,"" please google ""renunciation of permanent resident status singapore .pdf""

The Ministry of Defence has made it very clear that male PRs who renounce their PR before fulfilling their NS obligations will not be allowed to study, work, or live in Singapore. According to [https://www.mha.gov.sg/mediaroom/parliamentary/written-reply-to-parliamentary-question-on-allowing-permanent-residents-to-renounce-pr-status-before-21-years-of-age-by-mr-k-shanmugam-minister-for-home-affairs-and-minister-for-law/](https://www.mha.gov.sg/mediaroom/parliamentary/written-reply-to-parliamentary-question-on-allowing-permanent-residents-to-renounce-pr-status-before-21-years-of-age-by-mr-k-shanmugam-minister-for-home-affairs-and-minister-for-law/) : 

*""Male PRs who renounce their PR status before fulfilling their National Service obligations will face serious adverse consequences when they subsequently apply to study, work, or live in Singapore. Any subsequent PR or citizenship applications will be affected. In addition, any renewal of Re-Entry Permits (REPs) by PR's parents and immediate family members may be affected.""*",neutral
1onf2gg_0,submissions,submission,askSingapore,False,44,"Are you still patriotic, especially if you used to be willing to die for your country.. I've been thinking about this and wonder if it's just me or many people are feeling the same. I have served NS and completed my reservist.",negative
i4a5fz0_1,singlish,comment,NationalServiceSG,True,143,"Plus from my experience, Poly Clinic doctors usually just give MC cuz they more or less know u just chao keng, so they just wanna get it over n done wif. Edit:

Tbh idk about how taking MC is like for Combat ppl cuz im a ASA, but as a ASA taking MC is like a common thing. Most ppl go to IHM take MC for like 2-4 weeks or even poly clinic back to back MC. Others also just go RSI and tell MO they P-tag, so yea for ASA taking MC is a no fear kinda thing, cuz doctors usually hear we not pes fit they dun bother guai lan us. Tbh as ASA, its harder to RSI than to RSO, cuz depending on ur camp MO they may or may not be more guai lan than outside doctor.",neutral
itqbrm_0,submissions,submission,NationalServiceSG,False,6,Regular with injury leading to depression,negative
k14wits_0,long_comment,comment,singapore,False,252,"Ok, lemme do the leg work here. I’m taking time to summarise my posts, so please try to read it in its entirety:

- Risingsuncoc was saying if PRC subsumes TW, SG will be next
- I said TW and SG are not comparable, PRC sees TW as a vestige of a civil war of which SG was never a part 
- You said other countries also struggle with the aftermath of war
> I said they are not exactly comparable because most wars end in treaties but not PRC/TW 
- You countered with Korea but Korean war ended in armistice
- I said the non-conclusive outcomes of the Chinese civil war, coupled with both KMT and PRC’s vision for one-China, had significant implications on China’s representation on the international stage, when it comes to de jure statuses
- Ultimately, PRC was chosen by its peers (I did not pass any moral judgement about any potential CCP bully tactics here - just a factual recount)
- You said people should have chosen ROC instead of PRC because of PRC’s track records
> If anything, I agreed with you here, I disagreed with PRC’s style of governance, but I said a government is not automatically delegitimised just because we disagree with its tactics (implying that the unfolding of historical events and judgement from its contemporaries ultimately conferred a de jure status for the CCP, whether we agree with their methods or not) - this is where I think you projected your own biases onto my statement.",neutral
ikr2fpa_0,short_comment,comment,NationalServiceSG,False,3,Yes there is!,positive
ujjzvj_2,singlish,submission,NationalServiceSG,True,20,"4, would a 40k mah powerbank be enough for the 1 week confinement? 5, am i able to choose diets?",neutral
hhzfxwr_0,singlish,comment,singapore,True,24,"Plus the Chao Keng boys from NS

edit: why am I getting downvoted lol

edit 2: guess there's a lot of them here",negative
itvqmt5_0,medium_comment,comment,singapore,False,85,"Also let's talk some specifics. I don't think foreign MNCs would be very worried if the government were to eliminate the resale premium on HDB flats by essentially abolishing BTO, vastly increasing the rate at which HDB flats were built in order create a small but stable housing surplus. I don't think they would care if the government mandated large down payment percentages for certain classes of commercial property, like HDB coffeeshops, in order to destroy the profitability of speculatin on them.",neutral
dnfz14j_0,long_comment,comment,singapore,False,276,"Her misconceptions about NS aside, I think it's clear that her frustrations come from the fact that men use their very valid frustration with NS as a way to dismiss the also very valid sexism faced by women, when really (because NS is a product of sexism) it would be more productive for members of both sexes to be empathetic towards each other's suffering, and work towards fixing this inequality. Yes, I get the part where she was frustrated with using NS as an excuse to dismiss the frustrations that women had, but what rubbed me the wrong way was when she gave the alternative of
&gt;""my god, no one empathises with my personal struggles, i cannot communicate how frustrating this is"" -  and then from this experience, allowing yourself to extend empathy to the millions of women who undergo this inability to express why the patriarchy hurts them altho everyone says male privilege doesn't exist anymore, &amp; to try and draw on your own experience to empathise here

I guess I worded it incorrectly when I said that she was asking guys to equate it to the sufferings of the millions of women and I apologise for that, but I think it would be more accurate to say that it's rubbed me off the wrong way in the sense that, here she is unable to understand and empathise with us how NS makes us feel disadvantaged in terms of overall progression, and yet she fully expects that we who serve should take our experience and empathise with women who are suffering, when we don't fully understand how they are suffering.",negative
hs4us81_1,short_comment,comment,NationalServiceSG,False,63,"Go to your PS/PC first then work your way up if any of them don't care about you. If all else fails, safety hotline 

Which if he mark you or something because of this right, just keep rinse and repeating the process (report to PC/PS slowly up COC) until he don't dare come remotely close to your general vicinity",neutral
d7m6la9_0,long_comment,comment,singapore,False,286,"In between I did a few other things, such as the book on Georgette Chen, and a couple of illustration projects here and there. &gt; Leaving aside the inbetweeners, here’s the breakdown of the moolah from CCHC so far (note: comics tend to receive lower advances in the book world as they’re more of a niche market than, say, literary fiction):

&gt; Epigram Books Advance: SGD$9000

&gt; Epigram Royalties (2015): SGD$5,333.23

&gt; Pantheon Books Advance: USD$25000 = approx SGD$33,750 (1.35 exchange rate)

&gt; Less Agent's Fee and Epigram Cut= SGD$20,000

&gt; French Advance: 15,000 Euros = approx SGD$23,000 (1.5 exchange rate)

&gt; Less Agent's Fee and Epigram Cut= SGD$13,200

&gt; Italian: USD$3617 = approx SGD$4900

&gt; Less Agent's Fee and Epigram Cut=SGD $2,800

&gt; SG Lit Prize= SGD$10,000

&gt; Total= approx SGD$60,000

&gt; That translates into, over 24 months, about 2.5k/month

&gt; Which is not such a bad thing if you think of it in terms of “doing something you love”, but quite sobering when compared to other endeavours, from teaching to engineering or management, medicine etc etc. &gt; In contrast, working for Marvel/DC projects gets you about $10k/month - higher if you have a hit title ($25k perhaps) and leaving aside the superstars and outliers. So if you'd spent 24 months working on a Big Two title, you'd have made maybe 240k - it IS possible to make a decent living drawing comics if you're working on a mainstream title, and my run on Doctor Fate has had a good effect on the savings.",neutral
jrdlxyq_0,short_comment,comment,NationalServiceSG,False,11,Hereto hijack. Saf is known to dangle the dign on bonus.,negative
igv1g0y_4,long_comment,comment,NationalServiceSG,False,254,"As for pro term, I can't tell you exactly what the schedule is like as different vocations have their own programme and schedule, but for signals its generally Reveille, Px and breakfast, PT conducts, then lessons/field practical and subsequently exercises (outfields). To summarize everything and try to answer your question, I would say go for SCS is you're not really intending to chiong sua your cadet life (I think the SCS training for all vocations except Infantry is not that tiring throughout and most of my friends thoroughly enjoyed their time in foundation term) + potentially have a shag unit life given the much lesser responsibilities of a sergeant as compared to an officer. Go to OCS if you're ready and are motivated enough to go through OCS. This is because without any form of motivation, getting through the tough OCS training especially in service term where everything is cramped into 3 months and subsequently pro term is not easy given the duration of the training. I have seen many cadets choose to go out of course since they simply do not want to be here and honestly, its damn hard to man mode in OCS. Ultimately, you'll also end up leading men as you'll likely take on a PC appointment in unit and while I do not have personal experience, many of my seniors have mentioned that being a cadet was the most enjoyable time which I think says alot about how unit life is as an officer.",neutral
i0cxbca_0,long_comment,comment,NationalServiceSG,False,282,"Don't worry bro you'll get through it, I was from BP too and went on into mono infantry because it was just my luck hahaha, our first day of Ramadan was coincidentally our GPMG live firing up on a Kinney hill or something can't remember the exact name but the torture was carrying the heavy stuff up the damn hill (MG tripods, tent, ammo boxes etc) it had I dare say, an incline of 45-50 degrees and we were on all fours part of the climb, 2-3pm the heat started sinking in and we felt the brunt of it, especially since waiting is such a pain but a big part of NSF life, the other platoons finally finished their day shoot and then the big BOOM came, lightning..........thunder........... CAT 1and it came out of nowhere, dark clouds formed right on top of us while we were already at the peak of the area firing off thousands of rounds, they tried to persist the day shoot through until out of nowhere a tree got struck by lightning like 50m from us we all yeeted out of there still ears ringing, so we angrily tore down everything ran back downhill as it started pouring like crazy, inside the big tonner we all huddled wet and sweaty, hungry and especially thirsty, the rest had their water parade turned away from us in respect, and that was the first time I took off my iLBV (yea we used the new LBS later) and there was literal smoke coming off our body heat yet now super cold surroundings, shivering. It continued pouring super duper heavy for almost 3 hours until 6pm.",positive
ujnldt_0,submissions,submission,NationalServiceSG,False,43,"Question regarding NS Intake. Hello, I am currently waiting for my NS enlistment date however I have yet to receive any letter about it. Most of my friends received letter to enlist at the end of June. I passed my pre enlistee IPPT.",neutral
h2a9pru_2,long_comment,comment,NationalServiceSG,False,341,"Food wise I dont think its fair to expect that you'll be doing too gourmet stuff (normal days are usually just simple zichar style dishes, rice meat and veg, or local food (laksa, hokkien mee, prawn noodle) on special occasions (i.e VIP visit) I've seen fish and chips and I've heard rumours from a friend that on swift rescue the chefs made a beef wellington. Job scope wise is actually rather interesting because chefs are also required to double up as medical team (at least that was the arrangement on my platform), meaning you'll also need to participate in drills/exercises not related to culinary, which will remind you that you are a primarily a military personnel, and only second a culinary chef. This is more true if you choose to stay on longer as well naturally your responsibilities become larger(my chief chef was also involved in daily wardroom musterings with the CO/XO and other appointment holders of the warship)...Basically you have other military duties alongside your chef appointment. The chefs have their own department on the warship (naturally), where its usually the kha kia who does the actual cooking whereas the more senior/experienced ones oversee the cooking or do other admin tasks like indenting/manging the food supplies. One of my ICs who was previously a naval chef isnt even doing cooking anymore! Hes posted out to another unit as a ME2 supervisor, his role has nothing to do with food lol, basically note that you likely wont be cooking forever. Ultimately I think its what you are looking for...from your post, I really wouldnt recommend you joining the navy, also remember that recruitment posters do paint a very idealistic picture, also yea the prospect of getting to sail to other countries does sound attractive but I really encourage you to think twice if that kind of life is really what you want for the next 3-4 years and whether it is really a benefit or in reality compensation...",neutral
cz9rptg_0,medium_comment,comment,singapore,False,95,"Might be a policy shift in general to prevent abuse etc. Have a similar story where we found out that Mindef no longer foots the hospital medical bills of reservist NSmen upfront. We have to pay the full bill first before claiming it back from mindef. So the injured man didn't have money as he came from outfield, I  had to pull the full bill for him first and go back and claim money from the officers, felt like a loan shark as they had to pay me with their own cash first :D.",neutral
lx7r1pp_1,short_comment,comment,NationalServiceSG,False,17,"You're a freeman already. As long you fulfill your reservist cycle, SAF won't kacau you.",positive
hlhbnjg_0,short_comment,comment,NationalServiceSG,False,11,"Military concept is. anyone fucked up, the whole lot will drop.",neutral
h06mp9g_0,singlish,comment,NationalServiceSG,True,40,"you have to do bmt at tekong before going for advanced training at scs/ocs/etc. There were people who were from police then signed on with airforce as pilot trainees, they had to do bmt before gg for agc.",neutral
jqzow9s_0,medium_comment,comment,NationalServiceSG,False,107,"adding on to this:
- even though officers earn the most compared to specs and enlistees, what you do as an officer may make you feel like you are underpaid. - it’s easier to find meaning in your work as an officer because you understand the bigger picture more so than a spec and an enlistee

- my personal opinion is ocs prepares you mostly for warfighting, not staff and instructional jobs. you will also realise that men may not have the same mentality as fellow cadets and the issue of how you will manage them (to be by the book vs to be flexible) will then crop up",positive
gxv7rdy_3,singlish,comment,NationalServiceSG,True,17,"Just my own two cents lah, so don't flame me haha. But salute to Home Team!",positive
k063r9_0,submissions,submission,NationalServiceSG,False,11,Anybody experience their annual leave been taken away by the system?,neutral
64bief_0,submissions,submission,singapore,False,17,"Further Reporting Order: Commandos. "" You are required under the Enlistment Act to report for a Vocational Assessment.",neutral
1ece4ls_0,submissions,submission,NationalServiceSG,False,6,Got sent back home from Tekong,neutral
fz2t87d_0,short_comment,comment,singapore,False,22,But ppl might not want to hire them because they might need go back for reservist. Even pes e go bck reservist,negative
m3e3cn3_0,medium_comment,comment,NationalServiceSG,False,190,"Hi all, I'm an nsgf looking for advice on how to support my nsbf who had downpes extremely early and watch other oocs managed to get posted out within 2 weeks while now (its alrdy been 4months), even after POP he has to travel to tekong from the opposite side of SG. Tried calling cmpb's general enquiry and they advised to get bf to call/email with the details of downpes reason, and other details like his company and number(?) BF shrugged it off and said he'd email them, when I ask him about it he say until now still no reply... Urging him to just call them but he doesn't want to

His case is pretty unique and idw to elaborate too much to maintain privacy, feel free to drop a dm :') Going back has been taking a toll on his mental & I'm damn concerned + pissed off, two months ago his doctor wrote a letter to MO to hurry up with his posting

Might delete after 1 or 2 days cus Im paranoid... Any advise on how to check how is his posting going?",negative
fddrn4c_0,medium_comment,comment,NationalServiceSG,False,82,"In my honest opinion, SAF’s MO is honestly damn slow, so if you’re waiting for a referral or anything it’ll take forever. My advice is to go to a specialist, get a letter and give it to the superiors. While the letter is processing, make the specialist write you a temporary status (excused Loud noise 200 days or something). But I think eventually you’ll get down PESed to b2 and below, even if it’ll take a while.",negative
ma5owzs_0,long_comment,comment,askSingapore,False,250,"We're not suppose to match and compare Ang pow..  Give what we can afford, and don't expect to receive the same or more from others. But having said, I still see people actually taking a peek at the ang pow before exchanging ang pow, and seen mostly from relative..  like we give their kids ang pow and they will not immediate do an exchange with my kids, and it's always the mother who will take a few minutes either go to a corner or toilet come out., then they pull out theirs to give to my kids..  

Like sports, some friend can be running or riding ahead of the pack, and some of those lagging behind will get stressed that they cannot keep up and being a burden to the group, but in actual fact, the one ahead don't care, and is happy to wait at the finishing line and they don't judge if you're fast or slow..  

Same goes for CNY and wedding Ang Pow..  for friends, they're happy that you turn up, and those who did very well or receive winfall may give generously, but they generally don't expect their friends to match what they have given.. 

Consider a business owner inviting all his employee to his home for CNY or to their children wedding..  Those married employee will give ang pow to their employer children (Old or young, so long as not married will receive ang pow for CNY).",skip
eljn2f1_0,short_comment,comment,singapore,False,37,"Nah, don’t feel too bad! BMT is just a start and admittedly, its the one where inefficiency is at its peak (at least in most units I’ve seen/attached to are a lot more efficient).",neutral
kh6t50w_0,long_comment,comment,singapore,False,263,"> In view of SPF's behaviour throughout the most recent decade

Parti Liyani's ordeal should have reminded everyone that our institutions (and their members) aren't perfect. Just in last year's news alone, most if not all featuring abuse of position and power:

[Cop charged for molestation,](https://www.straitstimes.com/singapore/courts-crime/2-cops-allegedly-molested-victims-in-unrelated-incidents) including at AMK Police Division HQ, and at the office of the Security and Inspectorate Regulatory Department

[Cop commits forgery for his own convenience during investigations](https://www.straitstimes.com/singapore/courts-crime/more-than-4-years-jail-for-cop-who-forged-40-documents-including-those-linked-to-fatal-accidents)

[Cop jailed for molesting colleague](https://www.straitstimes.com/singapore/courts-crime/jail-for-cop-who-molested-2-policewomen-while-on-duty-1-victim-was-assaulted-in-front-of-colleagues)

The infamous case of the abused maid who was starved to death, [featuring a cop](https://www.channelnewsasia.com/singapore/police-officer-kevin-chelvam-piang-ngaih-don-maid-abuse-starvation-trial-3641516)

[Corrupt cops + stealing things](https://www.straitstimes.com/singapore/two-police-officers-charged-with-allegedly-taking-money-from-suspects-over-several-years)

[Corrupt cop in the SSB](https://www.channelnewsasia.com/singapore/geylang-ktv-jailed-bribe-police-secret-society-rival-gang-fight-3744821)

[Cop steals victim restitution money](https://www.channelnewsasia.com/singapore/senior-station-inspector-police-pocket-restitution-43000-jail-3790786?cid=telegram_cna_social_28112017_cna)

[Cop molests colleague](https://www.todayonline.com/singapore/police-inspector-gets-s10000-fine-molesting-female-colleague-during-1-1-mandatory-training-session-2266036)",neutral
fj5ys9z_4,short_comment,comment,NationalServiceSG,False,14,Fyi 04/16 so I dk now if gt any changes. All the best!,positive
e6lqxdk_2,short_comment,comment,singapore,False,54,"As for why not a govt scholarship, I believe you can find many discussions on this sub. Personally I think the only overseas scholars I know who don't regret their decision are the SAF scholars (who were able to transition to industry) or PSC scholars (who wanted to go into politics/civil service).",positive
i2yng3b_0,short_comment,comment,NationalServiceSG,False,12,Yess sir gotta enjoy my civilian life before gone for 2 years,negative
d6x7fv8_0,singlish,comment,singapore,True,13,Wah.....barracks can bring in girls ah??? I want to re-enlist! How?,skip
fofqc4w_0,short_comment,comment,NationalServiceSG,False,10,"best place to be in, if you enjoy daily pt :)",neutral
d1f2t18_0,medium_comment,comment,singapore,False,86,"not a bridging engineer but I was the first gen IC of the seletar (new) POL point petrol station. Yeah seletar's cookhouse is really good, I used to sneak into the muslim line for the best of 2 worlds 

The worst (imo) cookhouse food is Sembawang, Every single day is fucking curry

All your M3G fuel topups etc all done by me. When ya'll go outfield for your exercise shark/dolphin whatever, I have to follow in the skid tanker to murai, gedong etc.",skip
lvvmvst_0,short_comment,comment,NationalServiceSG,False,29,"""During your time, how much did your bus fare cost?"" Then we realise that compared to prices today, our allowance increments still do not match the rate of inflation.",negative
jxftgfp_0,singlish,comment,NationalServiceSG,True,12,Ofc got regular and nsf over there lah then who else ghost?,neutral
ywklqm_1,submissions,submission,NationalServiceSG,False,20,What are the stuffs to bring for entertainment? How many person in the same bunk? Thanks in advance for answering,skip
2uitud_0,random_balance,submission,singapore,False,20,Travelling before NS enlistment. I was wondering if a NS pre-enlistee is able to travel overseas before enlistment date?,neutral
hz5i36h_0,positive_candidate,comment,NationalServiceSG,False,49,"If he is a gamer and you dk what games to buy for him, can consider getting a Steam gift card so he can choose what games to buy. All gamers will love that. :P I am pretty sure no gamers will complain he has too much games lmao",positive
nmnkgmy_0,random_balance,comment,NationalServiceSG,False,29,At 34..  The SAF won't hire you even if you're a locally born citizen..  But you can join the Singapore auxiliary police force who will hire foreigners..,neutral
gqz8hlv_0,positive_candidate,comment,NationalServiceSG,False,13,Thank you! Looking forward to it especially that recon tab and jungle hat...,positive
hvfeht2_4,positive_candidate,comment,NationalServiceSG,False,26,don't worry and eat more! I actually learnt to eat brocolli during my BMT days haha so I guess train urself to eat more food.,positive
rz4noc_1,random_balance,submission,NationalServiceSG,False,10,has it happened or anyone experienced this before? just wondering.,neutral
eoi7m02_0,positive_candidate,comment,singapore,False,21,Spent the off day learning the chords to Don't Think Twice It's Alright. Now only if I can sing..,positive
mixtzp2_0,random_balance,comment,NationalServiceSG,False,22,my mom’s dead and my dad’s a deadbeat hater who lives alone. he doesnt allow anyone to live with him.,negative
gpmstay_0,positive_candidate,comment,NationalServiceSG,False,37,"Some of the stories I know (not full details) of Tekong: 

1. The ""captain spirit"" who roams around School 1 cluster (near Apache Company), but I heard that this ""captain"" is there to protect us, pretty harmless.",neutral
ftgwzvy_0,positive_candidate,comment,NationalServiceSG,False,43,"i usually talk to my family about my life at the end of each day itself, so by the time i get home i can stop thinking abt ns. maybe you shld try it. can help give u some ranting time also hahaha",positive
gqnpipu_0,positive_candidate,comment,NationalServiceSG,False,14,https://youtu.be/9wuZwSAQsPg just watch this video regarding NFM... cringe vid though lol,negative
ipg83hd_0,positive_candidate,comment,NationalServiceSG,False,31,"Not going to uni, ain't the end of the world. But if you really want to, try getting real working experience anddddddd apply via the adult learner scheme for uni :)",positive
n2zwc23_0,positive_candidate,comment,askSingapore,True,64,"I am also lucky that my mum has also started to understand and appreciate me wanting to just do the bare minimum in life. Won't be too specific but after I ORDed from army I literally did nothing for a whole year, savings starting to deplete so I decided okay lah time to get a job at least I got money to survive.",positive
neo9kfd_0,random_balance,comment,NationalServiceSG,False,31,Whats your motivation to go to OCS? Is it for the bragging rights or you truly have an intention to lead and bring out the best in the people ard you?,neutral
jwyllfn_0,random_balance,comment,NationalServiceSG,False,4,Race against the wind,neutral
gir1cif_0,positive_candidate,comment,NationalServiceSG,False,28,"No worries. Sorry pardon my harshness, maybe I should have phrased my comment better. You did mention some things that were right about the platoon sensor's role.",positive
dnpbxb7_0,positive_candidate,comment,singapore,True,32,"Hey at least u get to eat for free 5 days a week. :( The 3 things i look forward to during ICT is the free food, lepak and easy ippt pass. Lol.",positive
lwd6wft_0,positive_candidate,comment,NationalServiceSG,False,4,Everyone’s dream posting 😄,positive
hoschrw_0,positive_candidate,comment,NationalServiceSG,False,41,"I'm currently in NS, my slackest period is right now in Unit. I thought bmt in Pes Bp was gonna be chill, I thought I was gonna go Infantry and probably did there, since I was regraded to Pes B1.",positive
nkyjelo_0,random_balance,comment,NationalServiceSG,False,14,Is it ur first time defaulting? First time it’s warning most the time.,neutral
ne0dfd7_1,positive_candidate,comment,NationalServiceSG,False,26,"Remember back day is impt too! If you can't do a pull up it's alright, start by hanging on the bar. Progress is key!!",positive
ffpstgn_0,positive_candidate,comment,singapore,False,32,"Yeah, I was speaking in the context of vending machines - more convenient. Hell, even my camp switched to Coke Stevia before I ORDed. No more good Coke after a xiong guard duty",negative
m3e3l47_1,positive_candidate,comment,NationalServiceSG,True,43,You'll hear a lot of stories about the training to give you an idea you stay well above four stories and there's only stairs. If you ooc or cmi i think you get rolled to sentry at the SOC base haha.,neutral
lwtr40y_0,random_balance,comment,NationalServiceSG,False,14,Can transfer to YouTrip then to bank account. https://youtu.be/ooR2S4OZHsY?si=sRzpADqes6bCIAoo,neutral
v2h1p0_0,positive_candidate,submission,NationalServiceSG,False,65,"ORD-ing soon…. what farewell gifts would you think my men/ superiors would be happy receiving?. Gonna ORD soon after 1 year &amp; 9 months in my unit as an Admin Spec; just want to get something for those who’ve made the journey a little better with their kindness, patience and teamwork - but definitely for those that have made my NS life slightly better :-)",positive
hnz156f_3,positive_candidate,comment,NationalServiceSG,False,35,"I previously from 06/21 IC2 operator and my life there is very good. PT only twice a week, other than that, most of the time is admin time after last parade at around 6pm.",positive
fc789wa_0,positive_candidate,comment,singapore,False,16,Bruh i saw them at SAF ferry terminal(the one where you take ferry to Tekong),neutral
lnwxwmu_0,positive_candidate,comment,NationalServiceSG,False,5,Bp was an actual vacation.,positive
h1d32oh_0,positive_candidate,comment,NationalServiceSG,False,21,I just don't rlly know anything about the course and training haha plus no one I know got posted there,neutral
h1l0ku6_1,positive_candidate,comment,NationalServiceSG,False,19,"If you have a background in science/bio, will be a breeze. More of memory work rather than chiongsua.",positive
hxyo6vf_0,random_balance,comment,NationalServiceSG,False,87,"Well the MOs are mere uni fresh grads, so they absolutely don't know what they are doing. They follow a directive that is very predatorial and aims to squeeze as much free labor they can get a man to do no matter how unfit they are to serve, the goal is just set to exploit NSFs within their 2 years here for as much work/energy/effort that they can with nothing for them to be gained but 2 years of wasted time, money and sanity.",negative
lhwcwp5_0,random_balance,comment,NationalServiceSG,False,21,"no im not getting into bmtc because i did too well, they only take the bottom few percents of the cohort",negative
13k3c3a_0,random_balance,submission,NationalServiceSG,False,34,GCC - Vetos and if selected can say don’t want to be there?. If someone gets selected for GCC can you say not interested in being there? If stay on what are the vetos?,neutral
mn6olk8_1,random_balance,comment,NationalServiceSG,False,9,thanks. btw the mc is from a private psych,neutral
76h2zn_0,positive_candidate,submission,singapore,False,36,"Elusyf Global, MLM company. So recently, one my friend called me up to introduce me about a business opportunity and something about good things are meant to be shares and that we can earn money together.",neutral
jjsuq7m_0,random_balance,comment,NationalServiceSG,False,19,"Hi, isit possible if u can share what vocation are u in as a b4 who has mild asthma?",neutral
nvady7m_0,positive_candidate,comment,NationalServiceSG,False,4,Goated oc right there,positive
hmj78y2_1,positive_candidate,comment,NationalServiceSG,True,44,Finally capped off our couple of weeks with him with a pushup position down + hold it there in FBO on gravel at Asrama after what was essentially a route march around the place with some activity stations. Fun times. It's been years sia...,neutral
hxtzbau_0,positive_candidate,comment,NationalServiceSG,False,31,"i dont think ive received a letter yet though, i only got an SMS so far but i'll be sure to look out for it in my mail

thank you :)",positive
fncluza_0,positive_candidate,comment,NationalServiceSG,False,5,It was on the 16th :),positive
j75tr47_0,random_balance,comment,NationalServiceSG,False,6,How long were you in for?,neutral
dw60wmo_0,positive_candidate,comment,singapore,False,9,"Good enough to go outfield, good enough for me",positive
iaz67qr_0,random_balance,comment,NationalServiceSG,False,7,"""Cos dengue cases in SG decreasing"" /s",negative
g0fkrgt_0,positive_candidate,comment,NationalServiceSG,False,62,"In my experience, it's kind of okay if your blur, as long as you're not a burden. If you're blur, your commanders usually won't hate you if they can see that you're trying your best. My commanders (and section mates) knew pretty early on that I was blur, so they did take more time to help me.",positive
kdtsjex_0,positive_candidate,comment,NationalServiceSG,False,27,That’s a fantastic idea. You guys have all kinds of uniform codes. And yes I do have a commissioning ceremony in mind for Pte Xiao Didi 😂,positive
ff8p3jw_0,positive_candidate,comment,singapore,True,26,"You'll learn wherever you go as long as you're willing. Also, pes e still have to reservist one hor. The rules have been changed.",positive
mk9n8a_15,positive_candidate,submission,NationalServiceSG,False,28,"One thing is for sure, when you are stricken with fear...your mind could go blank! After a few minutes I garnered enough courage to take a peek.",neutral
makdzzn_0,positive_candidate,comment,askSingapore,False,16,"Yup agree with this, one of the good advice here. Got to get those endorphins man.",positive
mcpk4id_0,positive_candidate,comment,NationalServiceSG,False,17,Seconded. If anyone knows where to get the good stuff in SG I want to know lol!,positive
nf0x6z1_0,positive_candidate,comment,NationalServiceSG,False,15,Totally agree this is the best option. I also got my deferment via this options.,positive
i0hhwyh_1,positive_candidate,comment,NationalServiceSG,False,9,"you think yours is the former, or the latter? 🤔",neutral
jwju16x_0,positive_candidate,comment,NationalServiceSG,False,30,"If you think bmt route march is bad, wait till you go unit hahahh. Ur field pack weight worsen but anyways it’s easy la close eye’s keep walking",negative
if0vk06_0,positive_candidate,comment,NationalServiceSG,False,7,ok ah gong lets keep this going 🤓,positive
mnd1pa9_0,random_balance,comment,NationalServiceSG,False,46,"I think you mean ""service"" (SAF, SPF, SCDF) rather than ""vocation"" (Infantry, Guards, Firefighting etc)

Previous redditors have alluded to ending up in a different service after passing IPPT so you may end up elsewhere. As previously mentioned, it all depends on where manpower is needed.",neutral
lmuxn0v_0,random_balance,comment,NationalServiceSG,False,27,"you pass them an unused pee stick, they finish peeing show you then you see whether the stick abnormal then patients ownself throw you don't touch",neutral
ema5a01_0,random_balance,comment,singapore,False,11,"Me : Encik, today can bookout early? Encik : Go and fuck spider",negative
mgffgt0_0,random_balance,comment,NationalServiceSG,False,38,"If you have the valid reasons listed there and you have relevant document of it. For me, I have deferred one high key due to school. I just gave them my student status letter and the academic calendar.",neutral
hk22vfn_0,random_balance,comment,NationalServiceSG,False,6,ur enciks trying to smoke u,negative
ntkqh9v_0,positive_candidate,comment,NationalServiceSG,False,3,stayout vocation congrats,positive
kiwa37s_1,random_balance,comment,NationalServiceSG,False,29,And I am not a stay out I stay in and work till 10 plus everyday. I came here cause I genuinely am stressed out about my shitty boss.,negative
1mp2e2k_1,positive_candidate,submission,NationalServiceSG,False,64,"i do have some questions:

1. when will i get the letter or is there anything else i need to do

2. if i get the letter before my mc ends, am i still on mc?, meaning do i still need to stay home all the way until my mc finishes even though i have the letter? 😭

my house feels like an asylum now",negative
emhcfwh_0,random_balance,comment,singapore,False,51,"His point is that people think that nsmen were forced into service and had no pride in doing it, and people that do serve with pride are considered as suckers. This leads to other people not being able to respect servicemen as obviously those guys don't want to be there.",negative
jgfp1wr_0,random_balance,comment,NationalServiceSG,False,23,"Currently in the same position as you, I just put snake powder on myself and slowly cool my body down before I sleep",neutral
inu7ys5_1,positive_candidate,comment,NationalServiceSG,False,45,"Remember you aren’t alone, your peers are also in it together with you! 9 months will seem long but overall really fulfilling! Also the responsibility free life of a cadet is really not bad haha once you get that ➖, life will be very different.",positive
clib402_0,positive_candidate,comment,singapore,False,26,Don't be afraid! Congrats on completing your NS and I hope you manage to fill this half year gap with fulfilling things to do! ^whenisitmyturntoORD...,positive
eu78wu8_0,positive_candidate,comment,NationalServiceSG,False,5,"Yeap, come find me :D",positive
dgd9j4b_0,random_balance,comment,singapore,True,28,"You ever had a BMT mate straight up tell you ""Bro, every company got one chao keng king one hor, and this company's king is me okay""?",positive
1jqjifv_0,random_balance,submission,NationalServiceSG,False,28,Book in to do PT immediately after end of MC. I have an MC that ends tmr (4 April) given by CGH after being sent out by PTMC.,neutral
1on1jqb_0,random_balance,submission,NationalServiceSG,False,30,"Light Duty for outfield, what is going to happen?. My MC ends today and im booking in today at 2030, but im still quite sick so im going to RSI.",neutral
gmjgru3_0,positive_candidate,comment,singapore,False,68,"Well first of all, you've achieved a lot, so don't let the words of a couple of old folks bring you down. Yes they are your parents, they gave you the means to pursue the opportunities you had, but you're the one who put in the work to achieve  and make the most of then and you should be proud of yourself for doing so.",positive
h2zhbdl_0,random_balance,comment,NationalServiceSG,False,32,"Can confirm. Most of the best guys in my platoon didn't get into OCS, it's clear to me that their grades just weren't good enough to go. Quite unfortunate.",negative
iax5w17_0,positive_candidate,comment,askSingapore,False,34,Not my story but it was the most interesting story I heard. My friend went for a medic cover for BMT outfield in tekong and a recruit decided to go commando (never wear underwear).,positive
gtxdtvk_0,positive_candidate,comment,NationalServiceSG,False,23,"Nope, nothing wrong man. There's no cpf contribution and you can  do it during your weekends or if you stay out unit",positive
js6a45o_0,positive_candidate,comment,askSingapore,False,82,"I wear SAF emart clothes at home and emart sports shoes to work and go out. Even for jeans I stopped buying Levis already.. Realised almost all other brand equally as comfortable..

Somehow I am supposed to ROD already completed all cycles but SAF seem to have forgotten about my ROD parade and watch so I am still getting emart top up every year. ![ gif](emote|free_emotes_pack|shrug)

Hell even for phones.. I stopped buying Samsung flagships and went with Oppo phones..",positive
ktfih0h_0,positive_candidate,comment,NationalServiceSG,True,12,u ask how will life change? it will become very shiok brother,positive
inojt39_1,positive_candidate,comment,NationalServiceSG,False,21,You'll go to OES at KC3 for about 3-4 months? ( Good luck with a certain sgt there rn lmao).,negative
hlu2fxp_0,positive_candidate,comment,askSingapore,True,62,"Standby universe quite early on into BMT phase; can't remember why we kena so I'm not sure if it was just typical hazing at the start, or we really did something wrong. Come to think of it, quite glad it happened early on because we didn't really have a lot of shit to bring down to the parade square.",positive
f8o4rmk_0,random_balance,comment,singapore,False,5,tekong water is still fucked...,negative
ln7pl1m_1,positive_candidate,comment,NationalServiceSG,False,76,"Personally can't speak for School 1 since I was from School 2, but School 2 is fking solid with their book-out timings, to the point where we had no dinner indented for our 8 weeks of Found Term, and we still managed to bookout at 1630 directly after outfield. However, Golf 2IC said: 'You think about it, we let you go home on Friday before dinner, it's a nights out of its own.'",positive
menqgyu_0,positive_candidate,comment,singapore,False,43,"yeah our ministries are helmed by ministers with interesting backgrounds…

MOH helmed by an economist, MTI helmed by an engineer, MOM and MINDEF with doctors. say what you want about shanmugam but at least he’s qualified to be heading MINLAW and MHA",positive
ibqa6pc_0,positive_candidate,comment,NationalServiceSG,False,46,"Interval runs as well as consistent daily mileage of about 5km - 10km will help u improve immensely. Also try to optimise yur breathing pattern and cadence, this helped me shave off a full minute in about 3-4 weeks

Fastest I’ve ever run: 9:32",positive
i0ynbn8_0,positive_candidate,comment,NationalServiceSG,False,21,"It'll take time, but you'll make friends for sure. It happens to everyone with the stage to stage reset.",positive
lhudc1b_0,positive_candidate,comment,NationalServiceSG,True,46,"Don't worry lah Bro. NS is the best time to learn and grow. Rather than worrying that you would mess up, learn to accept that you would make more mistakes, you would rather that you make more mistakes in NS than at work next time.",positive
insw504_0,positive_candidate,comment,NationalServiceSG,False,34,"Was from the batch just before you. Overall it’s a very good course, you don’t need to bring your field pack and 10 pack items as there won’t be any outfields.",positive
fkg9j8y_1,positive_candidate,comment,NationalServiceSG,False,35,"I packed my 10 pack @home before booking in. Dont stress over anything, just try ur best to learn how to lead if u get the leadership positions (LSC, LPS, CSM) and make friends there.",positive
hsfphdu_0,positive_candidate,comment,NationalServiceSG,False,11,Imagine having to make a decision during your child hood. Lol,neutral
fsakvku_0,positive_candidate,comment,NationalServiceSG,False,28,"Only had 2, and not willing to buy one more just for confinement week. I know I won’t be using more than 2 other than that LOL.",neutral
ga67epl_0,random_balance,comment,NationalServiceSG,False,22,Already in UG (uniform groups ) so is it like training every Saturday from jan to august under rain or shine or worse ?,neutral
h1t1x0v_3,random_balance,comment,singapore,False,44,"Arguing against the order at the time, Phoon also brought up that she was a former naval officer, with a history of good conduct. She added that she had returned from holiday and was unaware of the laws requiring her to wear a mask.",neutral
h0199sl_0,positive_candidate,comment,NationalServiceSG,False,31,"I agree, even for myself I will just go down to the camp and do my best without looking at the chart. Again, this is something extra for people who wants :)",positive
i3hko4r_0,random_balance,comment,NationalServiceSG,False,29,"paste a big plaster at ur heel if u have. if not, u can put one layer of socks as an in-sole if ur shoe isnt too tight",neutral
fxieu9p_0,positive_candidate,comment,singapore,False,35,I was in the kiddie pool during NS too. Learned a little basics about it and after BMT I started going SAFRA to swim. By the time I was in uni I was Swimming competitively.,positive
n06ypc0_4,positive_candidate,comment,NationalServiceSG,False,53,"Think of it this way, some people really love PE lessons and people like me always wanted to siam it. Go in with an open mind and arms, make the most out of everything make friends with the people who technically in a war will be your pillars and your brothers in arms.",positive
hph8lvb_0,positive_candidate,comment,singapore,False,50,"He just found what he was good at and got good. The welfare system does allow people to do that and not have the worry of "" I have to get a job in six months""

Once my reservist commitments lapse when I'm 40, will happily drop the red passport.",negative
l5vck02_1,random_balance,comment,NationalServiceSG,False,60,"not everyone in the cohort gets to enlist in early jan, some do enlist quite late and ord later nearer the university start date. if one guy gets to start uni one year earlier than the rest of the cohort, it would be unfair to the rest what. not saying it’s right or wrong, that’s how it is",neutral
lid8ur_0,random_balance,submission,NationalServiceSG,False,16,Will getting charged in SAF court affect me outside?. Dear all this is a throwaway account.,neutral
hd1zzvr_0,random_balance,comment,singapore,False,27,It is not like these few hundred talents being exempted from national service would make a diff. Literally just a couple of men less in each unit.,neutral
hlsxzzd_0,positive_candidate,comment,NationalServiceSG,False,8,Thank you for raising awareness about this process👍,positive
lp56h3x_0,random_balance,comment,NationalServiceSG,False,20,"ahaha sounds a little risky, i don't want to get targeted on the first day if i get caught",neutral
nfdienv_0,positive_candidate,comment,NationalServiceSG,True,9,"Walao u luckyyyyy :( thanks bro, I'm gonna die💀",positive
iq7oes8_0,random_balance,comment,NationalServiceSG,False,21,"There’s this guy in my platoon. He’s not stupid or autistic, but his EQ level is just… shockingly low.",negative
1pl7a4r_1,positive_candidate,submission,NationalServiceSG,True,44,at first i saw tekong and i thought shag… who wants to go back tekong… but then i saw my vocation: **TOILET SUPVR** then wah cb limpeh started smiling. so now i want to know what life is like… what’s the course like?,positive
k53ckml_0,positive_candidate,comment,singapore,False,50,"ya should be catch

I broke the WCF when it was first introduced during an ict lol. the boots, I think ppl hide them inside before, thats why now must take off and also I think metal detector cannot scan inside boots or the boots got a metal? toe cap?",neutral
lzud8fp_1,positive_candidate,comment,singapore,False,57,"But anyway, the military segment of NDP is important from a psychological point of view in order to give Singaporeans a sense of confidence and security. It is meant to make you (and I use ""you"" because I am not Singaporean) feel more secure, knowing that your armed forces are properly equipped to face threats from outside.",positive
m5bz5zj_0,random_balance,comment,NationalServiceSG,False,67,"From what I know, the army will mail the letter to your house mailbox, and the only time the recruits will get the letter is during the field camp, where the sergeants will give it to us. There was no such thing as us receiving the letter first then having to pass it to our family members. There should be instructions on the letter so just follow.",neutral
lqr0qp6_0,random_balance,comment,NationalServiceSG,False,14,Whenever they want as long as they give you 48h of bookout a week,neutral
duuf5zt_0,positive_candidate,comment,singapore,False,96,"I cried when I failed to qualify for a trip to Beijing, but then my luck turned around when I got into a trip to Hong Kong and the above-mentioned trip to Thailand. Not sure if you're a guy, but guys will all have to enlist for NS after graduating from poly. I personally made much greater friendships with the people I met while serving NS than the people I met in poly. I never thought I would actually make such meaningful friendships in NS but I guess life can really go either way.",positive
dn76vkd_0,positive_candidate,comment,singapore,False,22,Yes I totally ate a lot of ground nuts. I might have given myself a sore throat. Ippt in 2 days ._.,negative
hcewb1y_1,random_balance,comment,NationalServiceSG,False,61,"There will be a recruitment talk during BMT where you'll find out more. You can still try C4X, not exactly sure how the selection is done, but a university placing and high clearance may help. PES shouldn't matter since C4X is the only voacation (other than MO which requires a medical degree) that accepts non PES fit commissioned officers.",neutral
jqlxhew_0,positive_candidate,comment,NationalServiceSG,False,18,Since u already complaining i assume u finished bmt. This is shitty advice but it worked for me.,positive
mffg906_0,random_balance,comment,NationalServiceSG,False,40,"The nurse at entry told me my 11B doesn't cover, then I ask her if I can use my civil service card. Then she said she check if activated or something like that, didn't get back to me.",neutral
lqw7mi9_0,positive_candidate,comment,NationalServiceSG,False,7,"relax, just take things day by day",positive
hrw4f25_0,positive_candidate,comment,NationalServiceSG,True,21,Huh first time heard parents said son Chao keng..your dad regular ? .. mine dad always said must Keng then can ORD 😂😂😂.,positive
kaxburs_0,positive_candidate,comment,NationalServiceSG,False,48,"Safti breakfast hits hard because regardless of menu, there is always bread with various spreads + toaster and ice cold milo gao. Nothing better than putting a shit ton of margarine on your bread, toasting it so it melts and soaks through, then dunking that in your cold milo.",positive
igr491o_0,positive_candidate,comment,NationalServiceSG,False,8,We have a John wick 3 among us...,neutral
garf95c_1,positive_candidate,comment,NationalServiceSG,False,27,"otherwise can just have more sessions lo, but it will still be manageable ah. generally the foot drills consist mainly of the standard stuff, sedia senangdiri, etc.",positive
ij09fvm_0,positive_candidate,comment,NationalServiceSG,False,14,enjoy the cookhouse hot food for a day then hate it the next day :),positive
l7yshfx_0,positive_candidate,comment,NationalServiceSG,False,7,Can nvr beat Raven leads the way,positive
ky9t3jc_0,positive_candidate,comment,NationalServiceSG,False,9,"Detention barracks bro, shit once a day only inside",negative
i2j0zw9_3,random_balance,comment,NationalServiceSG,False,16,Walk in to A&amp;E and seek help. There’ll be no problem at all.,positive
h2fhgry_0,positive_candidate,comment,NationalServiceSG,False,14,"see you bro, will be enlisting on the same day same time as you.",positive
idjook6_0,positive_candidate,comment,NationalServiceSG,True,10,Shiok lah! Enjoy! Any other concerns feel free to ask!,positive
nhnghzq_1,positive_candidate,comment,NationalServiceSG,False,10,Fine only la. In and out less than 5 mins!,positive
im89fxj_0,positive_candidate,comment,NationalServiceSG,False,15,"Yes, especially my gym friends i made in BMT and in UNIT :)

GYMBROS FOR LIFE !",positive
hk68ous_0,positive_candidate,comment,NationalServiceSG,False,24,"Really it was just fate I went in Guards. No one really nows, I even asked the Bde Comd and he said he dunno.",positive
gxqfsi1_0,positive_candidate,comment,singapore,False,59,"Till today, even some of my mates in uni, so differentiate me from their cliques, just because I’m not singaporean (of course they don’t say it onto your face), but you can feel it. I always felt that THIS is my home, and this is where I belong, and hence I even applied for citizenship after ORD.",positive
k0j2cp6_1,random_balance,comment,NationalServiceSG,False,37,"It's a little like trying to figure out an entire season of a show by just watching the trailers. From there, we form a profile of what might happen, or if something is safe to do. (",neutral
kv8yju3_0,positive_candidate,comment,NationalServiceSG,False,83,"Get those quick dry type like Uniqlo airsim boxer. and if you're prepping for JSFST, then you'll want to use running tights rather then boxer, and invest in really good pair of socks..    

A friend went for the JSFST and thanked himself after getting the tights from decathlon, as he claim he'll be waking with legs wide open if he goes without the tights, and the socks cost over $40 from this shop at Funan can't remember the brand.",neutral
k6igzx_3,positive_candidate,submission,NationalServiceSG,False,24,"Well, this is LTA Frost at your service. NS has been memorable few years past and I still remember those as fondly as ever.",positive
gele54q_2,random_balance,comment,NationalServiceSG,False,30,"Starts with H, ends with L, just like HELL. :P

&gt; In OCS, they will enforce the textbook on you like it's the bible and every day was Sunday.",negative
iqs8cwn_6,positive_candidate,comment,NationalServiceSG,False,28,My parents sent me to camp during book in and fetch me home during book out. These are all the things that I do not take for granted.,positive
pfg7fl_0,random_balance,submission,NationalServiceSG,False,24,"When do I enlist? Need help.. I’ve gotten my PES Status on 15 Feb 2021 as PES E, graduated this April from ITE.",neutral
gmp66xi_0,positive_candidate,comment,NationalServiceSG,False,43,"From what I hear from my friends who were pes c, it’s like a school camp. Nobody rushes you to do anything. Most strenuous activity is walking and for 50% of the time, you sit in groups singing army songs with gusto.",positive
kxlzr07_0,positive_candidate,comment,NationalServiceSG,False,23,Just be open minded and resilient. So many things are gonna go wrong so quickly but that's kinda just part of it.,positive
k5x17ne_0,random_balance,comment,NationalServiceSG,False,15,"Combat Engineer voc tab
CSB
CSSCOM/supply base formation patch (can't remember)
SCT rank",neutral
k3oos3c_0,positive_candidate,comment,NationalServiceSG,False,17,can’t tell cause someone ik grad poly this year April 2023 but enlist in september 2023🤷🏻‍♂️,neutral
htvcisg_0,positive_candidate,comment,NationalServiceSG,False,10,All the best mate. You’ve got a good attitude,positive
iw2peu7_0,positive_candidate,comment,NationalServiceSG,False,9,female pc. not under her but she very cute,positive
18ksyic_1,positive_candidate,submission,NationalServiceSG,False,39,"I'm neither Singaporean nor male so I really do appreciate your input here. As far as gifts go, I have compiled notes for him to get a head start in studying for uni and passed my projects over.",positive
dxq1zcx_0,positive_candidate,comment,singapore,False,68,"In the American army, In order to first be a Lieutenant Colonel, an officer must serve about 18-20 years and have completed all Key Development requirements with satisfactory Officer Evaluation Reports. Considering that the youngest ages of commission are typically 20-22, this would make the youngest Lieutenant Colonels 38-42, and therefore 43-45 before they are eligible to be promoted to Colonel. What an inspiration",neutral
kc1oz63_0,positive_candidate,comment,NationalServiceSG,False,11,"When I reminisce about army films, I think about Army Daze.",positive
h5hybq8_0,positive_candidate,comment,NationalServiceSG,False,18,"My superior is approachable which helps, hopefully they allow such a thing for me! Thx for the advice",positive
jni26hu_4,positive_candidate,comment,NationalServiceSG,False,23,N if those fkers stare at u. Just stare at them back PROUDLY. Tat time got one aunty stare at me on train.,negative
gch9nob_1,positive_candidate,comment,singapore,False,43,"Afaik, POP usually have a march together to the parade square but cause of Covid, our intake was the 1st to do a simpler POP with no parents attandance and take pictures and such. Good luck enlisting! P.s: from Police 179th Intake",positive
jz7g45h_0,positive_candidate,comment,NationalServiceSG,False,19,"True story, one of them saw his encik in jb who likes to go for massage ehem, immediately kenna",neutral
ir0c0pg_0,random_balance,comment,singapore,False,18,Does mindef use similar methodology to determine how much they have stolen from us guys over the years?,negative
hcsqpyy_0,positive_candidate,comment,NationalServiceSG,False,24,"Alright, I'll try doing that. Rn im just afraid of OOT-ing to be honest so i really hope everything is fine haha",negative
drgn1oa_0,random_balance,comment,singapore,False,43,"Here's an analogy to help you with what LKY is suggesting (and which I think is u/cheekia's point):

You're an ordinary teacher in a school. One day, the principal, the HOD, and the admin support staff all disappear unexpectedly.",neutral
if1x8wq_0,random_balance,comment,NationalServiceSG,False,32,Yea as for me not to serve NS means I migrate at 18 what? Then how go new country as a teen and do what? Only have A level cert some more.,negative
k0p34gb_0,positive_candidate,comment,NationalServiceSG,False,30,"Ur sign to start ur xmm hunting career. Jokes aside, prob pretty chill since there r rarely visits from schools besides the camps n events which u will likely facilitate",positive
gnifjmu_0,positive_candidate,comment,singapore,True,25,"Actually looks ok leh. Idk i only eat the muslim meals, but back then also i didnt really complain about cookhouse food in tekong much.",positive
mqicy6i_1,positive_candidate,comment,askSingapore,False,54,"After that act busy behind desk and say cannot join route march etc”

POP after POP, friends younger than me shared they were impressed with the COA charisma of leading by example. Only then i said to myself he is really a lead by example soldier. Hard to find in todays senior rank soldier.",positive
dbampz3_0,random_balance,comment,singapore,False,9,"I was from leadership batch during bmt, not mono",neutral
ml4m47b_0,random_balance,comment,singapore,False,46,she’s quite naive tbh. paying for her NS bf on the premise of a “future” since her bf wants to enter investment banking in the future. the joke is he’s near ORD and still yet to receive a firm offer from any local uni,negative
mrjnllp_0,random_balance,comment,askSingapore,False,14,The not so good. You missing out on HOME awards and annual IPPT income.,negative
mjyuhmr_0,random_balance,comment,singapore,False,32,"You what cohort? If you secure your IPPT already, can go in earlier and focus on your soldiering skills better too, so you can get into SCS or OCS if you want.",neutral
lgyadkr_0,random_balance,comment,NationalServiceSG,False,22,Personally i would join after my diploma as there is a pay difference. Especially if there is the idea of signing on.,neutral
ky9zkx7_13,positive_candidate,comment,NationalServiceSG,False,34,Yes it might be stressful while you are going through it but at the end of the day you will find a way. So why not try to be happy while going through it.,positive
mil9ll4_0,positive_candidate,comment,NationalServiceSG,False,5,ohhh i see thank youu!!,positive
gjmcrva_0,positive_candidate,comment,singapore,False,44,"what's wrong with that? I used to take 3-4 hours nap as a kid... 2 hours nap very common now for me too.. i still sleep very well at night... lol

my sergeant in the army told me sleep is over rated",neutral
h1mnj9q_0,random_balance,comment,NationalServiceSG,False,15,"U can drop off at the zebra crossing instead of the carpark, and just walk",neutral
nqiq8ou_0,random_balance,comment,NationalServiceSG,False,11,"adding onto this, are sports protective goggles with prescription are allowed?",neutral
gb62l7i_0,positive_candidate,comment,NationalServiceSG,False,27,I try to volunteer on weekends if I can with this Non-Profit that works with kids. I also pursue my passions ah like photography and videography.,neutral
eiktrfc_0,positive_candidate,comment,singapore,False,46,"Ez life. Found term alot of lectures which only helps abit then on job training ( your unit which you will actually learn shit) and then go back to OPS phase ( easy too as compared to SCS) 

I’m a CQ at Armour, life is kinda ok!",positive
kylccns_0,random_balance,comment,askSingapore,False,22,Was currently serving national service (our form of conscription) during that year. My memory's a little fuzzy on the exact details.,neutral
gkb5qjq_1,random_balance,comment,askSingapore,False,45,"Look at the NS trainings now compared to those who served in the 80s or earlier. If a NSman tells his Platoon Sgt that he is feeling depressed because his GF left him, the Sgt will tell him to go fly kite, chao geng, etc.",negative
19c6zjd_4,positive_candidate,submission,NationalServiceSG,False,81,"&#x200B;

now i have been scheduled by the office to go Camp Z coming monday for a job with a contractor. seeing that the newest colleague is planned for night standby for that day, i informed him nicely that i'd help him scan computah (i've been auto scanning any day that i'm there first for the longest time now, and frankly i can say that i am happy knowing that i minus-ed something from night standby crew).",positive
k0vc2hg_1,random_balance,comment,NationalServiceSG,False,60,"The tests I went through to gauge ‘aptitude’ seem to assume some familiarity with the equipment, even they publicly claim that no experience is required. Yeah no experience is required to pass the test if you’re super talented; but those with prior training can pass the tests more easily without needing as much “talent” (whatever the heck that means).",negative
ic7npg9_0,positive_candidate,comment,NationalServiceSG,True,38,"very very rich coming from someone who has been dishing out chao keng, excuses and MC advice to NSFs on reddit and knows very well the ins and outs of PCC SCC and the entir3 PES F process",negative
dg2l4aj_0,random_balance,comment,singapore,False,18,"Any experts here on pes status, re bmt, psychological problems and psychiatrist appointment whom i can talk to?",neutral
j0p4atx_2,positive_candidate,comment,NationalServiceSG,False,46,"Chucked to order food and plan battalion games day :o not even if the main company mission line. heard he's some reno freelancer or smth while the rest of his men have gone on to succeed :)

Amazing what 15 years of time can show you.",positive
jjl5x8p_0,random_balance,comment,NationalServiceSG,False,14,Yes can. I brought and didn’t get fucked. May differ between companies tho,neutral
i08cnas_1,positive_candidate,comment,NationalServiceSG,False,32,"Regardless, just try to take care of your physical and mental health. If you want, try to pick up something on your own like exercise, gym, reading, watching netflix series you missed.",positive
1513s04_0,random_balance,submission,NationalServiceSG,False,58,"Severe Sleepwalking and Sleeptalking, can i downpes/OOC?. For context, I've been sleepwalking and Sleeptalking since young but grew out of it. Only in Army then it returned and to my knowledge is quite severe; i can sleepwalk to other people's bunk and talk to them, return to my bunk and wake up with no recollection.",neutral
nhqgjk0_6,random_balance,comment,NationalServiceSG,False,11,5. Not allowed unless you declare/get it cleared with MO.,neutral
hi3t6me_0,positive_candidate,comment,NationalServiceSG,False,22,"Oh yeah you can also try writing, it helps for me at times. If you can use your phone don't hesitate.",positive
es502s2_0,positive_candidate,comment,singapore,False,5,"*book out, book out day!!*",positive
ik4p33k_0,random_balance,comment,NationalServiceSG,False,8,"&amp;#x200B;

So how do you travel then",neutral
mo8p02z_2,random_balance,comment,NationalServiceSG,True,28,"Hand No need to be 90 degrees. This is coz the previous intake complained Water Parade so long then kena ""hand pain"" so cannot do PT next day.",neutral
h0bnxgh_1,random_balance,comment,NationalServiceSG,False,47,And we will either have to pay back the remaining 2 months (give or take) during our uni holidays or after we graduate. From what ive seen almost everybody gets approved for disruption in our circumstance but perhaps someone who has been through it can elaborate more.,neutral
hcyqrsw_0,random_balance,comment,singapore,False,85,"That's because people like these live in their own bubbles. A lot of incompetent men feel that NS was the reason why their life suck, so they want foreigners to suffer the same thing as them. But they don't realize men across the world are facing the same issues (e.g. rejected by local women, lackluster career) even though they don't have conscription to delay their life by 2 years. Apparently going through NS didn't teach them that life is unfair?",negative
mmj7z19_0,positive_candidate,comment,NationalServiceSG,True,4,any updates sia HAHAHA,neutral
h3exitc_1,positive_candidate,comment,NationalServiceSG,False,12,Make sure to treat yourself better after you ORD. It gets better.,positive
dkxcq4z_0,random_balance,comment,singapore,False,29,"Ironic isn't it, national service, to make us feel indebted to the country. ( wew, look at Singapore over there, don't you want to defend your loved ones?).",negative
fvt2f1v_0,positive_candidate,comment,NationalServiceSG,False,27,I’m a picky eater but I actually find that the food is okay though. Takes some getting used to and it’s kinda alright after that.,positive
exoc7p_0,positive_candidate,submission,NationalServiceSG,False,48,"Signals Summex. Hi, i’m currently in Signals IS and i was wondering if anybody knew about a possible turnout for the summex? it’s summex swiftnet and i always hear stories of 4am turnouts to commence the summex and i want to be prepared for it LOL",neutral
kpcamic_0,positive_candidate,comment,singapore,False,17,it's still possible like my encik grandmother can still run faster than most recruits in Tekong,neutral
luq82o9_0,random_balance,comment,singapore,False,56,"Sorry to hear about your experience and that many people seem to have failed reading comprehension. To me, your identified gender doesn't matter at all - the only question is whether you were conscripted and paid conscript allowance. If you were, thank you for your service and you do have it harder than us cis men.",positive
kumeef9_1,positive_candidate,comment,NationalServiceSG,False,32,That's the most experience u can get. After that you'd probably get posted to BMTC or some trainer role. Still okay ah I'd do it if I were u,positive
ll9ozlo_1,positive_candidate,comment,NationalServiceSG,False,18,Thanks for sharing. I consider myself quite a rebel so I myself am not exactly scholar material HAHAHAHAHAHAHAHA.,positive
kbnil3z_0,positive_candidate,comment,NationalServiceSG,False,12,thank you former COL Yee for the one time vetting on Tuesday,positive
ix156tv_5,random_balance,comment,NationalServiceSG,False,4,Fucking cunts. Be brave.,negative
11r8ex6_3,random_balance,submission,askSingapore,False,27,Also overseas uni will be out for me as my parents cant afford it. I know that this requires a lot of discipline and dedication as well.,neutral
f8rkq9u_0,random_balance,comment,singapore,False,14,"Survivor of national service

Survivor of scolding by teacher

Survivor of PMD infested walkways",negative
llg3la3_3,random_balance,comment,NationalServiceSG,False,38,"In fact in some of the comments I've explained why I did not like the vibe (similar to ""attitude""), at some of these schools and places. I didn't realise that I was exhibiting some attitude too.",negative
1b2m4dn_1,random_balance,submission,NationalServiceSG,False,35,Also can we ask polyclinics for referrals to get a second opinion? I may be going for a surgery and only have 1yr to ord so trying to move things faster. Thanks for your help 🙏,neutral
hvs5fo8_0,positive_candidate,comment,NationalServiceSG,False,5,Gone since I enlisted xd,neutral
hcbt0i0_2,positive_candidate,comment,NationalServiceSG,True,50,practical tests oso just don do stupid shit can liao. on the bright side daily got like almost 5hr admin time but a lot ppl just use to toh. minimal pt oso so can relak ik my bp frens all like gain back their tekong Ls during the 3 months,positive
hnpmwhv_0,random_balance,comment,NationalServiceSG,False,35,"Its 5050 for most ppl, but as we all know, universally for everything in life to do with service especially, it is easier to hate, whine, complain than the other way round. Criticisms &gt; compliments",neutral
n02gv2x_0,random_balance,comment,NationalServiceSG,False,17,You stay in there too long like 10 years hard to get out. 3-4 years enough.,neutral
hipsvc4_0,positive_candidate,comment,NationalServiceSG,False,28,"Glad you're adjusted to Tekong life. Just take everything step by step, don't think so much, and try to form a routine for every night/morning.",positive
mpmcm7l_0,random_balance,comment,NationalServiceSG,False,13,My friend ex fire arm but he was a SA in tekong also?,neutral
ihketk3_0,positive_candidate,comment,NationalServiceSG,False,16,"On behalf of everyone here, I thank you for your service. Furthermore, a guardswoman to be.",positive
k6xzr68_0,random_balance,comment,NationalServiceSG,False,45,"I'm pretty sure that cdo has ptp batches, cuz my poly friends who didn't pass ippt had to go in in May, whereas those that passed went in in July and ended up in the same batch of cdo. They all POPed tgt.",neutral
ilaw3ic_0,positive_candidate,comment,NationalServiceSG,False,39,They will try to let everyone do at least once to let them experience. My coy made those who didn’t do guard duty during BMT to do sentry during BMT field camp. BMT guard duty very fun one.,positive
mr482xl_1,positive_candidate,comment,NationalServiceSG,False,31,"Not saying that they are lousy, but our military is small, and thus even smaller the pool of military musicians. This is the best we got, and we should be proud.",positive
dx8jkx8_0,positive_candidate,comment,singapore,False,24,"&gt;Wet tissue lovers of sg, there’s this looney tunes wet tissue selling at $1 at Value$

If outfield week I sure whack",neutral
g4xgfq7_0,random_balance,comment,NationalServiceSG,False,49,"I think it's bull if anyone says they don't care about ranking or promotion. These are the type of people who played a little too much when they are junior spec, however as the year pass, they will become very bitter when their peers out pace them.",negative
nw605ui_0,positive_candidate,comment,NationalServiceSG,False,3,guards considered marines ? 😂,neutral
h1oyz5u_3,positive_candidate,comment,NationalServiceSG,False,61,"6) Assisted in organising formation atheletics meet. 7) Assisted my OC in organising VVIP ushering during NDP (MP, ministers, PA VIPs etc)  
8) Had command jeep at company line for moving around camp, the MTO was my poly football kaki haha. Was fun for me thinking back but like I mention in the beginning, its vastly different for every one/unit.",positive
lhjn40i_2,positive_candidate,comment,NationalServiceSG,True,20,"Not bad laa trust. Confirm will be shag but bopian lor just go through it, don't be too negative",positive
n5zeh57_0,positive_candidate,comment,NationalServiceSG,False,10,"Alright, thanks everyone for your help, I will declare it :)",positive
cf3xvc_0,random_balance,submission,NationalServiceSG,False,9,Beret seasoning. How do yall season your beret's?,neutral
l4jzt8v_0,positive_candidate,comment,NationalServiceSG,False,10,Expect to do what u are supposed to do. Lol.,neutral
18ebffw_0,random_balance,submission,NationalServiceSG,False,7,Welfare good? using wall plugs in tekong,neutral
hxt8msf_0,positive_candidate,comment,NationalServiceSG,False,16,Oh okay ummmm hope that they don’t push me down to may intake or sth 🙃,neutral
jwcx4zn_0,random_balance,comment,NationalServiceSG,False,18,"why national dental centre need to pay upfront, i thought all govt hospital/ dental clinics can use 11b?",neutral
mh012fu_0,positive_candidate,comment,singapore,True,23,I used to hear all the stories from my seniors enciks that sometimes they'll book out on sat morning. Wah heng ah,positive
kx6xbd5_0,positive_candidate,comment,NationalServiceSG,False,12,prob can raise the funds if they cut ministers 1 mil pay 😯,negative
gytlyic_5,positive_candidate,comment,NationalServiceSG,False,12,Be kind and supportive to your fellow soldiers. It's all showmanship.,negative
i644j9e_2,positive_candidate,comment,NationalServiceSG,False,14,Process is quite fast. You can PM me if you have any more questions.,positive
1as2bei_2,random_balance,submission,NationalServiceSG,False,56,It's mind numbingly tedious to act cordial with toxic regulars and i dread having to put up with their nonsense over the most menial things. I wouldn't mind serving so much if the environment i worked in had a positive atmosphere or at least reimbursed me adequately for the shit i put up with.,negative
hr75scu_5,positive_candidate,comment,NationalServiceSG,False,45,There’s combat circuit which frankly no one likes but I later understood why I had to do it and the PT sessions which I hated. I think the key to pushing through the 2 years as an infanteer is finding your motivation and purpose.,positive
m5i188m_0,positive_candidate,comment,askSingapore,False,15,"First day BMT 86KG, buibui, not good

Last day BMT 68KG, very handsome, ladies man",positive
hvu442g_0,random_balance,comment,NationalServiceSG,False,46,"well some people dont have the privilege of other citizenships and have to live/visit singapore for  the sake of themselves/family so the ""skip NS by nvr coming back"" option isnt viable for them. making full use of the 2 years is also very subjective.",neutral
16631az_1,positive_candidate,submission,NationalServiceSG,False,90,"im not a singaporean lol

he mentioned he got army, which i assume is armed forces but do correct me if im wrong.. so what can he expect? i know it won't be a kind experience so what does he have to look out for? the training, the people there...and as a girlfriend, what can i say other than ""you'll be okay"" etc etc. someone told me to post this here, so im sorry if this question is stupid lol,,excuse some grammar mistakes lol, thank youuu",positive
14s4qch_0,positive_candidate,submission,NationalServiceSG,False,64,"PROS AND CONS OF BEING IN OCS. Like the title says i’m curious what is like to be in OCS, pros and cons for the long run and just wanna make the most out of my NS time. Hopefully those who are currently in OCS and ord’d as an officer can help, thanks guys! Hoping to hear some tips and tricks too!!",positive
ix2fesx_0,positive_candidate,comment,NationalServiceSG,False,18,"sorry to hear that man, I hope they find smthn soon and get u back to combat fit",positive
n2c5emu_0,random_balance,comment,NationalServiceSG,False,25,Oh i thought from year 2 onwards if you fail IPPT still need come back to do NS fit in year 3…. Don’t need?,neutral
akcj95_0,random_balance,submission,singapore,False,24,"SAF Safety Time-out. Currently in BMT, sergeants confirmed that the timeout is until 6 Feb. Do other units differ from this date? Reactions?",neutral
ksn5gvu_0,random_balance,comment,NationalServiceSG,False,74,Most hospitals have quite a long waiting time unless your condition is urgent. But you can always bring forward your appointments by calling them to check if there are any available slots on the day itself or in a few days. Some people cancel their appointment last minute so there’s a chance you can get an open slot on the day itself. The best time to call will be early in the morning.,neutral
na8dfsw_1,positive_candidate,comment,NationalServiceSG,False,18,"not sure about unit but not during aiscc itself 
3. i forgot ah but its prolly chillax 
4.",positive
hzx2ooz_0,positive_candidate,comment,NationalServiceSG,False,18,Hmm makes sense. Ig I’ll go watch some videos on YouTube to learn the proper form. Ty!,positive
k0pvqne_0,positive_candidate,comment,NationalServiceSG,False,6,I want to wear the hat,neutral
hdp15vc_0,positive_candidate,comment,singapore,False,32,"Actually what’s so bad about NS, ICT, etc ah? I actually look forward to each round of ICT cos it’s like a good change of pace from everyday work routine.",positive
h32fddg_0,positive_candidate,comment,NationalServiceSG,False,17,Don’t worry too much abt it just try your best mostly is sit test and ippt…,neutral
jn4uljy_0,positive_candidate,comment,NationalServiceSG,False,5,Looks cool yes. Wearing it?,positive
dx0e304_0,random_balance,comment,singapore,False,18,"If u do more than 500 pushups during bmt you will go scs, more than 1000 then ocs",neutral
hg2zwaz_0,positive_candidate,comment,singapore,False,34,I wish I was back when I just ord so I can stick my pink IC on my forehead and send to my understudies still serving and tell them vaccination give me early ord,neutral
m1u0yls_0,positive_candidate,comment,NationalServiceSG,False,21,"15 mins first week ptp -> 11min first week bmt

ran like 4 times a week each run ard 30mins 4km ish",neutral
it7i9x7_37,positive_candidate,comment,NationalServiceSG,False,43,"With the discipline and regimentation I practised for 10 years, I left and became so much more. Discipline gives u the mentality and grit to soldier on to practise, learn and get things right, no matter what's the subject u are tackling.",positive
ghc3o1x_0,random_balance,comment,NationalServiceSG,False,21,You will be refer to Singapore Changi Hospital instead of the skin centre. The waiting duration probably a month or so.,neutral
e7a00j4_0,positive_candidate,comment,singapore,False,44,"My unit was pretty chill and my vocation as a pioneer, aka man, made it even more so. I am just about to ORD and I can tell you that I’ve spent a full year total doing nothing but eating, sleeping and shitting.",positive
ip12ipc_0,random_balance,comment,NationalServiceSG,False,6,Even the last time suicide cases?,negative
k7vqjkt_0,random_balance,comment,NationalServiceSG,False,7,Can slowly find in post secondary school,neutral
ebmz2n5_0,random_balance,comment,singapore,False,38,Depends on how delusional your encik is. My OC told us straight that our entire strategy is to hold our own for up to 3 days until USA arrives and helps us. Anything longer and we are fucked.,negative
h1dtv63_0,random_balance,comment,NationalServiceSG,False,44,"Disobedience of general orders for a breach of the security act (forgot which annex and paragraph), either 7 day sol per photo/charge capped at 28 days or a fine ($50-$100 per photo depending on how vindictive the manpower officer/oc  is feeling",neutral
m3d3d7f_0,positive_candidate,comment,NationalServiceSG,False,19,"If you're legit, there's a SOC like playground at discovery centre that includes a small Jacobs ladder!",neutral
mwnt1ee_0,positive_candidate,comment,NationalServiceSG,False,24,Ya i spent a hell lot at the range once. I mean it was for my birthday so didnt really look at price much,neutral
ie4t9fp_0,positive_candidate,comment,NationalServiceSG,False,14,But he has 2 more chances and they say third time's a charm,neutral
i5u6jm2_1,random_balance,comment,NationalServiceSG,False,27,And they will most likely just nag at you to wear your headdress properly form now on. Nobody is gonna punish anyone over sth simple like headdress.,neutral
fnsgt32_0,positive_candidate,comment,singapore,False,30,What... all gedong cookhouses were lightyears ahead of bmt school 2 imo. Roti prata fish and chips mutton curry sambal luncheon meat to name a few of my fav meals,positive
nxw0l1_0,positive_candidate,submission,NationalServiceSG,False,35,OCS Alpha/Echo Wing CLM IPPT. just wanted to ask if anyone knows if Alpha or Echo wing conducts IPPT using Eliss system or manual count? because you know.. it makes a lot of difference 😬,neutral
jrwrfql_0,positive_candidate,comment,NationalServiceSG,False,26,"Basically to know when to evacuate the casualty when they report sick doing their activity haha, at most give IV only. MO only deals with medicine.",neutral
hr5yiye_0,positive_candidate,comment,NationalServiceSG,False,7,"Alright! Thank you so much, appreciate it!",positive
m6wg4u8_0,positive_candidate,comment,NationalServiceSG,False,62,"Uh, not sure about PES affecting gym. Where I’m at (not disclosing for obvious reasons), there is no restriction… just need to sign book to say you come in n out. Ya I’m pleased to know that Buddhist is right🙂let your section commander / platoon commander know very quickly n see what they can do for you

All the best!",positive
ir0yvlk_0,random_balance,comment,NationalServiceSG,False,10,Honestly only rain then got smell. No rain no smell,neutral
jvkkeja_0,positive_candidate,comment,NationalServiceSG,False,15,"Thank you for great advice. Some questions

1) can I really bring my own blanket?",positive
h42ldaz_0,random_balance,comment,singapore,False,30,"&gt; Keng culture makes all the fit people suffer more

Even the fit people should give SAF the finger and downpes so the shit org will stop wasting their time",negative
eic31iq_0,positive_candidate,comment,singapore,False,21,Well my medical record show I have an Eye surgery when all I went for was an X-ray lmao (freedownpes),neutral
d5lw9cn_1,random_balance,comment,singapore,True,60,"Open road is just dying for a DO, Coy CO, Bn CO, random encik to arrow only Don't hang around those people too long, lest you become dumb too. ಠ_ಠ

Anyway, just get your specialist to write a letter, got to be strongly worded. Bring mummy, daddy, ah ma, ah gong, gf, great grandparents urn along if need be.",negative
mmcpiwv_7,positive_candidate,comment,NationalServiceSG,False,63,I still regularly look back to think of what could have been since I had a dream and goal for 2 years which didn’t happen. A person like me isn’t fit to lead men that’s what I think to myself. But my journey so far has let me learned much about myself and how I could improve for the future.,positive
1oi1lub_7,positive_candidate,submission,NationalServiceSG,False,22,Don’t risk heat injury — refill your bottles whenever you can and keep sipping. 🚫 And don’t hold your bladder or bowels.,neutral
ftd86cs_10,positive_candidate,comment,NationalServiceSG,False,32,Fitness is important if you wish to excel and pass everything like a breeze. My take is to start training hard now. Training hard also means training smart and understand your body.,neutral
hp547ub_0,positive_candidate,comment,NationalServiceSG,False,36,Not yet i have my first appt early nxt yr. Im an ASA in the same building and so far the stories i hear and the interactions i've had is that they are nice ppl,positive
jar9ety_0,random_balance,comment,NationalServiceSG,False,14,"Technically, NSmen benefits from tax relief. Though the extent is i believe very marginal.",neutral
e12uz66_0,positive_candidate,comment,singapore,True,17,Relax lah PSE E do not need take IPPT one . Just go there and study army staff .,positive
eu292ox_0,random_balance,comment,singapore,False,32,Well for one the state-sanctioned commodification of conscription tropes and military jargon (ie. the entire ABTM franchise) surely didn't help preserve the military's status on some sort of pedestal.,negative
f7xqv65_1,positive_candidate,comment,NationalServiceSG,False,18,Don’t worry you’ll get better in time. Combat fitness and normal fitness is not the same.,positive
fmsa7nq_2,positive_candidate,comment,NationalServiceSG,False,22,This will allow you to brush up on the areas which you might have left out due to carelessness. Hopefully this helps!,neutral
zoup35_4,positive_candidate,submission,NationalServiceSG,False,45,"Is there anyone who was in the same situation as me to can advise me on how I should continue-? Anyone with any tips or wise knowledge to impart to me would be nice too HAHA

&amp;#x200B;

You can PM me if you want!",neutral
kfte59s_2,positive_candidate,comment,NationalServiceSG,False,33,"In unit, once the soldier has more freedom (including commanders) they start to become pickier. Going to canteen. Going for canteen breaks, waiting for RO then go out for supper or order grab.",neutral
12waiu3_0,positive_candidate,submission,NationalServiceSG,False,7,signing on to scdf as rota commander,neutral
i0ia2kt_0,positive_candidate,comment,NationalServiceSG,False,42,"Enjoy your time at NMI (the free wifi, the sleep, ice cream wednesday etc.). Once you're posted onboard ship, you'll never able to enjoy such freedom. The tests are fairly easy and it is almost impossible to fail (no cap).",positive
gk7za84_0,positive_candidate,comment,NationalServiceSG,False,40,"Just my two cents worth. Facilities wise,OCS is good.they will drill into you that you are there to be grilled and trained as a commander
The training will really built up your real physical fitness and combat fitness.",positive
jw5jlyw_0,positive_candidate,comment,NationalServiceSG,True,22,Shiok life. I had a friend in mbtc2 which used to be in JC2 located in the same building as my unit.,positive
lk0blzm_1,positive_candidate,comment,NationalServiceSG,False,29,"I literally know the son of a billionaire in Singapore who served in SCDF. From a good school, no foreign links, father has a good reputation. It is random…",neutral
i0ly7m_1,random_balance,submission,NationalServiceSG,False,40,I was wondering how much of my ns can I disrupt for university studies as so far the information available online is inconsistent with some saying 2 months while some 3. Can anyone share how much I can actually disrupt?,neutral
ghdjgm7_0,positive_candidate,comment,NationalServiceSG,False,19,Thanks bro :) is just a humble story of mine :) I believe everybody struggles too :) wishing you all the best :),positive
jstknbc_0,positive_candidate,comment,NationalServiceSG,False,13,What do you mean by worth doing? Do you have a choice lol?,negative
k2exoow_0,random_balance,comment,NationalServiceSG,True,33,">As kranji has no space due to the influx of pes c/e stay out will only get a chair

Oh isit? I was there in July I still got a bunk leh",neutral
hqrfysi_11,positive_candidate,comment,NationalServiceSG,True,9,"&amp;#x200B;

Don't worry. B3/B4 legit lepak.",positive
i8ocvhc_0,random_balance,comment,NationalServiceSG,False,26,"I see that some things never change, the packed af schedule still remains a hallmark of the 2SIR BMT experience. Source: Was from the previous mono",negative
j90141q_0,random_balance,comment,NationalServiceSG,False,17,"Do you have an additional insole? If not, can try using it to see if it helps.",neutral
n7epzh4_0,positive_candidate,comment,NationalServiceSG,False,27,"Got this American dude, mind u he’s a few heads taller than me. Ran up to me from the back, tapped me and called me sir.",neutral
i6427la_6,random_balance,comment,NationalServiceSG,False,25,"sad to say but many companies still look at your NS transcript &amp; testimonials. if you're a trooper, most can only dream about it.",negative
1dfkd3z_0,random_balance,submission,NationalServiceSG,False,69,"Do I have to do reservist as a PR if I live in another country and have citizenship there. Hi currently a singaporean PR and going to serve NS soon. After finishing NS If I obtain citizenship in another country and live there, as a singaporean PR do I have to come back to do reservist? And also  is it possible to still visit the country without doing reservist",neutral
ibfy9f2_0,positive_candidate,comment,NationalServiceSG,False,8,R u enlisting on 15 Aug too haha,neutral
irv4dqq_0,positive_candidate,comment,NationalServiceSG,False,6,i wholeheartedly declare support for this,positive
iqyw3s9_0,positive_candidate,comment,NationalServiceSG,False,10,Not a big spender so I save about 70-80%,neutral
iloaiuq_0,positive_candidate,comment,NationalServiceSG,False,11,"""2 years beri fast one""

- your parents and uncle auntie, probably.",neutral
fayodwl_0,positive_candidate,comment,NationalServiceSG,False,26,"You could check out [SteamedChickenRice's post](https://www.reddit.com/r/singapore/comments/acp8bz/steamedchickenrice_guide_on_bmt/) on BMT, helped me out a ton for my enlistment",positive
k7kmglc_0,positive_candidate,comment,NationalServiceSG,False,13,The kind of story you'll write when you're super super bored,neutral
jzmpgom_0,positive_candidate,comment,NationalServiceSG,False,51,"Welcome to beautiful Sembawang Camp! after 8 months, you will become a CQ (read: storeman sergeant)

You will be spending 9 weeks at Sembawang Camp for the first phase of your training. Basic R&D is expected (since you're in command school) but overall will be more chill than BMT.",positive
1davbh3_0,random_balance,submission,NationalServiceSG,False,30,Has anyone seen a NSF officer pump an encik before?. hella curious to see if an NSF 2 bar got try pump WOs before or not... would be hella funny,neutral
h90c4i8_0,positive_candidate,comment,NationalServiceSG,False,79,"I mentioned this before a post on a post I made and I would like to preface this by saying that I view NS as necessary for our country and I came into NS with a positive mindset, to do my best and have a unique experience, and not with the ""waste of time"" or ""serve than fuck off"" type of attitude. But I would like NS to be shorter, say around 1-1.5 years would be nice.",positive
itgre6e_0,positive_candidate,comment,askSingapore,True,29,Wah tbh the army shirts are really the best fitting shirts. But then I don’t want to keep walking around looking like my bf just enlisted in bmt,positive
h43uzf3_0,positive_candidate,comment,singapore,False,16,I hope I can serve my extra at home also. I would even sign extra extra.,positive
ghe4l81_0,positive_candidate,comment,NationalServiceSG,False,10,Thank you for your service :) wish you all the best :),positive
ftdqkpy_1,random_balance,comment,singapore,False,73,"Then, grant it to them. By doing this then every suicide victim will have the help they need, and at least all options were exhausted before they were allowed to die in dignity. And if our mental health professionals are confident suicidal patients can be cured, then, technically, this should prevent suicide and reduce suicide in Singapore. [https://www.bbc.com/news/world-europe-48541233](https://www.bbc.com/news/world-europe-48541233)",positive
dh43j1t_0,random_balance,comment,singapore,False,35,Interns at Facebook in CA are just paid as though they were full-time employees. CA also has high taxation and high rents. Even the original article doesn't take cost of living into account.,negative
h84y6mi_0,positive_candidate,comment,singapore,False,11,Welcome! We love foreigners and will serve National Service for YOU!,negative
xgbkyd_0,random_balance,submission,NationalServiceSG,False,58,"I'm done being nice to people who don't appreciate it.. These people tend to have huge egos, are completely self serving and hypocritical. They might even think you're racist for not helping them when they also treat you like shit but in reality you're just judging them for their character and not their race.",negative
g0inwf2_0,positive_candidate,comment,NationalServiceSG,False,19,"head to ur 10pack accessories pack bro, there is a pack of bootlaces inside, dn to rebuy boots HAHA",neutral
ne5445x_1,random_balance,comment,singapore,False,37,"This is ""cyber impersonation"", most likely aided with spoofing of the phone number, AI driven deepfake picture or stolen picture AKA identity theft. Still as cyber as it is. With motive to inflict damage to SAF reputation.",negative
jwja1kk_0,positive_candidate,comment,NationalServiceSG,False,5,Better than infantry ah bro,positive
mslhn67_0,positive_candidate,comment,NationalServiceSG,False,12,"As long you have done your part, there's nothing to worry.",positive
inal1m4_1,random_balance,comment,NationalServiceSG,False,28,Jokes on me to decline a Pes F but im generally a person who's ups. Just my body itself failing to work like it's intended to.,negative
ryqh68_5,positive_candidate,submission,NationalServiceSG,False,7,It be great to see replies. Thanks!,positive
hhvy33w_0,positive_candidate,comment,NationalServiceSG,False,15,I just made and posted the RSAF beret! You can check out my new post :),positive
n3yzvlq_0,positive_candidate,comment,NationalServiceSG,False,24,Sleep at own home’s bed in your own personal space and privacy is always better than sleeping in camp bunk with other people,neutral
efwpdoc_0,positive_candidate,comment,singapore,False,80,"&gt; ""I even enjoyed the residential training and things like booking out (leaving for home after staying at camp for a period of time) and getting dirty."" &gt; Maj Oh, the assistant director of the force's EMS Readiness department, was the first paramedic to be ""cross-trained"" as a firefighter in 2005. &gt; She currently oversees the force's EMS tiered-response framework, which was implemented in 2017, and deploys resources according to the severity of a medical incident.",neutral
h1xqbgk_0,positive_candidate,comment,NationalServiceSG,False,8,After training period over then more free time,neutral
kywlbrd_0,positive_candidate,comment,NationalServiceSG,False,7,thanks pigeonjizz! all the best in scs :),positive
gx3oa7b_1,positive_candidate,comment,NationalServiceSG,False,26,"When you book out, do the things you like, talk to your close friends. Find an outlet where you can relax/ relief yourself of the stress.",positive
n9q5v0u_1,positive_candidate,comment,singapore,False,57,"So I was standing all alone half falling asleep when suddenly a very chilling wind past me followed by a whisper...

你不想活了吗？(You don't want to live anymore?) Knn I woke the fuck up and ran to the restroom to find my buddy. Didn't say a word to him cos needed to borrow his 'flame'",negative
iyv6jsf_0,positive_candidate,comment,NationalServiceSG,False,14,Lol js smirk at them and dont say anything else. Theyll be confused asf.,neutral
jp1zpbg_0,random_balance,comment,NationalServiceSG,False,32,Brother I see your chain responses and I think you have some issues to validate your pes f already. Good luck in DB and update us on your ex-con life okay?,negative
lyk7w6k_0,positive_candidate,comment,NationalServiceSG,False,22,Came from a WO company in BMT. I can agree with this 💯. Very efficient = more resting time for them and the recruits.,positive
ixladpb_0,random_balance,comment,NationalServiceSG,False,6,Lan lan suck thumb i guess.,negative
hxokvsy_7,random_balance,comment,NationalServiceSG,False,26,"Ah guys tomorrow morning ownself do 5BX, after that go breakfast. I think I only coming in at 10am... we meet 1030am at the LT thanks.",neutral
ijynnrk_0,positive_candidate,comment,NationalServiceSG,False,134,"I am PES E9 (mild Asperger's). I would have been exempted from NS from the start because they gave me a choice but my father was sitting beside me at the time so I couldn't really refuse. That being said, I still think BMT was a blast overall as I met a lot of new friends there and most of the time we just slept in bunk (this was during the early days of covid)

As for converting experience to private industry I would say that if you literally have zero knowledge of how office life is this is true, but if you have worked or interned in an office before it won't really add much as NS office life is dealing with more sensitive things than in the private sector.",positive
mpfgzo0_0,positive_candidate,comment,singapore,False,36,"Will never forget the time GCT in ORD mood surprised everyone by telling the whole story in detail at National Day Rally, then said ""I must be suffering from amnesia. I just cannot remember this incident!"" 😂",positive
k22wctu_0,positive_candidate,comment,NationalServiceSG,False,22,Yeah this one quite standard. I called it the shake. They grab the top of the cupboard and shake it all out.,neutral
ecgal7d_0,positive_candidate,comment,singapore,False,5,I live for Tekong cats...,positive
nxf0k8_1,random_balance,submission,NationalServiceSG,False,30,I understand alot of members wondering what really happen as I receive request to pm or ppl pm me. I won't be replying to all this request from now.,neutral
169qdxn_0,random_balance,submission,NationalServiceSG,False,6,wondering if pes e9 100% clerk?,neutral
ghxm26u_0,positive_candidate,comment,NationalServiceSG,False,46,"Thank you for explaining about the RO part, I was a recruit and now a men I didn’t understand what the specs went through. Thank you for giving us a glimpse of it. If only I have you as my PC that would be great",positive
m3olh3v_0,random_balance,comment,NationalServiceSG,False,60,"Best to check with your commanders rather than asking on reddit. For my case, my PCC appointment was in the afternoon but my commanders allowed me to go to PCC straight from my house without booking in in the morning. Otherwise, I would have to book in in the morning and book out in the afternoon and head towards PCC.",neutral
cm0door_1,random_balance,comment,singapore,False,51,"That being said, family background can count in a different way. My bmt sergeant said there was a case where a guy got coy best at first (coy best gets to go OCS) but because his grandfather was in jail before, he lost it to someone else. Went to SCS instead.",neutral
ki8hatu_0,positive_candidate,comment,singapore,False,17,Lmao even MINDEF don’t call back all eligible Singaporeans at once for reservist. Somehow this can?,negative
kvdm7w1_0,random_balance,comment,NationalServiceSG,False,12,"Reservist nobody wants to wear beret, everyone chose to wear jockey cap.",neutral
inq1ds2_0,positive_candidate,comment,NationalServiceSG,False,24,"No confinement, bookout every Fri, GL on getting to a welfare coy ( echo, hotel, golf sometimes) pray don’t get Mohecian or knights. Atb",positive
m4hqlfo_1,positive_candidate,comment,NationalServiceSG,False,49,"It is important to seek your commanders approval and let them escalate accordingly. Understand that you might feel behind your peers , but trust when i say , u have to be prepared to be mentally shagged esp if u havent done a work + study hectic schedule before. All the best!",positive
d8kct2b_0,random_balance,comment,singapore,False,14,They did not call me for ICT in 2014 &amp; 15. Quite random really.,neutral
im4h0th_0,positive_candidate,comment,NationalServiceSG,False,17,"They need to promote x number to be officer x number to be sgts, scholar batch haha",neutral
hu4g0vq_0,random_balance,comment,NationalServiceSG,False,69,"differs from unit to unit, if cdr never ask to endorse, then don't need. act blur live longer. afaik, endorsing mc is only usually done by commanders who want to make life difficult for you cause got chance MO have a different judgement compared to your doctor outside (i.e no need so many days mc, can resume training etc = possibly cancel mc, reduce mc or revoke excuses).",negative
ge8a6x0_0,positive_candidate,comment,NationalServiceSG,True,8,Upz lah this one solid r/s advice,positive
hom4il4_0,positive_candidate,comment,NationalServiceSG,False,41,"I consume coffee two ways:

1. That Nescafé freeze dried shit straight into my canteen, shaken not stirred and just down the whole thing for a combat caffeine fix

2. Pour over coffee, A buddy of mine introduced me to it.",neutral
m2sz2n9_0,positive_candidate,comment,NationalServiceSG,False,11,Aiya why delete I just wanted to read a bedtime story🤡,neutral
itfbfdd_2,positive_candidate,comment,NationalServiceSG,False,68,"💪

Whether things were a waste of time or not, it all depends on your own mindset, controlled by yourself. Anyway, there's no escaping this NS liability from the moment you were born in Singapore, why not make the best out of it, whether it's a good looking body, a stronger mind, leadership skills, operating a firearm, drive a vehicle.. I sincerely hope u find your way! 👍",positive
ho8pzp5_6,positive_candidate,comment,NationalServiceSG,False,32,"If the thought of army affects you, try to do away with it for a while. Start thinking positively whenever you meet new obstacles, take it as an opportunity to buff up.",positive
imx0eci_1,positive_candidate,comment,NationalServiceSG,False,48,"But fret not!! It gets better, with some good friends and finding a rhythm with the routine. Book in blues are real (even ur commanders feel it &amp; ofc ur platoon mates) just make sure to ask about things when ure unsure, be it ur buddy or commanders",positive
jnhwjzu_0,positive_candidate,comment,NationalServiceSG,True,37,"sometimes is liddat, one of my best buddies in bmt ippt 93 posted to be transport operator. Dw too much, u get to learn how to drive + possibly convert licence if you hit mileage requirements in unit",positive
g57tp4m_0,positive_candidate,comment,NationalServiceSG,False,21,"I had 18 day confinement too, it’ll feel horrible the first few days but it gets better. Just push on :-)",positive
eikivnn_2,positive_candidate,comment,singapore,False,39,"By joining now, you may have things to catch up on compared to your fellow platoon mates that have done their BMT with Guards right from the start. Learn from them and ask for help if you are lost.",positive
nr19p49_0,positive_candidate,comment,NationalServiceSG,True,31,"I got a wellness check once, where the encik was like ""Just nice eating nearby, might as well visit you lor"" when I was on mc for 2 DAYS ONLY HOR.",negative
gegf7ty_2,random_balance,comment,NationalServiceSG,False,20,"2.) It really varies from year to year, for my batch it started with 100+ , ended up with 50+

3.)",neutral
k19fbi1_1,positive_candidate,comment,NationalServiceSG,False,53,"I had former servicemen who entered workforce, worked for a few years and decided to sign MDEC and joined us for training. While they were not close to their prime fitness, they definitely held their own. After CLM/Service Term they went their own ways and are succeeding in their own right honestly.",neutral
i8ow8by_1,positive_candidate,comment,NationalServiceSG,False,69,"But of course there are good times. And im lucky to have a few superb troopers that i can trust, they have this sort of alpha vibe that everyone just listens to but unfortunately cmpb fcked up and didnt put them through command sch... I was posted in as a unit commander, that meant I didn't know all of them who already knew each other from mono bmt.",positive
ji50asg_0,random_balance,comment,NationalServiceSG,False,20,i’ve checked my singpass and there isn’t any updates so i’ll call cmpb. Thank you for advising!,neutral
k1ofzjh_0,positive_candidate,comment,NationalServiceSG,False,8,Actually this is phrased much better than mine.,positive
e7m4pu9_0,random_balance,comment,singapore,False,22,"It's basically a ""direct entry"" into a vocation. So that means you will know your vocation the day you start BMT.",neutral
l8b0caw_0,positive_candidate,comment,NationalServiceSG,False,46,"As long as you share the same sweat and tears of the constant 2-pt-a-day shenanigans for 5 months, you'll bond well. You will never know friendships will born after a good 3 sets of metabolics circuit followed by a 4km run/jog",positive
eq57ucb_0,positive_candidate,comment,singapore,False,51,"This year’s Shanghai-la dialogue actually saw pushback against the US, rather than the usual browbeating of China’s activities in the SCS. Fascinating to see how Mahathir goes from warning against a “new kind of colonialism” in front of Li Keqiang’s face to embracing Huawei through and through.",neutral
gwd0hr0_2,random_balance,comment,NationalServiceSG,False,24,"Again, depends on your coy. My coy allowed dry biscuits and packet drinks like milk and soy milk but no coffee and other stuff.",neutral
gco7i7y_2,random_balance,comment,NationalServiceSG,False,20,Did i stole someone's snack during field camp? Did i cheat the quiz that they told us to do?,negative
dp0qk6_0,random_balance,submission,singapore,False,19,"NSMan of Singapore, what are the more interesting things you have seen happen during your ICT?. I'll start.",neutral
i8w8608_0,random_balance,comment,NationalServiceSG,False,24,"Immigration officers will only ask for your passport... unless you use the automated clearance.. in which case,  you still need to present your passport",neutral
gzps7nq_2,random_balance,comment,NationalServiceSG,False,20,I’m kinda hoping i won’t become a storeman. Does anyone know what will happen to me now? Thanks,negative
lcbk0bz_0,random_balance,comment,NationalServiceSG,False,13,The question is u feel inferior to him? Why so much interest har,negative
ju8d83q_2,random_balance,comment,NationalServiceSG,False,83,"Serving an appointment outside of your parent formation is quite common, particularly for commandos at higher appointments because that formation is too small and has few Colonel-and-above appointments within. Doing this does not change your vocation, which is evident on CGO and comd 7SIB. As for beret, generally if the unit doesn't any special rule to wear the unit/formation's beret colour (e.g. Armour), then you are free to wear the colour that comes with your collar badge.",neutral
kgghqaj_3,positive_candidate,comment,NationalServiceSG,False,18,"Just communicate, don’t assume like i did. Online part i got nothing to say tbh
Jia yous",positive
frj96iy_0,positive_candidate,comment,NationalServiceSG,False,8,If I suey go infantry can downpes right😂,neutral
kqia49s_0,random_balance,comment,NationalServiceSG,False,26,"ohhh, ok! but what do you mean by physicaly tougher than bmt? r u saying that if i skive, foundation term will be tougher than bmt?",neutral
i8supmh_0,positive_candidate,comment,NationalServiceSG,False,54,"I know some of the ASA in my camp picking up new languages, one managed to speak Japanese fluently, another picked up Korean. One ASA also became an expert in excel and most it stuff, he became the unit's it support (they legit give all the COS his number for coy line lol).",positive
nevy5o9_0,positive_candidate,comment,NationalServiceSG,True,17,Edited my post. aiyo no need to pm lah unless you really want some1 to talk too.,neutral
i2ujbvy_2,random_balance,comment,NationalServiceSG,False,13,"If your letter states Tekong, is confirm SAF BMT. Not SPF/SCDF BMT",neutral
csapva7_0,random_balance,comment,singapore,False,83,"&gt; I was using your example that the guy who ord-ed earlier enrolled into uni and is starting school, hence the person who started NS 4 months later getting disruption. well precision is important here so i should clarify: if Dr Wang (the guy in this article) can't get a disruption to get into the UK uni in Oct, neither will his cohort-mates enlisted a few months after him. Both groups have to wait for Oct of the next year.",neutral
kjs4hsq_0,random_balance,comment,NationalServiceSG,False,33,u no need so angst ma. parents curious then ask me not like i know also. they js want to know if need settle dinner before he book in or is it provided,negative
mp4waa4_0,random_balance,comment,NationalServiceSG,False,10,isit possible to go other unit or battalion for reservist?,neutral
ihf74qh_0,positive_candidate,comment,askSingapore,False,28,"Haha yeah, I remember that too, good way to pass guard duty time while flipping through the mag. Too bad FHM stopped publishing locally here in 2015 now.",positive
jzh7el0_0,positive_candidate,comment,NationalServiceSG,False,7,HAHHAA part time degree? stay delulu babes,negative
hax7bp5_0,positive_candidate,comment,singapore,True,18,"Brother. Just pray u get in airforce after bmt, 80% of my time is just lepak play phone.",positive
id9m1yl_0,random_balance,comment,NationalServiceSG,False,16,Not necessarily. I was storeman at 36 SCE (EOD). Had to stay-in for 2 years.,neutral
hsg32nz_0,positive_candidate,comment,NationalServiceSG,False,14,hope your future flights won’t need to make an emergency landing in SG…,negative
jodopbt_0,positive_candidate,comment,NationalServiceSG,False,13,"Heard its 3GDS.. I’m 11 Aug too, see you in there bro!",positive
mgfubi6_0,positive_candidate,comment,NationalServiceSG,False,9,5 months is even tougher ![ gif](emote|free_emotes_pack|dizzy_face),neutral
jlaix8c_4,positive_candidate,comment,NationalServiceSG,False,19,"Can say I didn’t regret my choice at that time. If you need anything, can just DM me.",positive
md2tkjp_0,positive_candidate,comment,NationalServiceSG,False,18,There are some guys that make you feel a type of way even if you ain't gay.,positive
i4j8dc0_0,positive_candidate,comment,NationalServiceSG,False,6,have you tried carrying gmpg hahaha,neutral
kj5mdbs_0,positive_candidate,comment,NationalServiceSG,False,14,"that's not the point here, point is they are nice people to me",positive
ntgs9y_1,random_balance,submission,askSingapore,False,31,I have deferred for NS until Apr 2022 (End of ITE Higher Nitec). I received a letter to submit my pre-enlistment document and to book a date for medical screening.,neutral
kjcwpi0_0,positive_candidate,comment,NationalServiceSG,False,9,Hahaha true anyways any camp is better then Tekong,positive
mqhwc3u_0,positive_candidate,comment,askSingapore,True,21,"Got to BMTC FB or his FB. It goes back years. If he really wayang, props for doing it for years.",negative
iq30d93_0,positive_candidate,comment,NationalServiceSG,False,30,"Congrats man. Idk why you're worried 
They say the grass is greener on the other side. Is cause your grass is so bright it transcends into Jesus I swear",positive
1h2iazr_2,positive_candidate,submission,NationalServiceSG,False,24,Maybe you can also put AF-Logistics or AF Transport (although they are the same in AF) and AF-ASA too. Oh oh oh!,neutral
j1ofrxt_0,random_balance,comment,singapore,False,88,"[https://www.nas.gov.sg/archivesonline/data/pdfdoc/MINDEF\_20161207001/MINDEF\_20161207003.pdf](https://www.nas.gov.sg/archivesonline/data/pdfdoc/MINDEF_20161207001/MINDEF_20161207003.pdf)

Here's the press release, basically i don't know why it was implemented and many others don't as well. I believe the correct answer would be ""Yes sir."" EDIT: Personally i think part of it is for hiring, rather than show a salary range of the standard rank from 3000-6000 dollars, it can be shown as ME with a smaller range.",neutral
hxjczhv_0,random_balance,comment,NationalServiceSG,False,27,$200 for silver and $300 for GOLD as NSF. Made a video about all the various NS pay according to your rank and incentives as an NSF.,neutral
vnc8vz_0,random_balance,submission,NationalServiceSG,False,20,"Can I disrupt for Uni as a JC Grad?. I’m a J2, asking this as a point of interest.",neutral
fzplp00_4,positive_candidate,comment,NationalServiceSG,False,15,No stupid questions. And at the same time you know what’s going on also.,neutral
huopp9f_0,positive_candidate,comment,NationalServiceSG,False,10,I passed with exactly 61 points and got into scs,neutral
nkrgd23_1,positive_candidate,comment,NationalServiceSG,False,53,"If you’re thinking about seeing the medical officer about these issues, I think these are very good reasons to do so. Especially if they are chronic and affect your ability to carry out what is expected of you. May you have the courage to find and receive the help that you need.",positive
mb1fve8_0,positive_candidate,comment,NationalServiceSG,False,4,Woah! Alright thanks man!,positive
my0ower_2,positive_candidate,comment,NationalServiceSG,False,14,"She obviously thought I was being dramatic (fair). And a couple hrs later, boom.",neutral
i7nozsr_0,positive_candidate,comment,NationalServiceSG,False,43,I'd love to stick around this thread and prove your statement wrong over time. What would I even replace him with when he's already the best HAHA. You cant find someone new if your eyes are only fixed on one person~,positive
nriv9bg_0,positive_candidate,comment,NationalServiceSG,True,20,"Thanks, old uncle got 1110 last week for ippt about to MR due to age. You made me feel shiok",positive
d143auj_0,positive_candidate,comment,singapore,False,32,"Had to wake at 3am today for turnout. At least this time I'm the one holding the loudhailer, and I get to sleep after the turnout. Hooray for abusive sergeant (+2)",negative
jricw4k_0,positive_candidate,comment,NationalServiceSG,False,69,"OP, as someone who’s been on all three sides of the equation (introverted, introverted but comfy with the group, and extroverted), sometimes it genuinely is about showing multiple faces, if you feel that social inclusion is all important to you. My advice, should you choose to take it, is to let go of your wish to remain “mature” all the time and live in the situation in general.",positive
jwm33dx_0,random_balance,comment,NationalServiceSG,False,10,Lol...somebody is feeling way too important. Seriously dude...faggot.,negative
jreety4_1,positive_candidate,comment,NationalServiceSG,False,10,mc/light duty. edit: u are welcome bro. bp boleh,positive
dtsksqc_0,positive_candidate,comment,singapore,False,33,"Oh, my bad. Thought you were going to ORD this year. You're completely right about not signing up for UCAS then, good luck with your application and hope you find a workaround!",positive
cxa420v_0,positive_candidate,comment,singapore,False,23,It was fun seeing even weirder people compared to BMT. Lots of self discipline and motivation involved in order to complete your tasks.,positive
jc9gn0l_0,positive_candidate,comment,singapore,True,8,Ti gong mai lor hor. Got ippt later :|,neutral
d71eqav_1,positive_candidate,comment,singapore,False,33,The cookhouse people gave us extra-huge portions and regularly fried up entire trays of nuggets for us to take even when they weren't on the menu. It was pretty awesome really.,positive
mapi7wh_0,random_balance,comment,NationalServiceSG,True,19,idk leh they never ask me go ffi then suddenly say got equipment check 1 week before the recourse,neutral
jeqqgwn_0,positive_candidate,comment,NationalServiceSG,False,6,"Yeap haha, bronco warrior here haha",neutral
ldfry0h_0,random_balance,comment,NationalServiceSG,False,15,Iirc there aren’t any MP commissioned officers by vocation? Only people holding NCO ranks?,neutral
dixw6p6_0,positive_candidate,comment,singapore,False,25,"Hong kan la 2sir mono intake ahahbahababBHAHAAA

edit:

We wish you all the best in your future posting. Your Posting Order is listed below:
  	  	 
1.",negative
m2npdot_0,random_balance,comment,NationalServiceSG,False,40,"Definitely possible, NS does not stop you from applying for any schools (regardless of methods)  unless your school starts during your NS period. If that is the case, you will need to consider NS disruption, or school deferment (if possible).",neutral
ljnc9n1_0,random_balance,comment,NationalServiceSG,False,9,Bro can PM me if you wanna know more!,neutral
jup9670_0,random_balance,comment,NationalServiceSG,False,36,"is it provided by HTA? during my POP a few of us left ironing boards and stuff we don’t wanna bring home under our bed on our last day, for the next batch to use",neutral
ng3wv2o_1,positive_candidate,comment,NationalServiceSG,False,53,"once ur in hq ur life is o much js office work and some hq posting may even let you stay out. even if ur in a coyline spec in bmt or scs, as a sgt u get a lot of privileges and freedom that u wldnt get if you ooc-ed now.",positive
ius036z_0,positive_candidate,comment,NationalServiceSG,False,40,"Brother Jack is bigger than all the sgts put together that one not blanket party that one gonna be a fella in a blanket whacking ppl xD 

(Not suggesting aaaaaanything , but if the section blanket Party him can get charge ?)",negative
flcrimd_0,random_balance,comment,singapore,False,35,"Play-e, gamemartz, qisahn all very reputable. Won't cheat u. However note qisahn recently on a down curve, lotsa complaints about their service and handling of prices and pre-orders. Your mileage may vary.",neutral
i362g2e_1,positive_candidate,comment,NationalServiceSG,False,28,And they will take all the credit to themselves. My unit have this tradition where every ording nsf is encourage to write a farewell email and cc all.,negative
l9mu2aa_1,positive_candidate,comment,NationalServiceSG,True,53,"The reality (at least in my unit) is that most ppl have enough pride to do their work, and who would never let anyone else “pick up their slack.” It may seem like a lot of responsibility is put on the shoulders of some NSFs, but I think that most take it well.",positive
gy02lyn_1,random_balance,comment,NationalServiceSG,False,107,"if you’re okay to be treated like a recruit for another 6/7/9 months for additional responsibilities and pay for the next year, go command. doing more would be say, being tasked to do more duties than men due to having lesser sergeants/officers to rotate duty /admin work. do note that as a commander, men will generally have leverage over you bc if something goes wrong, you are the one who have to answer to superiors, not them, so don’t have the mindset of you get to boss people around with your authority. if you want to sign on, see fate231’s reply.",neutral
gu9pu8v_0,random_balance,comment,singapore,False,19,"&gt;mobile

https://sms24.me/

Feel free to pick one

&gt;unit number? Saf unit number? Tekong school 4",neutral
i6rsx3q_0,positive_candidate,comment,NationalServiceSG,False,8,Woah go NS already still like girl ah,negative
m8qfg0c_2,positive_candidate,comment,NationalServiceSG,False,22,Also your IPPT easier to get Gold HAHA. There’s definitely prestige to Commando but it’s just another title. Jiayou bro.,positive
hzy1kiz_0,positive_candidate,comment,NationalServiceSG,False,8,wE dId IT BoIs. dEnGuE iS No mORe.,positive
kgpfyh4_1,positive_candidate,comment,NationalServiceSG,False,81,U need to understand that found term is very packed and the training schedule is extremely tight. My advice would be to tahan through found term first then see where u get posted to before u decide to ooc. I know that found term is difficult because i also felt that the 8 weeks of found term were super shag with thoughts of ooc but what kept me going was my section so try to stay close and encourage each other.,positive
l3kv5f3_0,positive_candidate,comment,NationalServiceSG,False,11,come today is a good day to be a soldier HO,positive
izmqc70_2,positive_candidate,comment,NationalServiceSG,False,36,"AGGRESSIVELY WILL I TACKLE ALL PROBLEMS. I WILL  NOT LET MY COMMANDERS AND MEN DOWN, FOR  THEY RELY ON ME TO DISCHARGE MY DUTIES. DUTY IS MY MAXIM. I WILL ALWAYS BE TRUE TO MY  RESPONSIBILITIES.",positive
mgu5ylj_5,positive_candidate,comment,NationalServiceSG,False,69,"C grades mean that you're slightly above average, and there's a lot of work that needs to be done. i wouldn't worry about econs too much. if you're gonna get tuition for that, just have the right mindset to improve and it's a minimum C (i grinded my ass off for econs w/o tuition and ended up with a C so whatever man).",positive
1pnolt7_0,random_balance,submission,NationalServiceSG,False,48,"Can a class 3A driving license be obtained while in combat vocation?. I am currently in a combat vocation(yr 1 soldier, approaching yr2 soon), and did already register for public driving school, however i did try booking driving lessons in advance, and they are all on weekdays.",neutral
i79dody_0,random_balance,comment,NationalServiceSG,False,9,I heard if u got child can stay out,neutral
g4ahles_0,random_balance,comment,NationalServiceSG,False,61,"Yes, every month you have an allowance. [NS ALLOWANCE TABLE](https://www.channelnewsasia.com/image/12491274/0x0/1920/2183/b9abc17eda3cec5eb618a75807cdf9ac/LV/nsfs-and-nsmen-get-increase-in-allowance.png)

Depending on vocation, your pay may differ. For instance, the vocation pay for a transport operator is different from the pay for a combat medic. Meanwhile, your pay also differs from rank.",neutral
1ku61b1_0,positive_candidate,submission,askSingapore,False,149,"Need some clarity for Uniformed Scholarships. Hi guys I need some clarification 

1.Is it possible to continue to become a scdf paramedic if Im able to get the PCS scholarship or the Singapore merit scholarship, cus I see there's also a paramedic scholarship but that's only if you study overseas in paramedicine and I'm not a big fan of studying overseas 🥲

2.Do I have to still complete bmt/brt before I can do Uni for the PCS/Singapore merit scholarship for NS disruption. 3.Do I have to use sec 4 grades for the PCS scholarship or I can use my poly grades cause the way the website puts it confused me 😭


Sorry if my questions a abit dumb, I just wanna get some clarification 😔

Thanks for the help 🙏


Ps: I'm unable to post this on the NS subreddit 😔
Really appreciate the help 🙏",neutral
h9143sp_0,positive_candidate,comment,NationalServiceSG,False,42,"Eat very light bro, literally smth like toast and jam. A banana is good for energy as well, just nothing ""full"" or gets ur bloated. And dont drink milo as it has sugar which risks you becoming nauseous whilst doing ur ippt.",positive
ewlkmoh_0,positive_candidate,comment,singapore,False,43,Enjoy the freedom/ little to no commitments you have because you won't get it when you go out to work full time. PS: Thought I will be an ASA because of my PES but it has become to one foot in DB.,positive
k4dic3k_1,positive_candidate,comment,NationalServiceSG,True,11,"Honestly, it's lepak af. Lights out is probs around 10.",positive
mk4e9ze_0,positive_candidate,comment,NationalServiceSG,False,8,dodgin cops watchin out for opps yea yeaa,negative
mbt1z4r_0,positive_candidate,comment,NationalServiceSG,False,9,"ohh i see, man recon damn xiong also isit",neutral
fg8nuk_0,random_balance,submission,singapore,False,34,"I aimed for a scholarship to help relieve the burden and have a decent job after graduation. I was always interested in the defence sector, so I was aiming for DSTA or MINDEF jobs.",neutral
i1wqba5_0,positive_candidate,comment,NationalServiceSG,False,24,"I had adjustment problems which still persisted to some extent while I was OOTing in Tekong, I was really relieved to be posted out",positive
mfvpgrn_0,random_balance,comment,NationalServiceSG,False,3,Absolute dogshit pay.,negative
l4z73cx_0,positive_candidate,comment,NationalServiceSG,False,15,Let's do the ang moh style of saying it. Thank you for your service.,positive
jam47lr_4,random_balance,comment,NationalServiceSG,False,48,"While you’re OOC’d, unless your OC likes you you would be thrown to an OOC room where you sit and do nothing from 8am to 5pm. If he likes you you’ll get a temporary vocation as admin for the courses in CDA (FFC, SCC, RCC).",neutral
ll5rw8v_0,random_balance,comment,NationalServiceSG,False,6,Wrong. It depends on his injury.,neutral
k0tvmtu_0,positive_candidate,comment,NationalServiceSG,False,6,expect flowers and roses and bliss,positive
eamnaeg_0,positive_candidate,comment,singapore,False,16,Tio once. One fellow lost gas regulator in BMT. Hope you guys get over it soon.,positive
nniw52s_0,random_balance,comment,NationalServiceSG,False,5,which mmi are you calling?,neutral
h8bb9db_0,positive_candidate,comment,NationalServiceSG,False,6,"Good luck OP, rooting for ya",positive
i0qh2g7_2,positive_candidate,comment,NationalServiceSG,False,16,Trust me . I also missed my family a lot and they definitely do miss you too.,positive
igvqag2_1,random_balance,comment,NationalServiceSG,False,23,"For my unit, we just did a platoon gathering to mark our 1 year MR Anniversary. I am not sure lifelong or nt.",neutral
m259m7b_1,random_balance,comment,NationalServiceSG,False,25,"what type of bag should i bring for my first day (duffle bag/ camping bag etc...)


5. can i bring an electric shaver to ns?",neutral
1nr2jap_0,positive_candidate,submission,NationalServiceSG,False,31,"Welcome to tekong, oct bmt batch. Those who come rocky hill, 4th coy and platoon 4. Good luck carrying your stuff up to level six if you bring a shit ton 👍",positive
fickyie_0,random_balance,comment,singapore,False,58,"I stay at Tampines and I'm having my ICT on 2 March at Sungei Gedong camp, anyone going for ICT also and want to share Grab? Also, If you are driving and don't mind letting me tompang you I'm willing to give a modest sum of kopi money to you :P

Please PM me! Thanks!",neutral
guy02jg_0,positive_candidate,comment,NationalServiceSG,False,6,BRUH wish there was that option 😂,neutral
