chunk_id,text,buyin_similarity,stance_similarity,manual_buyin,manual_stance
dnkmeg2_0,Spoken like a true chao keng warrior. If you are not willing to protect your country and way of life don't call yourself a man.,0.9922926425933838,0.9922926425933838,committed,supportive
kumtjf7_1,At this point you should seek help if really need to. When you're feeling better.,0.960880160331726,0.960880160331726,neutral,neutral
i96bs6v_0,No apparently they have to accept you and I have already tried to apply 3 times,0.9594867825508118,0.9594867825508118,neutral,neutral
i96l4gr_0,no,0.95738023519516,0.95738023519516,neutral,neutral
kui0dnn_0,"That said ah, if really dire, you know what to do, up to ur tolerance threshold",0.9565057158470154,0.9565057158470154,neutral,neutral
kumtjf7_3,that's where you can. At this point I doubt it's a good time to actually just push without a care of your mental health,0.95595121383667,0.95595121383667,neutral,neutral
kugirhu_0,no idea about that,0.952805519104004,0.952805519104004,neutral,neutral
i96p44y_0,"If you have doubts, the answer is simply no.",0.948766827583313,0.948766827583313,neutral,neutral
kuh5i5u_0,Hahah bro if he become TO he will become even more stressed and his anxiety will reach nuclear levels 😂,0.9484401941299438,0.9484401941299438,neutral,neutral
je3fc05_0,"Not enough? C'mon, there is a reason why it is called national service.",0.9453553557395936,0.9453553557395936,neutral,supportive
kuhdark_0,i did,0.9453409910202026,0.9453409910202026,neutral,neutral
kugp8po_0,Let me ask you. What makes you not want to OOT?,0.9442646503448486,0.9442646503448486,neutral,neutral
kuhh66p_0,wym?,0.94374018907547,0.94374018907547,neutral,neutral
kuiop5k_0,"thanks man but ive already oot , treatment there honestly is like shit , mentally exhausted due to some personal issue , and yeah when i went in i went to the mo and declare that i have anxiety",0.9426476955413818,0.9426476955413818,uncommitted,critical
kugmnml_0,Talk to your MO. Lol.,0.942412257194519,0.942412257194519,neutral,neutral
kuj8x5j_0,"all good buddy, we all have our own problems dont worry bout it 👍",0.9414761662483216,0.9414761662483216,neutral,neutral
kuhd9rs_0,"i just oot and yeah im gonna try and mc all the way till i get my vocation , ngl mono intake infantry is not funny",0.9403911232948304,0.9403911232948304,uncommitted,neutral
kumt4or_0,"Mental health is still health, treat it like its your physical health. If your leg break you'll naturally OOT right.",0.9402846097946168,0.9402846097946168,neutral,neutral
kugj6af_0,oot then say la want mc just take,0.9398537874221802,0.9398537874221802,uncommitted,neutral
je3ueua_0,You clearly dunno what is national service. No point arguing.,0.9397073984146118,0.9397073984146118,neutral,neutral
mmvjev6_0,"We are officer cadets of OCS  
To inspire us onwards as officers to be  
We now state with reverence and respect   
The Officers' Creed

  
I am an officer of the Singapore Armed Forces  
My duty is to lead, to excel, and to overcome  
I lead my men by example  
I answer for their training, morale, ",0.9357606172561646,0.9357606172561646,committed,supportive
i96elet_0,Sign on = no freedom,0.9350438714027404,0.9350438714027404,uncommitted,critical
hnpazm4_0,I am proud of my time in service but only because I had a unique experience where I was a perm staff in Thailand and the culture there felt as though I wasn’t in the army at all. Truly enjoyed working with my enchiks and I dare say most of my batch boys who were with me there would say the same. Ran,0.9348892569541932,0.9348892569541932,committed,supportive
i96auin_0,I did apply 3 times since last year,0.9338858127593994,0.9338858127593994,neutral,neutral
g4w0ysn_6,Don’t be the guy who only talks but don’t do anything. Give your best every PT session and training.,0.9331007599830629,0.9331007599830629,committed,neutral
i96a2kb_0,"Wait, I thought if you sign on you can freely choose air force and not the other way around?",0.932000994682312,0.932000994682312,neutral,neutral
hnpbwme_0,Truth is it's hard to feel proud of something which you are not once praised/compensated/assisted for. Usually you are proud of something that you are praised/rewarded/commended for.,0.9288784861564636,0.9288784861564636,uncommitted,critical
jnzczhc_0,means shiok NS life ahead,0.9254289865493774,0.9254289865493774,neutral,neutral
jnza7zu_0,This means that he is serving his NS in SPF. Hope that clarifies.,0.9250259399414062,0.9250259399414062,neutral,neutral
hnuhslu_1,I'm not really proud of it cause it is just something we have to do lol but I did enjoy the people inside. My commanders weren't dicks so that was really a plus point for me and my platoon mates were good guys who knew when to fuck around and when to be serious.,0.9245513081550598,0.9245513081550598,neutral,neutral
g4w0wwd_0,6th,0.9226794838905334,0.9226794838905334,neutral,neutral
hnpsbrd_3,"No. Tried to make the best of it, but I'd always consider it a waste of time.",0.9226182103157043,0.9226182103157043,uncommitted,critical
jo1jrqp_0,"After passing out, your brother can be possibly posted to a range of frontline vocations in various specialist units and land divisions, such as Special Operations Command (SPF's red berets), Protective Security Command, TransCom, Ground Response Force, Police Coast Guard, etc, or Officer Cadet Cour",0.922124981880188,0.922124981880188,neutral,neutral
hongisq_3,"I can appreciate these combined experiences and take it as something special. I however, felt proud to have served NS and of course completing my reservist cycles.",0.9216333627700806,0.9216333627700806,committed,supportive
jnzhkoe_0,Means he don't need go tekong. Straight to HTA,0.921471357345581,0.921471357345581,neutral,neutral
hk1d899_1,This is probably later in your career. But best to check with your recruitment centre on these things to make sure before you sign anything! Edited to add some info,0.9197447299957277,0.9197447299957277,neutral,neutral
jnzkxk2_0,"Means that he will be serving in the police force instead of a soldier, as you are. &#x200B;

You can check out more about police NS life [here](https://www.cmpb.gov.sg/web/portal/cmpb/home/life-in-ns/spf).",0.9192742705345154,0.9192742705345154,neutral,neutral
jdzpg6n_0,"Ya lor, if we can’t afford it, maybe we should reduce NS instead.",0.918722927570343,0.918722927570343,neutral,critical
hnpv2pe_6,"And I got to experience things that a large majority of people, guys or girls, will never be able to have (river crossings, Chinook drop, flying across the Indian deserts in an armoured vehicle, firing heavy weapons). I truly am proud and thankful for the experience and would not give it up if given",0.9170979261398317,0.9170979261398317,committed,supportive
hnow88z_0,"I won't say I am proud to serve NS, but I won't deny that there are moments that I enjoy my NS. I think yes.",0.9167138338088988,0.9167138338088988,neutral,neutral
jo1rtms_0,"Nope. As a PR, his options will be limited to GRF, TransCom, OCT and Field Instructor.",0.9157568216323853,0.9157568216323853,neutral,neutral
hnpsbrd_2,"Yes I learnt stuff, made some friends and got stories to tell people. But was that worth 2 years of my youth?",0.9146013855934144,0.9146013855934144,uncommitted,critical
exrrn39_1,"And he was covering for his men. In war, conscripts like us want to fight alongside commanders like this encik who would literally take bullets for us. Not commanders who would throw us under the bus to save their own skins.",0.9142613410949708,0.9142613410949708,committed,critical
cz949od_0,"While I do not see an issue in providing NS men more incentives to serve their conscription, I do not think that this method would be viable since it will most likely bring resentment from the lower and middle class towards those privileged enough to 'buy' their way out of obstacles that majority of",0.9140727519989014,0.9140727519989014,neutral,neutral
jar6hgj_0,"hahaha, no metter what unit, it is deserves to be respected",0.913014829158783,0.913014829158783,neutral,supportive
hnp3z9b_0,"Considering that I'm planning to sign on, you can probably guess what's my opinion towards it. I intended to sign on even before I enlisted, so it's not a case where I enjoy my time there that's why I decided to.",0.9120970368385316,0.9120970368385316,committed,supportive
148bmtr_0,My brother is enlisting in aug and was told to that he’ll spend his 2 years with the SPF (Singapore Police Force). What does this mean??.,0.9114117622375488,0.9114117622375488,neutral,neutral
jnzfw6x_0,"he'll be enlisting as a PNSF, there are some posts on this sub about the experience and what to expect entering HTA, and after being posted out",0.9113538265228271,0.9113538265228271,neutral,neutral
hnphg5a_0,Im pretty happy with my NS journey,0.9107897281646729,0.9107897281646729,neutral,neutral
i96nzz3_0,"Bruh, Air Force and Army Engineer... literally heaven and earth difference. Don't settle for less. Lest you get bound into something you regret because you thought choosing second best is better than nothing.",0.9099569320678712,0.9099569320678712,neutral,neutral
hnpv2pe_1,"Proud? Hmm, ok, somewhat.",0.9092254042625428,0.9092254042625428,neutral,neutral
k2vyb51_0,"Whatever you do, do not sign on as a regular on impulse. Instead, I recommend becoming a Ground Response Force (GRF) officer during your NS as this choice can provide you with better insights into the world of policing. Arguably, the GRF vocation offers the most comprehensive learning experience amo",0.9082847833633424,0.9082847833633424,neutral,neutral
jdzez4q_0,"Quite ironic that locals are like maids to the rich wealthy Chinese coming here. Doing NS to protect wealthy Chinese PR assets who merely treat Singapore as a safe haven because capitalists there now have to bow to the government. Yet, we have to serve for 2 years to ensure that their sons and dotte",0.9081699848175048,0.9081699848175048,uncommitted,critical
j7euwrw_0,"Tbh the way I see NS, everything that trains the men in is actually necessary. Conscription is kinda no choice due to being a small country. I guess the real problem lies in Singapore’s quick growth from 3rd world to 1st world, which the 2 years cost by NS immediately become multiplied many times ov",0.907733917236328,0.907733917236328,committed,supportive
jo05ext_0,What's different,0.9074544906616212,0.9074544906616212,neutral,neutral
jqcicuk_0,Hi. I will be enlisting in PNSF on 16 August.,0.9069543480873108,0.9069543480873108,neutral,neutral
hnow88z_3,You are correct that you remember the good but not the bad. I believe for some we still feel that two years of our time really can do a lot of stuff if we did not enter NS nevertheless I still think that each of us here have to do our part ba,0.9069219827651978,0.9069219827651978,committed,supportive
hnpcix5_0,Hated it when I was doing it. But think of it fondly now.,0.9067630767822266,0.9067630767822266,neutral,neutral
jo2jub9_0,Or SA admin vocation,0.906213641166687,0.906213641166687,neutral,neutral
jnzfhum_0,damn,0.9059149026870728,0.9059149026870728,neutral,neutral
iv1g0fo_0,"No. I'm just expressing my viewpoint through a hypothetical; that the sense of belonging, dedication and contribution to the nation is more important to me than some magical gate called 'NS' that one has to go through in order to be a true Singaporean.",0.9044382572174072,0.9044382572174072,neutral,critical
hnoz7go_0,Completely agree.,0.9032764434814452,0.9032764434814452,neutral,neutral
ju1r7ad_0,Sorry for late reply but yes it does,0.9030142426490784,0.9030142426490784,neutral,neutral
mmzwqt2_0,i am a specialist of the sg armed forces,0.902716338634491,0.902716338634491,neutral,neutral
l4bhufi_2,Follow order and no need worry so much unlike now I am adult already. Responsibility on hand. Just a stage of life we have to be exp ba.,0.9025591611862184,0.9025591611862184,neutral,neutral
l9vupdi_0,"It is unnecessary though. You can have the same military power through a voluntary military instead of a conscript one. It's just that Singaporeans value their wallets over the welfare of their sons, so they chose the conscript option.",0.9022692441940308,0.9022692441940308,neutral,critical
nwdeh0k_0,if you’re applying just bc you want to go to cambridge for free this aint the scholarship for you girl,0.9009411931037904,0.9009411931037904,neutral,neutral
hk209gd_0,Just a unit with 99% regulars and 1% nsf,0.9001080989837646,0.9001080989837646,neutral,neutral
hkgju7z_0,yes! the officer scheme is the route the i am planning to take.,0.8989436030387878,0.8989436030387878,committed,supportive
l3v3te7_0,Ill respect his decision and hope the best for him in everything,0.898613452911377,0.898613452911377,neutral,neutral
hk6hyfk_11,"Your first year in service, you are a trainee or cadet or recruit. So, a bulk of your time is spent learning the skills set required. In your second year, what’s where you apple these skill set and be graded officially for the kind of quality person that you are.",0.8985776901245117,0.8985776901245117,neutral,neutral
hk1rph6_0,Not just a degree. Mindef look at the type of degree.,0.8978712558746338,0.8978712558746338,neutral,neutral
hvivtt9_1,"Especially detest it when people say serving NS is a privilege. I get that on the flip side of the coin, we are a small nation and need a strong military to deter would be aggressors but please compensate us fairly.",0.8969427347183228,0.8969427347183228,uncommitted,supportive
je3uuq1_0,"You said

&gt;I'm a Singaporean, and I serve the nation and I can say national service should not be about money. Since money isn't an issue in this context, why not serve for free?",0.8969026207923889,0.8969026207923889,neutral,critical
hk1su5s_0,"Ohhh I see !! If let’s say someone like me who has a diploma and lets just say I finish my diploma with only a 3.0GPA and after i enlist, i decide to sign on.",0.8965540528297424,0.8965540528297424,committed,supportive
jnzyiu1_0,You living under a rock?,0.8964712619781494,0.8964712619781494,neutral,neutral
hk1pa77_0,I work in an all regular unit and having a higher education level = more pay and a degree really helps and is a requirement in your career advancement. There are opportunities to study in the army through class award/part time studies but through SAF sponsorships is often competitive and your choice,0.8964197635650635,0.8964197635650635,neutral,neutral
htozrmg_0,"On retrospect, I am so glad I did NS. It was quite an experience, doing things I otherwise wouldn't be able to get my hands on.",0.8960193395614624,0.8960193395614624,committed,supportive
g4w0ysn_4,"If your sgts guai lan, they will take it out on the plt ic for every little fck shit. On a side note, if you are aiming to enter command sch, be it scs or ocs, just be a genuine person.",0.8959732055664062,0.8959732055664062,neutral,neutral
iv1azp8_0,"I'm not sure why people are so intent on using whether one did NS as a manner to gatekeep citizenship. I did my 2 years, got my traumas and problems from it, and almost finish my reservist cycles.",0.8947046995162964,0.8947046995162964,neutral,critical
je3ftwt_0,You can call it national service or slavery but it doesn’t remove the idea that people need money to survive. Some forced to sign on to survive.,0.8934192657470703,0.8934192657470703,neutral,critical
jrqzhl8_0,"Remember, comparison is the thief of joy. I can relate to what you’re going through and look at it this way, if you were picked to be there with them, then the potential you must have displayed be it when you were aware or not landed you there.",0.892751932144165,0.892751932144165,neutral,neutral
g4w390z_0,Good guide here https://national-service.now.sh/basic-military-training#how-to-be-a-good-platoon-ic-for-blur-sotongs,0.8925915360450745,0.8925915360450745,neutral,neutral
j9zv52u_3,"No one wants to give up 2 years of their lives, but its a choice we made so that we can have other things. No one is stopping any singaporean or PR from going overseas, working like crazy and converting citizenship.",0.8919771909713745,0.8919771909713745,committed,supportive
hkgj11h_0,im still looking at the vocations but i have no preferred at the moment . Maybe like armour,0.8918992877006531,0.8918992877006531,neutral,neutral
j9y5hq6_0,Because serving NS gives you a free pass to citizenship…? So why should PRs serve less?,0.8906269669532776,0.8906269669532776,neutral,supportive
n5kzvpz_13,"If your reservist unit has good culture, it will make you proud to be part of it. If your unit sucks, it will suck whether you're a specialist or a man.",0.8901866674423218,0.8901866674423218,neutral,neutral
ms9hlo3_0,"Forcing woman to serve NS will just generate a whole new set of problems, not to mention the infrastructure and cost to it",0.8628965020179749,0.9156392812728882,neutral,neutral
ey8ez7j_0,I only really felt belonging and pride after I ORDed and started my reservist commitment.,0.888808012008667,0.888808012008667,committed,supportive
hk1su5s_1,When I apply for further studies will I have to choose the school to go to ? Or does my previous grades not matter if my performance is really good during my work ?,0.8887396454811096,0.8887396454811096,neutral,neutral
jdzc165_0,"Despite my luck, I do feel for our male counterparts who had to endure through 2 years of hardships being paid measly allowances. I had friends who started family super young and the wife had to endure the financial hardship while their husbands are serving their NS obligation.",0.8884985446929932,0.8884985446929932,neutral,critical
jdzfad0_0,I had a part time job that paid way more than my NS pay before I enlisted. This was a loss of income that I fortunately could afford because I had middle income parents who were still working.,0.8879503607749939,0.8879503607749939,neutral,critical
hkeyi3l_0,I’m a female haha so I signed on after my uni degree,0.8875963687896729,0.8875963687896729,committed,supportive
hk20440_0,What unit you in sia,0.8872119784355164,0.8872119784355164,neutral,neutral
jaqwf26_0,"Cannot choose, doesn’t matter what you want.",0.8870471715927124,0.8870471715927124,neutral,neutral
l3tc6c7_0,NS is not something we want to do. I myself if I can I also wish to go out and work instead of serving NS.,0.8866899013519287,0.8866899013519287,uncommitted,critical
cvnonlp_1,"That sounds pretty alright. In fact, I'm strongly considering/about to try signing up for the SPF for my NS; while if I get in it'll be 5 years, they'll have scholarships and good pay at least and law or law enforcement always was an interest of mine.",0.8863635063171387,0.8863635063171387,committed,supportive
jdzw3le_0,Let's just call NS what it is. I never liked the term 'National Service'.,0.8858476877212524,0.8858476877212524,neutral,critical
l4b90eo_0,"AWW that's so sweet, hope you both last forever <3",0.8856460452079773,0.8856460452079773,neutral,neutral
em1mqpk_1,"With that said, it is important for us to maintain the manpower in the army to ensure that it can function and NS fufills that. There is always a difference between voluntary and mandatory and I'm sure forced conscription in the army reflects that. It is undeniable that the quality of an army will i",0.8853824138641357,0.8853824138641357,neutral,supportive
exrn06y_0,Not reservist,0.8853366374969482,0.8853366374969482,neutral,neutral
evbkmkf_0,"&gt;It is precisely the lack of democracy and possibility of open dialogue that allow the continued existence of Singapore's excessively long NS. &gt;  
&gt;If Singapore were a democracy, then just like in Taiwan (which became a democracy only in the 1990s), NS would probably be steadily reduced to ",0.8851974010467529,0.8851974010467529,neutral,critical
exs09vd_0,After this I learnt my lesson from the master sergeant. Don’t be a hero.,0.8847553133964539,0.8847553133964539,neutral,neutral
j9y75zb_0,Honestly hor it seems like ur beef is with ur family or yourself. If u dw to serve u could have escaped long ago.,0.8840545415878296,0.8840545415878296,neutral,neutral
jarwrjy_0,"Maybe~~ but if given the chance, I will try hard to prove that I am suitable for other units",0.883898138999939,0.883898138999939,committed,neutral
l3t5zfl_0,I understand. I think you are a really caring and committed GF.,0.8838000297546387,0.8838000297546387,neutral,neutral
jp1gipn_0,"lol stupid fucker. hope you kena 3 months db for that fuckboy shit, deserved",0.8832099437713623,0.8832099437713623,neutral,neutral
j9yk6kb_2,"Cos we just happen to inherit this Singaporean status, by merit of being born here and having parents who sacrificed for us. Our parents worked hard, that’s why we get the subsidies. We will serve NS and work hard, so our children can enjoy the same subsidies we enjoyed. U serve NS not to achieve ur",0.8830307722091675,0.8830307722091675,committed,supportive
fthvi6b_1,"If this doesn't faze you then, by all means, sign-on! It is amazing to be a part of the tight-knit NDU family, and Diving (military diving) is one of the most interesting military vocations out there.",0.8828099370002747,0.8828099370002747,committed,supportive
gucelql_0,Our northern neighbour has a population of 31mil compared to our 5mil (of which only about 3mil are singaporeans). How else are you going to outnumber them 3:1 if you dont do conscription?,0.8824198842048645,0.8824198842048645,neutral,supportive
gucexps_0,Our northern neighbour has a population of 31mil compared to our 5mil (of which only about 3mil are singaporeans). How else are you going to outnumber them 3:1 if you dont do conscription?,0.8824198842048645,0.8824198842048645,neutral,supportive
ldxfkia_0,"i rmb this spec that i hated as a recruit and during our 18km route march he was shit talking us saying the walk was easy, so i said off handedly, “ofc easy lah, your bag also empty one” then he came up to me and said “okay, 24km i pack full field pack” (even though we only needed 4pack) and yea he ",0.882296085357666,0.882296085357666,neutral,neutral
n5k80j0_1,I ORDed as a 3SG. I was in the battalion HQ and am somewhat indirectly in charge several 3SGs in the rest of the battalion.,0.8822818398475647,0.8822818398475647,neutral,neutral
jdzw3le_1,They certainly know what they're doing. It is conscription in every sense of the word.,0.8822574615478516,0.8822574615478516,neutral,critical
jaqxst4_0,"wow! it looks like might be too lucky, i will try to push myself, tq for comment",0.8822208642959595,0.8822208642959595,committed,neutral
jaqx7i0_0,"tq, for ur comment. sry i didnt know much before this, tq for telling me",0.8808976411819458,0.8808976411819458,neutral,neutral
hvtjqoc_0,"I don't see a point of defaulting. You have to go through a lot of hiding and unnecessary pre-planning for the rest of your life just for 2 years of convenience. As much as I want you to get one of the best opportunities of education, I wouldn't advise trying to jump through loopholes like that.",0.8808827996253967,0.8808827996253967,neutral,neutral
hk6hyfk_13,"That is why, most of these scholarship opportunities are only made available after your 3rd year in service. There may be some who get offered in their 2nd of service, that’s great for them, but that’s not a lot ALSO, there are different grading of scholarships as well.",0.880806028842926,0.880806028842926,neutral,neutral
jaupo5s_0,"Sorry, I don't quite understand what you mean",0.8804447650909424,0.8804447650909424,neutral,neutral
hk6hyfk_8,"If you are considering to embark on the specialist track, a degree isn’t important. You don’t need a degree to fight, to learn your hands on skills. You don’t need a degree to excel in being on the ground so to speak.",0.8801358938217163,0.8801358938217163,neutral,neutral
h9esy27_1,"ocs on the other hand, is rare. But yea just tell your bunkmates you want to go scs(everyone just puts high for every single point or something on peer review haha), don't skip stuff like route march(you can still go if you skip, but uhh ocs will lower chance.),",0.879916787147522,0.879916787147522,neutral,neutral
hxrz1rk_1,"And I thought Social studies in secondary school taught us reasons why Singapore cannot maintain a professional army in the long term - the fact that the people are also needed in workforce. Hence, conscription.",0.8796343803405762,0.8796343803405762,neutral,supportive
l40nr6n_0,"That's a really cute idea, I'll try to do that thank you so much🥹",0.8790186047554016,0.8790186047554016,neutral,neutral
ch1m76p_1,"A period of community service and contribution could be required of women and men alike, with military training forming merely one of several available options under the scheme. AWARE makes a valid point in their argument that compensation for NSmen shouldn't take the form of benefits in housing, he",0.8788133859634399,0.8788133859634399,neutral,critical
iv18gdi_1,"Somehow they are too old to do NS but locals are not too old. Seen guys in their mid 20s doing NS, some did Masters first or went from ITE to Poly before enlisting... even seen guys go for overseas Uni midway through NS and return to finish their 2 years of service.",0.8785688281059265,0.8785688281059265,neutral,critical
h1ywgn9_0,"Huh? Tbh it's not even close to enough considering the fact that we are conscripted, not like we have a choice",0.8785645961761475,0.8785645961761475,neutral,critical
jrrdmn3_2,So what you need to do is just perform your task and can liao. No need to feel sorry for the place or people you meet.,0.8782004714012146,0.8782004714012146,neutral,neutral
g4w0ysn_3,I think you really shouldn’t be taking this so seriously. Honestly being plt ic in bmt is a chore and saikang.,0.8777197599411011,0.8777197599411011,uncommitted,neutral
hkeffuq_0,(F24) I’m a regular that signed on a few months ago with my degree! It does help the type of degree as degree classification,0.8772404193878174,0.8772404193878174,committed,supportive
g3d6cq0_0,"Didn't feel i suffered due to NS, it taught me lessons in life that I wouldn't have until I started working. ICT was a blessing in disguise as it meant 3 weeks away from work since my work was based on daily activities.",0.8769183158874512,0.8769183158874512,committed,supportive
g3d5h95_0,Yeah i know a lot of people who treat ICT as a break,0.8767258524894714,0.8767258524894714,neutral,neutral
e40a35r_0,"They become easy pickings for crime organisation to recruit! Of course In today’s context it’s a lot different. But conscription does have its benefits, not just in terms of security, but also economically.",0.8766906261444092,0.8766906261444092,neutral,supportive
mgwdtzj_0,"Reminder that reddit is not real life. Also whether or not you think NS is necessary, a major anti-NS movement would destroy the very pretense that the country could defend itself.",0.8766785860061646,0.8766785860061646,neutral,supportive
i96gba2_0,"Ask if can delay the contract signing first if you want to go for RSAF. Because if you want to change branch after signing the contract, must serve their minimum service period (MSP) then can apply to transfer branch.",0.8766649961471558,0.8766649961471558,neutral,neutral
ey8jmf0_0,"I definitely don't plan on being a pawn in someone else's game of tribalism. I dutifully served NS and Reservist because it was the path of least resistance, but when it's my life at stake I'm not about to be quite so compliant.",0.8762996792793274,0.8762996792793274,neutral,critical
ef080y2_0,"Conscription is a necessity and not really an option when we are the small and living among 2 immediate neighbours that have significant political, demographic and religious differences plus a past history of confrontation and claims. Nobody in his right mind wants to have conscription but like vacc",0.8760453462600708,0.8760453462600708,neutral,supportive
l3s4zk2_4,"Some context during my journey, in my NS journey there are only few ladies that understand my pain in NS. Most ladies (girls to be exact) give 0 concern about us, guys.",0.874947726726532,0.874947726726532,neutral,neutral
g4w0ysn_0,"Woahhh, I think you might be taking this a little bit too seriously. 1.",0.8749250769615173,0.8749250769615173,neutral,neutral
1l6glyq_0,"Entering Command School-OCS or SCS. Hi Everyone,would like to ask ur advice as I would really like to go to OCS or SCS cause I indicated interest for it every time when the Army asked for it.",0.8747633099555969,0.8747633099555969,committed,supportive
ckhu00t_0,"Specifically, the ""necessary"" and ""ensure"" parts. I don't know if it's truly necessary to have National Service in its present incarnation in order to achieve the stated goals, or if some other form would be more effective. I also don't know how well NS ""ensures"" that male Singaporeans achieve milit",0.8744105696678162,0.8744105696678162,uncommitted,critical
e53d6jg_3,"But when it come to the survival of Singapore, I still maintain that NS should remain, even if just a show, because if this is going to be just a show, it better be a damn good show so that potential attackers would think twice before invading. I probably talk a big game, considering I was sent to w",0.8739457130432129,0.8739457130432129,neutral,supportive
j9yz536_0,ur treated differently because u are PR. if u get the same benefits as singaporeans then whats the point of being singaporean? and PRs serve NS to get the ‘privileges’ ur talking about i.e becoming citizen.,0.8734761476516724,0.8734761476516724,neutral,neutral
l10m1vi_0,"NS is an archaic concept, who fights infantry conscript wars anymore? Singapore needs a well-funded professional army and do away with the WW2 crap. I think the SG government sees it more as a “nation-building” project, literally forcing a nationalistic narrative on Singaporean youth, but that, too,",0.8734224438667297,0.8734224438667297,neutral,critical
f9swaxe_1,"Until we stop using conscripts in convenient, stupid ways like packing ndp gift packages, being road marshals for events, and actually focus on training, the anti NS views will continue. Just look at commandos, most would give them the respect they deserve. If every branch of the army did their trai",0.8733437061309814,0.8733437061309814,uncommitted,critical
iv169zk_0,"It's not something that I would care about if people did or didn't do. It doesn't even come up as a topic in daily life, apart from the yearly chore of going back for ICT.",0.8729515075683594,0.8729515075683594,uncommitted,neutral
gnlv6ma_3,I suffered in every ict. It’s not worth it.,0.8720076084136963,0.8720076084136963,uncommitted,critical
j9z4pso_1,"We don't ponder so hard on such questions, we just want to collect our peanut pay, eat grass and ord in peace. U want answers maybe can get permit and ask at speakers corner.",0.8716338276863098,0.8716338276863098,uncommitted,critical
jp1qn9r_0,Because youre on MC and about to pes F. You made a fool out of SAF. You think they gonna let you treat them like a clown?,0.8715953230857849,0.8715953230857849,uncommitted,neutral
je0hrbq_0,Pes status inequality 😂,0.8708966970443726,0.8708966970443726,neutral,neutral
nut5023_4,"Having said that, the job and career itself ain’t half bad. It’s a lifestyle you have to adapt to.",0.8707818984985352,0.8707818984985352,neutral,supportive
j9yyp0t_0,Simple. Coz you're enjoying 100% of our peace and security. The rest don't matter,0.8706843256950378,0.8706843256950378,neutral,supportive
j9y7d6g_0,Then who applied pr for u . Government doesn't auto give pr or citizen to anyone.,0.8702523112297058,0.8702523112297058,neutral,neutral
hnp1edu_0,"Simply put, i like the friends i make there, not the bosses i have to serve.",0.8437469005584717,0.8953064680099487,neutral,neutral
ms8swzf_1,Contribute to the nation. NS is contribute specifically 2 years to nation’s security,0.8460345268249512,0.8913449645042419,neutral,supportive
j9z4pso_0,"This kind of question u ask on Reddit no use. Most of us Chao nsf, we are not minister nor are we minister's son.",0.8685665130615234,0.8685665130615234,uncommitted,neutral
j9y0xwi_0,"I believe PR should deserve the same ""privilege"" of serving NS like all singaporeans. Why would you strip the PR's of this  privilege?",0.8684995174407959,0.8684995174407959,uncommitted,critical
hvt7tvw_0,"I think its alright to do NS. 2 years is nothing in the grand scheme of things, unless maybe you are a pro footballer or smth.",0.8684710264205933,0.8684710264205933,neutral,supportive
ja0ysxv_0,"Honestly I don't know why too, let's say if PR gets 50% of citizens benefits on average, then NS for PR should be 50% of the duration too. Hmm, like you are a permanent resident of Singapore, you are the citizen of another country. So ""fight for my country"" is like what? :)",0.8684694170951843,0.8684694170951843,neutral,critical
l3thyzb_0,Dang you're a keeper. He really ought to treasure u heh,0.8682106733322144,0.8682106733322144,neutral,neutral
hvo39kb_0,"It’s hard to respect a institution that you are practically forced to serve under and underpaid at that too. I can’t disagree that this military has deterred aggression since our independence. However, just because it has successfully deterred aggression for decades doesn’t warrant respect. Respect ",0.8678779602050781,0.8678779602050781,uncommitted,critical
l3v2se3_0,"If he wants to leave you, what are you going to do?",0.8676897287368774,0.8676897287368774,neutral,neutral
hynr6el_0,"If you want to sign on because of the scholarship, then you might want to reconsider because a military career is not an easy one. Getting SAF/SMS is prestigious n you get an opportunity to study overseas which is cool, but after you graduate, you have to come back n serve for at least six years whe",0.8675832748413086,0.8675832748413086,neutral,neutral
eyanr19_0,"Even more so to understand fully what the men in our country had to go through during the National service and ICT. However, I am immensely proud of everyone who had put in their years and sweat to serve the nation. I hope my thoughts can allow you to understand that perhaps you are not only serving",0.8673887252807617,0.8673887252807617,neutral,supportive
kwycc61_0,"Lol true, but I won't have to worry about that for a few years at least. Bonus is that my reservist is very chill.",0.8670666217803955,0.8670666217803955,neutral,neutral
ja1s064_0,"Was a pr, did my ns, ORDed and applied and eventually got citizenship",0.8669716119766235,0.8669716119766235,neutral,neutral
mp9f2ex_0,"scs: 1) indicate interest for command school, 2) try to get silver for ippt if not jus pass, 3)participate in all high key/veto events

ocs: 60rp does significantly reduces your chances of getting ocs, but if you get gold for ippt and do damn well for sit test (90+/100) got chance of getting ocs.. a",0.8668770790100098,0.8668770790100098,neutral,neutral
jatxp0p_0,Forging ahead,0.8665343523025513,0.8665343523025513,neutral,neutral
jdzp710_0,"This may not be a popular opinion, but I do agree NSF salary has to increase according to inflationary but who is going to fund them? Are we ready for higher tax? A 1% increase in GST already has spark debates. Don't wish for things that you are not ready to pay for.",0.8663315773010254,0.8663315773010254,neutral,supportive
l3t5xxv_0,"I did tell him that but he might take it the wrong way( I really hope not), I hope he knows I'm really not trying to leave him but I'm just trying my best to be there for him , Im also studying uni and working part time since we both live in a diff country just so I can fly to sg and be there for hi",0.8662409782409668,0.8662409782409668,neutral,neutral
je09nd4_1,"Also did urine drug testing, arrange arms training, handled arms access, first aid course, fianace for ns welfare, welfare and Ord ceremony, procurement, meetings with commander and nsfs,

Let's just say the first is my official job scope, the rest was my boss. $600 for me, and $6000 to my boss.",0.8661994338035583,0.8661994338035583,neutral,critical
iazu5v0_1,"Y’all the new generation really pampered. I ORD 6 years ago and none of us felt the need to report them or complain, we just do it even tho it’s ridiculous.",0.8660366535186768,0.8660366535186768,committed,supportive
i7e5zdm_0,A sense of duty and loyalty to the country,0.8660261631011963,0.8660261631011963,committed,supportive
mz4y4rv_0,"INFANTRY IS WHO WE AREEEEEEE

WITH COURAGE WE FIGHT AS ONEEEEE

SIDE BY SIDE, WE UNITE

WITH OUR HEARTS AND MIND

WE ARE THE WARRIORS OF SINGAPOREEEE

INFANTRY IS WHERE WE KEEEEEEP

OUR NATION SAFE AND SOUNDDDD

WE'RE THE DOMINANT FORCE IN THE BATTLEFIELD

WEEEEE ARE INFANTRYYYYYY



WE ARE THE BROT",0.8659168481826782,0.8659168481826782,committed,supportive
he15js3_0,Just apply and see where it takes you - it's not like you wanna sign on means sure can get. So let recruitment determine whether you are suitable or not.,0.8659120798110962,0.8659120798110962,neutral,neutral
exrpcmz_0,Thank you encik!!! TT all the best,0.8652039766311646,0.8652039766311646,neutral,neutral
jmz412u_0,Can consider signing on. Provided you see yourself being long-term in the military aka have passion in the military; else every day can be a torture to you.,0.864704966545105,0.864704966545105,neutral,neutral
mo3s0bt_0,"Why is NS even being used as a reason for 18 years old to vote, it's such a lazy line of reasoning. Are you saying that people who don't serve NS at 18 (e.g. poly students, females, PES F) shouldn't vote?",0.8645171523094177,0.8645171523094177,neutral,critical
mgu06cs_0,Because NS is a necessary evil. I don’t like it but I know we have to do it.,0.8644599914550781,0.8644599914550781,neutral,supportive
dv272b0_0,&gt; I'm probably one of the rare person who will actually do not hire pple I think chao keng during NS. what company do you work at? if you say it can save me the trouble of applying to work in such a...,0.8643022179603577,0.8643022179603577,neutral,neutral
j9yk6kb_4,"If u have this mindset now, how can u expect Singaporeans to welcome into our society? Sg boys who served and about to serve all complain, but we all accept it as a fact.",0.8640360832214355,0.8640360832214355,committed,supportive
jp1zwuh_0,Watch your stupid mouth. You think by saying this shit y’all JC people are better?,0.8637967705726624,0.8637967705726624,neutral,neutral
j9y4217_0,"We are making u contribute to the economy. Let's say someone comes from country X to Singapore,  by ur logic shld we give citizenship in a few seconds as they are going to serve NS , no right . They also have to contribute to our country to get that status otherwise it's an injust9ce to those singap",0.8635492324829102,0.8635492324829102,neutral,neutral
jaqzfp3_0,"tq, for your comment, Im totally understand. Beside that, I am singapore PR from Malaysia",0.8634647727012634,0.8634647727012634,neutral,neutral
hq91u1e_0,Ask why the sister/mother never volunteer ns. Theyre also not contributing anything to the defence of Singapore,0.8634337186813354,0.8634337186813354,neutral,critical
l3s4zk2_3,"If you feel uncomfortable and could not accept it, the problem lies with you, not him. Sorry to break it to you.",0.8632795810699463,0.8632795810699463,neutral,neutral
jp1gpt7_0,"self denial la this kind of pussy. want to play stunts but cannot handle the consequences, standard chaokeng dog",0.8625603318214417,0.8625603318214417,neutral,supportive
m7lruvl_0,"I'm not talking about specific instances but in general. You're a soldier, supposed to work under stress.",0.862533450126648,0.862533450126648,neutral,supportive
jp1gymu_0,Bro you stupid af sia… last minute u go do stupid things and fuck yourself up…🤦‍♂️,0.8622546195983887,0.8622546195983887,neutral,neutral
ey9myh2_0,"All along I was in NCC, first as a cadet, then as a cadet officer, and thus, I thought, I would be even more patriotic when I got older, partially instilled by my dad (he went through NS in one of the early batches too). First book out, I was patriotic, and believed that I was serving the nation as ",0.8621870279312134,0.8621870279312134,committed,supportive
l3ryaq9_0,"It's understandable that you'd think he's tired of you but as the other commenters said, NS can be a very draining and exhausting experience. You've done a good job listening to his rants and being supportive and understanding also.",0.8618034720420837,0.8618034720420837,neutral,neutral
m4y7bb8_0,"If your goal is to escape reservist, there’s literally thousands of ways to do so without worrying about what job you do

Not sure about other units, but for my reservist u know roughly when the next reservist will be next year (before the official SAF100)

So i have Men who just take holiday that p",0.8617291450500488,0.8617291450500488,neutral,neutral
kvtc1k2_1,I already made this CRYSTAL CLEAR to you. You chose not to talk about how others MUST also make sacrifices to NSmen if NS was so so sooooo important to you.,0.8617243766784668,0.8617243766784668,neutral,critical
l3sur99_0,It is tiring tbh. Sometime not your fault ar.,0.8615206480026245,0.8615206480026245,neutral,neutral
kst1k1v_0,"I feel like most of the resentment comes from how ""futile"" NS seems to be in the overall scope of defending Singapore. Like no shit I would defend Singapore if there were kaijus or aliens threatening our existence, but as it stands right now who the actual fuck are we fighting?",0.8614717721939087,0.8614717721939087,uncommitted,critical
gcl7bjn_0,I have no one here other than my brother. I still intend to sign on.,0.8614525198936462,0.8614525198936462,committed,supportive
lxj4a2g_0,National service? It's an absolute waste of time.,0.8614441156387329,0.8614441156387329,uncommitted,critical
ey9myh2_1,"As I got through BMT, I saw the reality behind NS a bit more, and clocked up injuries that affect my chance for command school, got posted to a sunset unit, I got jaded a bit more. That was years ago.",0.8610608577728271,0.8610608577728271,neutral,critical
jqdy9t1_0,"Tbvh, Ur NS life is what u make of it. Contrary to alot of the comments here, I think if u wanna just do the minimum and coast that'll be ur NS life; but keep in mind that while ur here there will be alot of opportunities to experience things that you will probably never have the chance to elsewhere",0.86086106300354,0.86086106300354,neutral,supportive
jrqzhl8_2,Make the most of today. Not the past or what could be.,0.8605488538742065,0.8605488538742065,committed,neutral
l3s4zk2_5,"Thinking NS is like a holiday, which is not. These are the people

1.",0.8604992628097534,0.8604992628097534,neutral,supportive
ejv2prk_1,"Like many have said, it's mandatory conscription so there's no appreciation or thanks in the way you see vets getting thanked in other countries. Some see it as a way to teach their kids to grow up / learn some independence so they're thankful in that sense, but generally not in the ""thank you for d",0.8602890372276306,0.8602890372276306,neutral,neutral
hdsoy9e_0,Think about whether you like military life n the work you will do in future. Consider if your strengths and values align with the SAF and the vocation offered and also what are your short n long term goals if you sign on and if you don't.,0.8601289987564087,0.8601289987564087,neutral,neutral
nwdpgzb_0,"I see thank u for your reply but For me if Cambridge would offer me a scholarship, I wld still go with the SAF one cuz once again, it’s smth i rlly want to do! But ig even I don’t get SAFOS (and I say this not to flex but in a humble way), I most likely will get SAFMS as i got the provisional schola",0.8601045608520508,0.8601045608520508,committed,supportive
gnmyqx4_0,Thank you. This sounds like a rational thing to do. Were in the same shoes as me before?,0.8598169088363647,0.8598169088363647,neutral,neutral
fi3fkwj_3,"I feel that National Service should not be something to be feared of, forced on, or pressuring, as these factors could cause more harm than good. Not everyone is suited to what our country defines as ""NS"". Hearing news about NSFs getting stressed out or even worse, suicidal, truly breaks my heart - ",0.8590770959854126,0.8590770959854126,neutral,critical
kwxy7vf_1,"I'm ok with the length of sevice as it is but that is because I am looking at it from a macro point of view with logistics, force generation and demographics in mind. Were you to look at the training scehdule, ammo expenditure and intensity of training, what we do in 2 years of NS as an infantryman ",0.858966588973999,0.858966588973999,committed,supportive
jp13kav_0,"Mans played the mental health card, got his pes f and fked it up by malingering HAHAHAHA. Most likely is DB if u r not liked ah.",0.8588098287582397,0.8588098287582397,uncommitted,neutral
jaw8ovf_0,wow! u r so lucky! i hope i can same like u,0.8586325645446777,0.8586325645446777,neutral,neutral
hviwoej_0,"""Strong military"" just sounds good on paper. Yes, our reservist force amounts to a million over ""soldiers"" but probably less than half even bothered to truly learn the soldiering skills during their NS and most just turn off brain and wait for ORD... I'd say many are just civilians with reservist st",0.8584146499633789,0.8584146499633789,uncommitted,critical
exps9mt_0,"you can look up her history, she has royally fucked over many NSFs and NSmen",0.8582823872566223,0.8582823872566223,neutral,neutral
dy91onm_1,"If you feel something is seriously wrong, sound out and fall out. Don't be afraid that you will be labelled ""guniang"", ""sissy"", ""chao keng"" etc. Your health is always top priority.",0.8581712245941162,0.8581712245941162,neutral,neutral
ltdbhqo_1,"regarding whether or not an SAF scholarship needs to be done, its not something ive heard about and would definitely talk to the recruitment centre about. For the last point, the $90k in bonuses in 5 years is merely something my encik said, hence i will also have to do my own calculations and talk t",0.8579813241958618,0.8579813241958618,neutral,neutral
dv224d5_0,"that's a pretty stupid rationale for not chao kenging. why not say something generic like ""since you are here for 2 years why not put in your best effort to try and learn new things you can't anywhere else""",0.8578283786773682,0.8578283786773682,neutral,neutral
kt1nk6c_0,"""national service is a duty to the country, and not a form of employment."" '- says the million dollar salary minister",0.8575595617294312,0.8575595617294312,neutral,critical
jrrb7wm_3,"You may have some blueness cause you're in a new envt, w time you'll adjust to it and it'll be second nature the things you do. Then there'll be new ppl in the unit who'll have trouble adjusting and may prb seek your advice.",0.8573497533798218,0.8573497533798218,neutral,neutral
m7l3y93_0,"Your commander’s behavior is unacceptable. If possible, please escalate this matter to the higher-ups.",0.857239842414856,0.857239842414856,neutral,neutral
jp2a4ds_1,Have seen it happen b4 lol. The fact that u decide to chaokeng while on 60 day mc and fucked around and got caught really says a lot.,0.8571814894676208,0.8571814894676208,uncommitted,neutral
dkxltm2_0,"I feel like patriotism is cultivated by the citizens having a sense of belonging and it starts with having a Singapore identity that is unique to us alone. With the influx of foreigners, that identity is being eroded rapidly and the low level of integration of the foreigners definitely worsens the s",0.8571552038192749,0.8571552038192749,neutral,neutral
jrpz8zq_2,Experience will teach you better than any amount of classes and mugging textbooks. Last time I attended Boatman course.,0.8570486903190613,0.8570486903190613,neutral,supportive
kwztg9m_0,All the best. My reservist also quite chill.,0.8568975925445557,0.8568975925445557,neutral,neutral
lxd9uqn_0,"I am not one of the people who think serving NS is a privilege
If you hate it so much, Why don't you just leave Singapore and you won't have to serve reservist again. Its part of the price of citizenship.",0.8568789958953857,0.8568789958953857,neutral,supportive
m4yccyr_0,u earn high enough u probably won’t get call back for reservist,0.856853723526001,0.856853723526001,neutral,neutral
fi3hzz2_6,"All in all, yes it's a waste of time, BUT, it's also taught me the true value of time, and how much I truly can get done in a single day. Still, I can't help but think how different my life would be if I was stay out and able to use my computer every day and get even more done.",0.8568246364593506,0.8568246364593506,uncommitted,critical
em1mf0o_0,"fact: people who have served ns in sg are the minority (guys only minus pes F and foreigners) 

because of this, any claims that ns is invaluable for character building, planning your future or whatever bs is nonsense because the majority of singaporeans live normal, productive lives without going t",0.8234278559684753,0.8894872665405273,neutral,critical
iv3wvbq_0,"From OP’s comment history:

&gt; **Many times in NS, I wonder why do I get treated badly in camp while serving the nation, only to be unappreciated by the public when I book out?** Why am I stuck here, forced to live out my 2 years under harsh regimentation when I can be in university chasing my dre",0.8563555479049683,0.8563555479049683,uncommitted,critical
fpgf4lb_1,"It is also in NS that i figured out what i really want to do and achieve in life. To those who are serving NS and think it is a waste of time, if given the 2 years back to them, they will eventually still fumble and waste it all away. You and you only make the best out of the situation.",0.8563405275344849,0.8559192419052124,neutral,supportive
j9u25lw_1,"Do you deserve scorn then for not contributing to it? Just because the govt deems doing xyz as ""national service"" doesn't mean everyone has to agree with their definition of national service.",0.8560606241226196,0.8560606241226196,neutral,critical
h1uvqpb_0,Tell her very clearly to either serve or stfu and not run her mouth where it doesnt belong,0.8559883832931519,0.8559883832931519,neutral,neutral
iayznhb_0,Elaborate more pls,0.8559268116950989,0.8559268116950989,neutral,neutral
k2vyb51_1,"As a GRFO, you'll find yourself constantly attending to real-life situations that demand quick thinking and the practical application of your legal knowledge. Although it requires you to serve an additional 3 months of GRF training in HTA, the knowledge and experience you will gain will help you get",0.8558517694473267,0.8558517694473267,committed,supportive
j8o6tmx_0,"if i were u, i will definitely not go back to serve the corrupted government. NS is truly a fucking waste of time.",0.8557446002960205,0.8557446002960205,uncommitted,critical
jroscf9_0,Relax ah mangkok,0.8555701971054077,0.8555701971054077,neutral,neutral
hsfpbwm_0,"Np, you deserve to be free and not be forced to serve for a country that you dont have pride for",0.8554722666740417,0.8554722666740417,uncommitted,critical
g4w0ysn_8,"Make new friends and buddies and work tgt to get through this period. Before you know it, you are gna POP soon. All the best.",0.855242133140564,0.855242133140564,neutral,neutral
nqpc1ne_0,"To be very honest: 

A lot of the problems mentioned can be solved by actually anonymously going up the chain of command... All these posts actually haven't done anything to solve the problems at hand about mental health, toxic commanders etc. when sometimes all it takes is proper communication and ",0.8552075624465942,0.8552075624465942,neutral,neutral
kb8n8te_4,"I concede that for some who need the time to rethink what they want to pursue in life, NS is a helpful break from the rat race. However, I just feel NS is needlessly unfair to those who already do. Just my two cents.",0.8856602311134338,0.8246867656707764,neutral,critical
ch1l3z6_1,"Those are peanuts. There should be more solid, tangible benefits to men who sacrificed time and money (as in the case of reservists) to do their national duties.",0.8550734519958496,0.8550734519958496,neutral,critical
g4vzkbk_0,Depends from coy to coy on how to be prepared. What coy are you from?,0.8549478054046631,0.8549478054046631,neutral,neutral
hsh4uhv_2,"If they want people to fight for them in war, what is the point of serving NS if you are going to reject citizenship after? Its not like you are going to fight for a country after which you have forfeited citizenship.",0.854854166507721,0.854854166507721,uncommitted,critical
jav80q9_0,I had quite a number of platoon mates in ocs whom were PR. (don't say I humblebrag hor) /s,0.8547059297561646,0.8547059297561646,neutral,neutral
g4w0ysn_2,"Every morning make sure conduct temp taking and water parade. Count strength just dari kenan bilang

3.",0.8546043634414673,0.8546043634414673,neutral,neutral
m4y7xxf_1,"To some, serving reservist is a good respite from your normal work or family life. I know some guys who look at it as some form of short getaway.",0.8541556000709534,0.8541556000709534,neutral,neutral
ch1lqc1_5,"It seems to under value the sacrifice that NSmen make for the country, by talking about worst case scenarios that result in drawbacks to themselves, which seems a little selfish to me. As a result they appear to be saying that NSmen do not *deserve* these rewards. This is unnecessary shit stirring o",0.8540251851081848,0.8540251851081848,neutral,critical
fzrfuma_1,But we all have to serve. CB we don't serve then who protect sg?,0.8539912700653076,0.8539912700653076,committed,supportive
jp1qqjh_0,They already made us like a fool for taking our 2 years away. Why care?,0.853774905204773,0.853774905204773,uncommitted,critical
dt5vqle_0,What i meant was the benefits of serving ns. What nsfs get for being forced to do national service for 2 years where they could be studying or working instead.,0.8536770939826965,0.8536770939826965,neutral,critical
mgu9s4r_0,"Maybe because many people support NS? Just because a whole sub reddit takes a shit on NS, doesn't meant its not supported by the people.",0.8536069393157959,0.8536069393157959,neutral,supportive
d6hzqs4_1,"For every single Singaporean male that could potentially be exempted or serve some substitute version of NS due to some acheivement, there would be a thousand others that would not make the mark, and thus need to serve NS. Do we want to send the message to young recruits that they need to serve NS b",0.8535598516464233,0.8535598516464233,neutral,neutral
d6h1oip_1,"For every single Singaporean male that could potentially be exempted or serve some substitute version of NS due to some acheivement, there would be a thousand others that would not make the mark, and thus need to serve NS. Do we want to send the message to young recruits that they need to serve NS b",0.8535598516464233,0.8535598516464233,neutral,neutral
jry04ad_0,"I think your issue right now is that you’re comparing yourself to others which will not get you anywhere. The people you meet will come from all walks of life, some may be “experts” at certain things and some are not.",0.8535546660423279,0.8535546660423279,neutral,neutral
j89ja63_8,"Your idea that nsf pay is enough for ourselves with some spare change leftover at the end of the month paints a rosy picture, and does not consider that other people may have other people to take care of besides themselves. Not everyone is as privileged as you to be able to ""manage your expenses"" we",0.8534388542175293,0.8534388542175293,neutral,critical
lez7uyt_0,"Maybe it doesn’t work on resumes, but some key lessons learnt like resilience or networking or even the ability to question unreasonable superiors can carry you through life well. I do hope that in the near future, those who don’t have to serve NS would have an increasing empathy for us",0.8533718585968018,0.8533718585968018,neutral,supportive
jaqzobv_0,"Fair enough. If I may ask, what race? That is often tiagong a factor that is considered",0.8531302809715271,0.8531302809715271,neutral,neutral
eya0mu7_0,"Honestly I was fine with my NS experience only because of my colleagues and a purposeful vocation. Put me in another other unit, and I may be feeling as pissed off as many others here.",0.8530037999153137,0.8530037999153137,neutral,neutral
k2vyb51_2,"Oh and, you'll get a Class 3 license too. What sets the GRF vocation apart is the opportunity to work alongside regular officers during patrols. In the public's eye, there is no difference between you and a regular officer, hence, you are expected to be on par with them.",0.8529336452484131,0.8529336452484131,neutral,neutral
ksu18xp_1,And still have Reservist obligation/liability. Turn the focus more on how to reduce NS cycle (NSF time + reservist cycle time).,0.8528217673301697,0.8528217673301697,uncommitted,critical
j3zzjcv_0,Chao Keng is fine as long as it dosen't make Regular's and your fellow NSF's lives harder than it already is.,0.8525345325469971,0.8525345325469971,uncommitted,neutral
jrpz8zq_1,End of the day no denying those who do well in NS and aren't in OCS or SCS will be the ones who can pull their weight physically as well as be good team players with their army mates to accomplish tasks. Theory can learn.,0.8523252010345459,0.8523252010345459,neutral,neutral
hda5a71_3,"Don't worry, see SCDF as a blessing. Many people want to get it also can't get.",0.8522008657455444,0.8522008657455444,neutral,supportive
im81ug0_1,"Undeniably, being a scholar will means faster progression, better pay, more plum postings, but it also comes with more work and responsibilities. There are people who have good rewarding careers in the SAF even though they did not get SAF/SMS scholarship. In addition, you are probably going to work ",0.8521590828895569,0.8521590828895569,neutral,neutral
jvpys2x_0,"Not so much the point on women not serving, more to highlight the fact that ns has caused, is causing and will keep causing the young men of this nation to suffer lifelong injuries",0.8520670533180237,0.8520670533180237,neutral,critical
jarx14i_0,Tq for telling me the truth,0.8519809246063232,0.8519809246063232,neutral,neutral
jp1nzvz_0,If it’s not srs then why u ask in this subreddit? Either u on some delusional copium or u are actually retarded,0.8518775105476379,0.8518775105476379,neutral,neutral
h8vybks_0,"Personally, the NS itself I am fine with and the necessity of it is very much there (acts as a direct disincentive for any country to act aggressively towards us, regardless if they will win or lose) , but it is the inequality for me of the situation which really need improvement. Firstly, men all e",0.851661205291748,0.851661205291748,committed,critical
hky8jii_0,I'm betting SCS if you indicated interest in command school since OCS need SIT test and BMT overall performance.,0.8515775203704834,0.8515775203704834,neutral,neutral
ey9myh2_3,"To me, this makes me feel safe if anything of that sort happens to my family. Back to the question of National Service.",0.8515670299530029,0.8515670299530029,neutral,supportive
dyg4ryx_0,"The problem is the chao keng culture that I am arguing against. The people who chao keng will take advantage of it if they know that MOs will err on the safe side and give them statuses. So, the only way to deter chao keng is to go tough on them and be skeptical about NSFs who report sick. If the ch",0.8535133600234985,0.849618673324585,committed,supportive
eik1iy_0,Tips and tricks for those enlisting to SAF. It's 2020 and another batch of boys are going to be enlisted into the army.,0.8515187501907349,0.8515187501907349,neutral,neutral
hdacix9_0,"Nope. Not saying you shouldn't be, because I was as pissed as you when I first got my vocation.",0.8513704538345337,0.8513704538345337,neutral,neutral
g4w0ysn_7,"Your peers and commanders will know if you are just wayanging to enter command sch. Nevertheless, take this time in BMT to be stronger both physically and mentally.",0.8511581420898438,0.8511581420898438,neutral,neutral
mo3ogaq_0,"You let 18 yo vote, most will vote against pap for the mandatory enlistment so in a way thats to counter that, when they become of age to vote ns would prob be a thing of the past to these nsmen le",0.8508739471435547,0.8508739471435547,neutral,critical
ey8tfb8_0,"Before I went into NS, especially the 3 or so years right before I had to enlist (starting from upper sec onwards) I realised that NS is getting closer and closer, and I started dreading it more and more every day. The closer it got to my enlistment date, the more I hated NS.",0.8506814241409302,0.8506814241409302,uncommitted,critical
lk5jw8y_0,you are PES E for?,0.8506653904914856,0.8506653904914856,neutral,neutral
jp2a4ds_2,"Pes F was prolly chaokeng-ed also. Fr skill issue, world class stupidity, expect at least 49 day db unless your CO and OC are freakin saints and lets u off with only a fine",0.8505430221557617,0.8505430221557617,neutral,neutral
jmk1wus_0,"its honestly luck + decided by them long ago;
 im pr was from 1guards .",0.8503407835960388,0.8503407835960388,neutral,neutral
m7rm8rh_0,"I think it's already common knowledge for most that when you're in the military, one should not expect nice things. It's something everyone enlisting should be mentally prepared for.",0.8502433896064758,0.8502433896064758,neutral,neutral
jj2lu7k_0,"Honestly I would suggest you go through the 2 years of service like everyone else, don’t make your life difficult.",0.8500103950500488,0.8500103950500488,neutral,supportive
i7nrj9s_5,"Some people can still be very successful at a really young age, compared to others with much more working experience. End of the day, we shouldn’t see National Service as nothing but a waste of time, but rather a duty of every Singaporean and an interesting journey that will do you good in the futur",0.8498450517654419,0.8498450517654419,committed,supportive
m8obomf_0,"Firstly, I'm very sorry this happened to you. It was incredibly inappropriate for your commander to have said it.",0.8496383428573608,0.8496383428573608,neutral,neutral
ctx2hc_0,Military court upholds 2-week detention for ex-SAF master sergeant who kept 50 blank rounds,0.8495488166809082,0.8495488166809082,neutral,neutral
exrrn39_0,"I understand why they had to punish this encik, but dismissal was a little harsh? He didn’t appear to have any malicious intention, even if the way he hid the rounds seem reckless.",0.8495328426361084,0.8495328426361084,neutral,critical
jrnimjy_0,When was ur bmt?,0.8493692278862,0.8493692278862,neutral,neutral
hmid9t4_0,Thank you for your service,0.8493530750274658,0.8493530750274658,neutral,supportive
nckourb_0,"I’m not a bootlicker. also being wospec/officer for reservist is dog shit. men can just braindead wait and follow instructions, commanders need to attend meeting and craft plans",0.8492358326911926,0.8492358326911926,neutral,critical
acp8bz_20,"If you're in the leadership batch, chances of you getting into SCS or OCS will be higher but if you're in the standard batch, I'm afraid you're out of luck. To get into command school, you need to do well for your Situational test on the last day of your field camp, as well as get good reviews on yo",0.8491994142532349,0.8491994142532349,neutral,neutral
jaua3x9_0,Before,0.849168062210083,0.849168062210083,neutral,neutral
gyaatgh_0,I studied in Singapore till sec 2 then moved overseas and completed my studies till 12th standard so I don't know if my grades are accounted for command school. I might get into scs but might not get into ocs.,0.849156379699707,0.849156379699707,neutral,neutral
nv6pd5k_0,Entirely based on personal opinion. Not every NSF look at their 2 years serving the country as a “job” or what many say “waste time”.,0.8490204811096191,0.8490204811096191,committed,supportive
he2i355_1,"Not sure. Still, anything is better than signing-on SAF ;)",0.8490056991577148,0.8490056991577148,uncommitted,critical
jllxf1h_0,"So?your ns give you is “allowance” not “PAY”, you doing a mandatory service, not working for the army of your own will",0.84898841381073,0.84898841381073,neutral,supportive
jp276is_0,"Don't waste your time talking to that troll, they're saying that under every comment, also pretty funny how all the comments shitting on op are getting awarded😂",0.8489222526550293,0.8489222526550293,neutral,neutral
jp1vwcp_1,Those who have served all know how a person's attitude in the army accurately reflect in the real world. Think we heard enough excuses about how these 2 years fucked up a person's dealt hand.,0.84888756275177,0.84888756275177,neutral,supportive
ey8x298_1,"NS was filled with plenty of cringey/sucky moments, and while I learnt and valued many parts of it, I wish I could have approached things better. Travelled quite a bit to the 3rd world, middle east, through conflict zones, and I'm currently living on the African continent.",0.8488519191741943,0.8488519191741943,neutral,supportive
hvni1dz_5,"And the government disguises this entire thing as a ""national service"" and we ""should be proud"" to serve the country. Eh yeah, hell no lmao.",0.8488107919692993,0.8488107919692993,uncommitted,critical
kea9ceq_0,"if you want to be a regular, i suggest you enlist first and see if the military lifestyle is suitable for you first. if you find it bearable at least and still want to continue, you should apply for any SAF scholarships, such as merit scholarship etc.,",0.8487633466720581,0.8487633466720581,neutral,neutral
jrnc8vu_0,"Thank you man, really appreciate it",0.8485450744628906,0.8485450744628906,neutral,neutral
cwijif2_0,"In addition, we need to have an armed force with intimidating numbers, so that we are able to conduct diplomacy with neighbouring countries without being walked over. Any personal gain just happens to be a byproduct of your experience in national service and it is not guaranteed. The government care",0.8479852676391602,0.8479852676391602,committed,supportive
n5kzvpz_11,"I am especially grateful that my QM let me run the show, and my CQs and storemen understand why I am so firm on doing certain things. Your Unit assessment will be dependent on whether your men can get used to certain things outfield and if everybody feels like they are part of the same team, you wil",0.8478977680206299,0.8478977680206299,neutral,supportive
mawr34u_0,lol this country actually doesnt deserve to be defended with the attitude of its people😂. Look at service members in other countries and how they get treated and compare it to ours,0.823093056678772,0.8725733757019043,neutral,critical
jrnl1cg_0,"It was almost entirely an ite company with only a handful of poly/jc kids, it was tough to relate with the majority, very different experiences and talking points.",0.8477969169616699,0.8477969169616699,neutral,neutral
nf9m021_0,"i just want to serve ns and be gone from there, off brain and follow orders",0.9171109199523926,0.9059947729110718,uncommitted,neutral
i1ic3bf_0,congrats Saint of SAF. so you're saying I should volunteer to feed the entire SAF.,0.9065952897071838,0.9039956331253052,uncommitted,critical
i1icl3x_1,And paying people for what it's worth to do this job is bascially just hiring SATs food cooking that out rations to you if the supply chain allows for fresh food to reach you. Also have you not heard of the horror stories from the older generations of the kind of food that NSFs cook?,0.9006924629211426,0.9077870845794678,neutral,neutral
i1mhfz1_1,"1. If the guy cooking that day doesn’t like someone he can just spike his food and give him food poisoning or smt liddat n create internal problems
2.",0.8823790550231934,0.9251728057861328,neutral,neutral
i1mhfz1_0,"Back then, soldiers were tasked to cook food for everyone. But this presented 2 problems.",0.8716574311256409,0.9322059154510498,neutral,neutral
ncew8ve_1,Either OCS or men they said. I couldn’t make into OCS cause I was unfit so I went into unit as a men and it was true.,0.917547345161438,0.8858475685119629,neutral,neutral
ncxej49_0,Well said,0.904733180999756,0.8891170024871826,neutral,neutral
i1i97zu_0,There’ll still be a need for field kitchen over rations.,0.8736314177513123,0.919169783592224,neutral,neutral
ncw76zr_0,Not really. Very vocation specific,0.8985207080841064,0.8854741454124451,neutral,neutral
j9y3dff_1,"And going by ur logic they get less privileges than citizens as they are PR. U have to pay the price cause it's u who choose to stay here , study here,  live here .",0.9028701782226562,0.8791685104370117,neutral,supportive
hop19kl_0,"I’ve known some friends that always say NS is a waste of time and that their 2 years can be spend doing something more productive. Fast forward to today, they didn’t seem to achieve much after finishing NS for more than 4 years. NS is only a waste of time it your mindset and perspective of it is. An",0.8871859312057495,0.8871859312057495,neutral,supportive
i1vlyjo_2,"And I'm in no way adequately compensated for all that time lost back then and during my reservist. And if I dislike my NS experience, why on earth should I damn women into living that experience.",0.8812077045440674,0.8812077045440674,uncommitted,critical
kcc9e6s_0,"chao keng is the way to go, because NSFs will never get compensated fairly, because conscription saves huge costs for the government. There is a reason why the government does not convert it to professional army, and it is not because we cannot rely on foreigners/non locals defending us like what wa",1.0,0.7487928867340088,uncommitted,critical
kcc9hco_0,"chao keng is the way to go, because NSFs will never get compensated fairly, because conscription saves huge costs for the government. There is a reason why the government does not convert it to professional army, and it is not because we cannot rely on foreigners/non locals defending us like what wa",1.0,0.7487928867340088,uncommitted,critical
hvj7t3n_0,"It's more of a modern type of slavery, because NSF have no right to quit when they want, and have no choice to opt in or not. The employment of NSF is also non consensual",0.8533570766448975,0.8933998346328735,uncommitted,critical
hvnhzjl_0,"It is, so much so that it is explicitly exempted because it is deemed a necessity. That doesn't mean that it isn't  forced labour. Forced labour is the definition of slavery.",0.8426287770271301,0.8970475196838379,uncommitted,critical
mjau6ze_0,"Well, I hate NS and wasting 2 years of my life. So I downpes and get excuse stay in.",0.8352023363113403,0.90082049369812,uncommitted,critical
mn0sc33_0,"I would definitely encourage that PR regardless of first or second gen should serve NS, it’s a bond between you and the country and I feel that every guy has to go thru it regardless whether you’re PR or citizen",0.8675856590270996,0.8675856590270996,committed,supportive
homugd4_1,I spend my days productively learning new language and investing. Participating in the officers doing their planning and it was a good experience to learn how to go about planning an activity and conduct meetings all that.,0.8666479587554932,0.8666479587554932,committed,supportive
hon0wnl_1,I spend my days productively learning new language and investing. Participating in the officers doing their planning and it was a good experience to learn how to go about planning an activity and conduct meetings all that.,0.8666477203369141,0.8666477203369141,committed,supportive
mn04woi_0,"If your criteria for eligibility to serve NS is based on ones willingness to fight/die for their country, I don't think you would be conscripting like half of SG born Singaporean men either...",0.865602970123291,0.865602970123291,uncommitted,neutral
hviycmh_0,Is it ethical? No.,0.8338817954063416,0.8966733813285828,neutral,critical
mjaso9d_0,Happy for you that you had a good NS experience but i don't think it's reasonable to expect everyone to have the same outlook and perspective on NS like you did haha,0.8389793634414673,0.8887359499931335,neutral,neutral
ivjalj5_0,"Hi OP

I can relate to you as I was like you during the 2 years. After ORD, you dont care what happened in NS.",0.8618295788764954,0.8618295788764954,uncommitted,neutral
gseamad_0,No one is questioning the reason to serve. This is our country.,0.8614631295204163,0.8614631295204163,committed,supportive
kb5mk0r_1,"Considering my position, i would say honestly am quite fortunate as my unit is quite relax, i know people are going to come at me and bash me for complaining while others are suffering a worser fate. But i think for me is being unable to accept being forced to come camp daily knowing i am essentiall",0.861193835735321,0.861193835735321,uncommitted,critical
gdab832_1,Not being able to carry on in life and constantly being treated badly by superiors suck. People always say NS helps a boy become a man but I seen many are still immature and irresponsible.,0.8680987358093262,0.8530659675598145,uncommitted,critical
mjofzwk_3,For them to expect us to do NS is a joke. Just manage your expectation and survive in one piece.,0.8106838464736938,0.9075167179107666,uncommitted,critical
hvjaa7r_0,"During the first few years of independence when we were building up our military it might be ethical. It’s been more than 50 years and we still don’t have a professional army, but have to rely on NSfs who are paid badly to “defend” the country is just nuts.",0.8639915585517883,0.852649450302124,neutral,critical
i7xttbu_0,"If u pay NSmen more, many more would think of signing on",0.899994969367981,0.8161662220954895,neutral,critical
hvivtt9_0,"I personally don’t mind serving as long as we are compensated properly. Even with a diploma, I could earn easily 2-3 times of the ‘allowance’ they pay us NSFs.",0.8542311787605286,0.8618695735931396,uncommitted,critical
jtitje7_0,?,0.8925464749336243,0.8231195211410522,neutral,neutral
jghwx0u_0,"They can solve the problem by quadrupling pay. If they don’t want to do that, then they will just have to suck thumb like the NSFs they forced into service. Also, if Singapore ever goes to war we will already have lost before the first shot is fired.",0.8539295792579651,0.8539295792579651,neutral,critical
j5ndkcu_0,"Yes, I’m literally slaving off like a regular on a regular basis but they get 5x my pay minimum.",0.8533755540847778,0.8533755540847778,committed,critical
hvip0ut_0,"No it's not ethical. You are getting young men to join the military against their will, that's 1.",0.8519724607467651,0.8519724607467651,uncommitted,critical
mhemxid_0,Dont serve. Cherish your 2 years.,0.8635435104370117,0.8402996063232422,uncommitted,critical
d4i2qb5_0,"I have seen what you have been carping on about, and it all appears to stem from amalgamating the better things found around the world, into a stream of contempt for the country. All without once stopping to find out the trade-offs these countries took to get there, and that many of those things are",0.8518679141998291,0.8518679141998291,neutral,supportive
ifljn7z_5,"Not to say we don't need reservist, i genuinely don't care, I'm not going anyways. But it doesn't make any sense that NSF have to be compensated like shit because of it.",0.8513367176055908,0.8513367176055908,uncommitted,critical
fztd0nv_2,"In the future the good, the bad and the ugly of NS may be the memories I cherish, so I keep trying to just pause and absorb it, the duties, the friends, and the work we do. Yes, it unfair that our other half doesn't serve. Yes, it's unfair that we have to do duties. Yes, it's unfair that we face pun",0.857811689376831,0.8418795466423035,neutral,critical
ivng2br_0,I served my NS 40+ yrs ago. There were ups and downs.,0.8493256568908691,0.8493256568908691,neutral,neutral
hon35uv_0,"And because I didn’t want to waste my time even thou im posted as an ASA. My upper study, and most other ASAs in my camp just laze about, waiting for time to pass until ord.",0.8486288785934448,0.8486288785934448,uncommitted,neutral
gse1tmt_2,"If it is, they get their due salary. If not, they get NSFs allowance lolol.",0.8243399858474731,0.8720616698265076,neutral,neutral
mjas98u_0,"I honestly wonder how it feels to live your life this way man. When I was in ns my gf now wife was in uni and I enjoyed crashing her hall room when I could, never did I think I’m so jealous of her.",0.8036841154098511,0.8921701312065125,neutral,neutral
hluz5r1_0,I won't turn against what I call home for 98% of my life but I will leave asap I'm not THAT inclined as well,0.8702263832092285,0.8246528506278992,uncommitted,neutral
hlvi3yu_0,"Exactly. Took away 2 years of our life, fine I accept that its our duty to protect the country at some point, but at least give us decent allowance not slave allowance bruh.",0.8469756841659546,0.8469756841659546,uncommitted,critical
j8l4bd5_0,"then u should be on our side, not the regular's side. they say then say. pay more important than pride and ego",0.8459137678146362,0.8459137678146362,uncommitted,critical
ivmz42f_0,I did but it slows your life progress and restricts your freedom,0.8451873064041138,0.8451873064041138,neutral,critical
homucfi_0,"Going with your reasoning, I don't understand how you reach your conclusion. What I understand from your argument is that PSC scholars can defer in order to serve the nation better = NS is a waste of time.",0.8448715209960938,0.8448715209960938,neutral,neutral
mjasxcq_0,not everyone has had the same experience as you to be as optimistic unfortunately!,0.7991949915885925,0.8897259831428528,neutral,neutral
ifla4cg_0,def 1.5k minimum. nsf pay esp the $600~ csscom ppl get is a complete joke. am alr able to earn nearly 5x of my pay outside rn w approximately the same amount of time n effort,0.8431317806243896,0.8431317806243896,uncommitted,critical
mjbfhxd_0,"Allow me to rephrase the situation
“not doing very well in <<Fill in the Blank>>” any advise on how to cope. Understand that you have months to go. Promise you, Life will throw you stuff, that “not doing well” but instead of months, it maybe no light at the end of the tunnel situation.",0.7969977855682373,0.8888928890228271,neutral,supportive
m8gwdud_0,"OP if you are reading this, Just don't let your grandson step foot back in Singapore or else he will be in jail for not serving 2 years of mandatory service. And Singapore doesn't allow you to renounce your citizenship unless you have completed your National service which to me imo as a singaporean ",0.8709604740142822,0.8144915103912354,neutral,neutral
ivjbp0f_0,I dont some of them really treat the nsf very nice,0.8425779342651367,0.8425779342651367,neutral,supportive
iviypdi_0,True how yr ns experience been for u,0.8422665596008301,0.8422665596008301,neutral,neutral
j881rc5_1,"Period. Perhaps put down your book of motivational quotes and go out into the real world, you'll find it isn't always as simple as it should be.",0.8842217922210693,0.7991688251495361,neutral,neutral
ie4pyma_0,"Please don't for the love of god. As someone who have suffered and is still suffering in NS, I want to deter as many people as I can to avoid my agony.",0.8418459892272949,0.839738130569458,uncommitted,critical
i0p07z7_0,HAHAH that's exactly right.,0.8546335101127625,0.8253520727157593,neutral,neutral
ifoevc1_0,"You should be paid by how much work you do. Those people sitting around doing nothing, yet complaining alot should be paid less.",0.8399619460105896,0.8399619460105896,neutral,neutral
i8txjci_0,Man I hope you don’t have to go through reservist,0.8392186760902405,0.8392186760902405,uncommitted,neutral
ihvglr0_0,You can't expect much from an elitist government that doesn't even care for the people. They care more about their pockets and whether they will still have millions more in their bank account each year.,0.826758623123169,0.8513405323028564,neutral,critical
ebcbi0s_0,"If EVERYONE at the age of 18/19 enters army its going to leave a big gap in the workforce. Additionally, 2nd generation PRs do serve NS. I dont see how we can expect 1st generation PRs to serve. Imagine if you had a family and wanted to work in another country but you have to serve 2 years of NS whi",0.8386517763137817,0.8386517763137817,neutral,critical
ieccpb8_0,Don't.,0.8560962677001953,0.820880651473999,neutral,neutral
ifox053_0,Reservist is fun,0.8602370619773865,0.8162537813186646,committed,supportive
sk3nrv_0,Is the practice of NS ethical? The 2 years of mandated servitude.,0.837684154510498,0.837684154510498,neutral,neutral
j8hn682_0,Because we have to do this whether they pay us or not so they just give us under minimum wage to “make us happier” a bit,0.8376652598381042,0.8376652598381042,uncommitted,critical
j8j03ee_1,Look at it this way. Nsfs arent paid fairly thats true.,0.8374193906784058,0.8374193906784058,neutral,critical
kd0stlh_2,"I agree that the military does not seem to have much of a purpose in our country but then, why not change your own mindset to see it as a place for growth rather than suffering? Yes definitely suffering is part of NS but so is life.",0.8371596336364746,0.8371596336364746,uncommitted,critical
j5nbs1l_0,"No because i think we are overpaid, we should be paying the SAF a monthly allowance instead for giving us such an incredible, amazing and unique experience in this 2 years of serving our country. I feel so honoured and privileged that my country even let a worthless trash poo stain like me serve the",0.8368666172027588,0.8368666172027588,uncommitted,critical
jgi5i76_0,Look man.. I'm sorry that you did what you needed to and you're getting treated like crap. I respect that.,0.8366502523422241,0.8366502523422241,neutral,neutral
diba7g1_0,"Personally, I want women to serve just so they will stop saying we are going for a holiday chalet when we go reservist. And for those of you fuckers lucky enough to be in a unit that's slack as fuck: stop spoiling things for the rest of us.",0.844072699546814,0.8289669156074524,uncommitted,neutral
ic9r4js_2,"I find it difficult to convince myself to die for a country wants me to serve and defend it, yet has hurdles in place that prevents me from owning a place for myself that I can call home. For the foreigner who’s a bully at work?",0.8268090486526489,0.8450322151184082,uncommitted,critical
ibjoz1y_1,"Besides, its easy to say from our POV that us losing 2 years of our youth and being paid peanuts is going to seriously affect the rest of our lives, but thats not entirely true is it? You don’t literally see every male in the working world begging for money on the street.",0.8356835842132568,0.8356835842132568,neutral,supportive
j8848rv_0,"In your replies to other comments you keep saying ""we"", are you a regular by any chance? If so, it truly explains your perception on this.",0.8764675259590149,0.7946909666061401,neutral,neutral
hviw9xq_1,"Furthermore, one cannot even choose to emigrate/surrender citizenship past a certain age, leaving all those conscripted with no choice. However, I agree with NS for the most part.",0.8355661034584045,0.8355661034584045,committed,supportive
h8zl8wa_1,"We nsfs are made to take up the same responsibility as regulars, yet we are paid lesser. All in the name of patriotism.",0.8345068097114563,0.8345068097114563,uncommitted,critical
izixvvg_0,"Well no matter how bad you think it is, it's going to be worse. Take it as a 2 year void that you are going into.",0.8096720576286316,0.8570001721382141,uncommitted,critical
m6uyyac_7,"I met a lot of people in our position who were just salty and vengeful about being thrown into national service, and they were unable to 'take' anything useful out of their 2 years. Learn about Singapore, learn about your bunkmates, and you'll get a lot more out of National Service than you think.",0.8078147172927856,0.8578213453292847,neutral,supportive
izil2vw_0,"It's all about perspective on your 2 years, that's all.",0.8195233941078186,0.8449967503547668,neutral,neutral
mmzsh93_0,"I'm a PR and about to serve my NS, and I see no reason why these PR couldn't serve. Govt said these people are not serving because they won't enjoy socioeconomic benefits in their late 30s. Which I think it's a bs even for a new citizen too",0.8322238922119141,0.8322238922119141,neutral,critical
hhdgg9g_1,"I’ll never agree with the basis of conscripting just half the population, disadvantaging them relative to foreigners and females, and proceeding to provide almost no form of relief or compensation. We receive basically no tax or education subsidies, nor do we receive job aid or decent pay during our",0.7685784697532654,0.8949148058891296,uncommitted,critical
mmzumq7_0,Please. 1st generation NS have spent half their lives calling another country home.,0.8314517736434937,0.8314517736434937,uncommitted,neutral
kcz5y9t_4,Unless you are in the 3 armed units I mentioned. Think about your training and you will know what I say is true.,0.8297419548034668,0.8297419548034668,neutral,neutral
ibq54yk_0,They can be given an option to serve and their efforts will be appreciated (I sincerely hope). But obliging them to serve is just kind of...idk,0.829518735408783,0.829518735408783,neutral,critical
jutxccv_4,It is precisely that NS sucks that I don't want women being enlisted. I don't want to see my family suffer the same.,0.8387750387191772,0.8200925588607788,uncommitted,critical
jgi5i76_2,"They did their best but the system just does not work out. I agree with you, there's definitely shitty people in the Army. There's shitty people everywhere but yeah it's even worse when it's in the Army and people use their power to mess up the lives of others.",0.8292107582092285,0.8292107582092285,neutral,critical
ifm8aqm_4,I don't believe that this is not something that the SAF(i know this is not an SAF exclusive festure) has not taken into consideration as well. Not to give an argument if its right or wrong to do such a thing.,0.828385591506958,0.828385591506958,neutral,critical
k9y0fkx_0,There’s so many pr current serving in my coy lol. U act as if there’s no citizen trying to ran away from ns when there’s so many post abt it,0.7833178639411926,0.8733499050140381,neutral,neutral
ivjvv0e_4,"Not everyone will like NS, but welp that’s what we are conscripted to serve. Jiayous!",0.8275099992752075,0.8275099992752075,neutral,neutral
ki280jo_0,"So in other words, there is no reason for you to serve. Take your PES F and move on with life.",0.8322927951812744,0.8222578763961792,uncommitted,neutral
m6vlb6t_0,i see. think your points are very valid.,0.8266453742980957,0.8266453742980957,neutral,neutral
kd0stlh_0,I’m not sure if you have served but then I would say many that has served would agree with me when I say this. I disliked the army when I joined and when I left I felt like I became a lot different as compared to when I enlisted.,0.8264091610908508,0.8264091610908508,neutral,supportive
hsmqusi_2,"I served finish NS, it wasnt that bad, but i got the lucky end of the stick honestly. And if you ask me, 2 years of your life is still something that i agree, is too much of a life taken away from any 18-20 year old kid in their prime.",0.8728846311569214,0.7798546552658081,neutral,critical
hongisq_1,I never enjoyed my NS or resevist. I was never one for regimentation or physical exertion.,0.8261210322380066,0.8261210322380066,uncommitted,critical
i0qoflg_1,NS has taken away from me what i love. So can bet my ass I'm going to be selfish about the things i care about.,0.8552945256233215,0.7967215776443481,uncommitted,critical
l8zetbn_0,"Hope you don't take it too offensive, but the grass is always greener on the other side. You might see the benefits of not being PES F, but hearing about the demerits =/= actually serving yourself.",0.8329050540924072,0.8174123764038086,neutral,neutral
icajy2y_1,"I repeat YOU DIDN'T. And you haven't put your life on the line for it either. So you can't go around parading thinking you're so brave just because you said ""I'll die for my country"".",0.8067704439163208,0.8426904082298279,neutral,neutral
jgh9wja_0,"That’s why, I’ve been helping my unit mates to get service injury declaration because idw to see them suffere the next 5-10 years down the road knowing i could have done smtg to make their life better",0.8237441778182983,0.8237441778182983,committed,neutral
f1dm4n3_0,"I actually loved my ns experience. I went from a suicidal depressed otaku to a competent athlete, from not being able to hold a proper conversation to being able to confidently present to a class of 200. I had my fair share of terrible and toxic superiors/nsf, but I'm very grateful.",0.823717474937439,0.823717474937439,committed,supportive
ibg7c26_0,"The transport subsidy should honestly be implemented given that we are not paid a living wage, jus help la we defend the country can’t even give us free public transport on the few days we book out meh",0.823708713054657,0.823708713054657,neutral,critical
ie4pyma_5,"Take it as you will, but I can confidently tell you that you will definitely regret your decision if you up your PES status. As a fellow brother, I hope you seek the right path.",0.8299590349197388,0.8173971176147461,uncommitted,neutral
ivif30f_0,Yessir,0.8224213123321533,0.8224213123321533,neutral,neutral
mn266c8_1,PR is a lot more now compared to them. My thinking is maybe simplistic but to have my son serve NS.....,0.8220295906066895,0.8220295906066895,uncommitted,critical
i0r0vct_6,2 years worth of time. My moments of growth.,0.8393815755844116,0.8038783669471741,committed,supportive
k9w96ms_1,"As long as you are okay with the consequence of never being able to come back Singapore in the future, just go ahead man. People are just salty that they are forced to serve NS while you can choose not to serve. "" U benefitted from being a PR so u must serve NS"" is some next level guilt trip.",0.8127757906913757,0.8292801380157471,uncommitted,neutral
i0tysa9_3,Just keep trying to find the positives man. Start looking at the little things in ur life and you begin to appreciate them more.,0.8454799056053162,0.7941024303436279,neutral,neutral
lxs7c4w_0,"Ill say this again: 1 Year, Both Genders. Half the time, Double the workforce.",0.819052517414093,0.819052517414093,neutral,critical
lrdpejx_1,"Last thing we need is more people getting dragged into this shitty inefficient system, so im glad they arent wasting their time here as well. If you dont like the fact that we have to serve ns, please vote wisely at the polls when you reach the voting age.",0.791771650314331,0.845623791217804,uncommitted,critical
iviub0p_0,There’s 2 types of people in ns. Ones who feel like shit maybe even till the point of depression but are willing to suck thumb and sit through the 2 years. Second kind those who seek medical help and either resolve the depression through medication or exemption Ie Pes f. To be honest during ns my de,0.7940809726715088,0.8432709574699402,uncommitted,critical
j3ppfag_1,Don't pay for shit anymore except for your stuff. If they ask you what happened give them the same reply they gave you when you found out Abt the insurance thing.,0.86677485704422,0.7700953483581543,neutral,neutral
quajr2_0,Some thoughts on the recent posts. Recently I've been seeing posts on PRs who are serving their NS who are not feeling good or don't feel like serving NS and don't want to come back to SG and renounce their PR.,0.8173989057540894,0.8173989057540894,uncommitted,neutral
e7ufvkh_2,"I do not believe in the notion of conscription for NS, and I do feel like it is time taken from my life. But well, without it.",0.7566295266151428,0.8767558336257935,uncommitted,critical
if2jcux_0,"That’s really up to you, to each his/ her own. If want to do it by all means take my place lol, wish I could easily transfer this responsibility to you",0.8166565299034119,0.8166565299034119,uncommitted,neutral
iepsihd_0,Ok but you’re not considering the fact that competent people can choose not to go OCS because they have 9 months of better things to do such as applying for top unis or increasing net worth….,0.8091771006584167,0.8238245844841003,uncommitted,neutral
j2q7qbl_3,"If we are treated better I think it's a diff story. Army is supposed to be tough and it's necessary but we could honesty do without poverty wage, poor treatment, unnecessary abuse from commanders and retarded Sops.",0.7917698621749878,0.8403476476669312,neutral,critical
i0qoflg_3,"Assertive and knowing what i value. This country means shit to me, even more so after being forced to serve.",0.8103433847427368,0.8206226229667664,uncommitted,critical
hlv52gd_0,"Totally agree, why will I give 2 shit about army when I’m earning 700-1k a month. Monday- Friday in camp with the occasional weekend duty.",0.8194884061813354,0.8108137249946594,uncommitted,critical
i0q5fyc_0,x fucking d,0.8383046388626099,0.7916587591171265,neutral,neutral
i18u19b_0,this is my own opinion but i think i speak for quite a lot of people here. i dont give a fuck about singapore.,0.7712379693984985,0.8584822416305542,uncommitted,neutral
jgi463l_4,"Idm if you put your wellbeing above others, its the way of life. At least dont fucking act so righteous.",0.8147867321968079,0.8147867321968079,neutral,neutral
gyy1dcd_3,"No one in thw right mind wld ever perform their national service duties willingly , those who are so patriotic are prolly indoctrinated and dellusional that we have the best army in the world, we are literally like ants in the military , not only did we not choose this , we are being made to pay. An",0.8079418540000916,0.8208248019218445,uncommitted,critical
jnmkt4o_0,"Looking at both aspects in the big picture, they collectively make one a wiser individual, with a more nuanced/balanced view of how things work in the real world, so all in all, I learnt a lot, and am happier for it. Life is what you make of it - so I don’t see much point harboring hatred/resentment",0.814232349395752,0.814232349395752,committed,supportive
k2z5i3g_0,"As a 3SG who is going to ORD very soon, nothing wrong with man mode. I've met men who were useless and men who were very good with their work.",0.8140596151351929,0.8140596151351929,neutral,neutral
ibyxslf_0,"Our government is really far from perfect esp when it comes to issues like gender equality and NS. I’m currently serving my 6th month in NS, and I agree our “allowance” is not even enough to be salary.",0.8140178918838501,0.8140178918838501,neutral,critical
gvahihi_9,"Can see that there was a clear divide between the man and commanders, even between NSF sgts and man. Thus what i hated wasn't NS itself, but the over inflated egos of both the regular and NSF commanders whose life probably peaked during NS, and the toxic environment of having to always watch your ba",0.8048112392425537,0.8226011395454407,neutral,critical
lay12tn_0,"Honestly I used to be very against NS and even considering fleeing country to not serve. But now that Im 3/4 done, it actually good time to develop soft skills, learn how to deal with crappy, unqualified and inefficient middle management and if you get to experience scs/ocs you get to learn how deal",0.7920037508010864,0.8350764513015747,committed,supportive
ms9161c_0,Money and leave is shallow compensation for a deep rooted problem. Issue here is 2 years of time + reservist carries a heavy value that cannot be compensated for with money.,0.8132468461990356,0.8132468461990356,uncommitted,critical
ibyxslf_3,"When they disappear from your sight, all of your this shit pops out. I had had enough of that and I’m glad it’s reduced a lot in my new vocation.",0.8131222724914551,0.8131222724914551,neutral,neutral
m5nn7m8_0,"NS was tiring and soul-sucking, but it did mature me quite a bit. I was posted to Infantry as well, so the same stuff you would probably go through as well OP.",0.8183788657188416,0.8069062232971191,neutral,supportive
f9tfvzm_0,NSMen are treated like shit and people who serve 12 years just want it to be improve. I don't think I ever 'enjoy my fruits of labor' like politician say.,0.8375732898712158,0.7875881195068359,uncommitted,critical
izr1i4z_1,"That should erode trust in our system enough to make it a lot less meaningful. And then hopefully, it’ll bring about some changes. Imo, NS is not sustainable for the long run, especially with our declining birth rates.",0.8247585892677307,0.798875093460083,neutral,critical
k2z4i19_0,What the guy said ^,0.8116459846496582,0.8116459846496582,neutral,neutral
jvpgtdn_2,"Only silver lining was when I posted out several months later did i meet new people/superiors who were kind, if not understanding of my plight. This made my last year of NS bearable until ORD. A whole world of difference from my previous unit.",0.8115267753601074,0.8115267753601074,neutral,neutral
f1dd7vv_0,"I'm semi-bitter about the experience, but in the grand scheme, it did teach me that even through the lowest of lows I kept going on. It also really taught me not to let others dictate how I perceived myself - cause of that I went onto doing so much more with my life since that I would have never eve",0.8069697022438049,0.8160109519958496,neutral,supportive
mseduvo_1,"End of the day guys, just suck it up and go through NS. It is really not a big deal and it really don't take much of your life.",0.7922072410583496,0.8303669095039368,committed,neutral
hlv579t_0,Why will I give 2 shit about army when I’m earning 700-1k a month. Monday- Friday in camp with the occasional weekend duty.,0.8155600428581238,0.8064696192741394,uncommitted,critical
jx0cbx9_2,"so no time wasted for them. these group of people can just come and earn our education cert and job money and have that 2 years headstart while we sg males are being held back 2 years behind to do all the NS saikang. we r not just 2 years behind girls of our age, we r also 2 years behind all these f",0.8106522560119629,0.8106522560119629,uncommitted,critical
m6upac2_3,4. Again.. can learn over time don’t worry.,0.8216065168380737,0.7987504005432129,neutral,neutral
hoqdcwv_0,"Pls don't equate serving a scholarship bond (fully paid at commercial salaries) with serving national service (low pay). Also, why only PSC and not other stat board scholarships? Your DSTA/MOE/A-STAR scholars don't have the same privilege of deferring",0.8101739883422852,0.8101739883422852,neutral,critical
ljdntyx_0,"Reservist is max 2 weeks iirc. Don’t see a point of PES F if you only do this for ten years. If you were still an NSF then that would be a different question, but after ORD no point imo",0.8100049495697021,0.8100049495697021,neutral,neutral
j1badvp_0,"No man, I'm going all the way. Asking for equal treatment isn't too much. I don't settle with unequal treatment be it from person, company or country. Why give the stupid country an exception.",0.8099231123924255,0.8099231123924255,neutral,critical
g01n8tl_1,Theres nobody stopping you from reading up or studying for uni in your free time just like how theres nobody stopping you from sleeping and watching netflix. The free time you get is yours to spend and its a privilege that those in more hectic and physically demanding vocations dont have.,0.8089226484298706,0.8089226484298706,neutral,neutral
ibgct4h_2,"At first glance the movement seems virtuous and good, but after a long time of supporting the rhetoric and seeing the disastrous results (for example, diversity hires), I let go. I do agree with the government's stance on the matter of NS.",0.8082558512687683,0.8082558512687683,committed,supportive
g6nb775_0,"if you think that having to spend 2 years getting screamed at, being paid peanuts, and then ""graduating"" with a useless plaque and paper is not disadvantageous to any singaporean male's career progression then you are delusional. not to mention we even have ICT/reservist commitments.",0.872381329536438,0.7432926297187805,uncommitted,critical
lx3z2xu_0,"And while we protect them, they are 2 years ahead of us and our (oftentimes foreign) bosses think our reservist is a burden and indirectly fucks us over in terms of career progression…",0.8550064563751221,0.7598559856414795,uncommitted,critical
kvlma1e_0,"As a girl, just wanna say that it’s not like we sit there floating over the guys having to serve NS. I was worried for my bro when he was in NS, and my bf when he went reservist.",0.7904331684112549,0.8241164684295654,neutral,neutral
i4cswio_0,"I'm a PR, born here, lived here for 9 years, moved back to home country, moved back just for this. And at where I am, I just take NS as a different learning experience as I can't learn things like this back in my home country.",0.8071779012680054,0.8071779012680054,committed,supportive
k2z5b1d_0,Went to a specialist course and regretted it like crazy not just opting to be a man. Just man mode and do something useful with the extra free time,0.8068092465400696,0.8068092465400696,uncommitted,neutral
ksnwn2o_0,I was a 2nd gen pr and had to serve like so many 2nd gen PRs,0.8066554665565491,0.8066554665565491,neutral,neutral
hlwc7z2_0,I don't feel the SAFtreated me like shit during my 2 years. In fact I feel they treated me quite fairly and decently.,0.8065447211265564,0.8065447211265564,neutral,supportive
lohq6dw_1,"You know what I could have done with those 2 years I had lost, rather than me rotting down in here, having to suffer under a screwed up organisation with no brainer enciks and all? Lets say if you really want to serve (I salute you), note that up pes is VERY HARD, especially from pes f. SAF might no",0.806166410446167,0.806166410446167,uncommitted,critical
gywv58s_8,"For the first time ever I’ve had to seek psychological services to deal with my declining mental health as I cope with being in a mono infantry unit without close friends and without a purpose (I no longer want to live in Singapore and probably won’t visit in the future due to my NS experience). So,",0.7754144072532654,0.834644079208374,uncommitted,critical
i0lpy16_5,"Making use of your time in NS doesn’t make NS valuable. It makes your time in a shitty situation valuable but not the shitty situation valuable, You understand?",0.8731967210769653,0.7367323637008667,uncommitted,critical
kf9v41c_1,"You do not count the cost of training, equipment, lodging, food, and medical coverage. You think NS is a job.",0.8220357894897461,0.7865346670150757,neutral,supportive
kd0stlh_4,"Do you not see prehistoric ages processes in ur own life that you can’t control? Army is not very different from working outside in society and I don’t see why it shld be seen as something that people suffer to go through when in our day and age, people are suffering at their jobs too.",0.8038877248764038,0.8038877248764038,neutral,critical
gqwgbf7_1,"I daresay some Singaporeans are willing to trade off lower GDP growth for more sustainable and measured development, with the benefits of globalization distributed more equitably rather than just lining the pockets of politicians and foreign expats. Social tensions and pressure have been rising and ",0.8034521341323853,0.8034521341323853,neutral,critical
inbn3cf_1,"Lastly, this is kinda negative but I just can't view the Singaporean society the same way again. I used to think very high of our ppl, but after enlisting and seeing how members of public don't quite appreciate us much disappoints me.",0.8228735327720642,0.7839370369911194,neutral,neutral
nswkhep_0,"More like bad memories, see the worst of people, realise what does it mean to be working in a toxic environment.",0.8031179904937744,0.8031179904937744,neutral,critical
n1f9rwk_3,"However, as I said, majority Singaporeans jst want to serve and fk off as we are being FORCED. We have an outside life too and we are still at the age where we are suppose to enjoy life, not be forced soldier and get so many mental illnesses due to NS.",0.8282366991043091,0.7773578763008118,uncommitted,critical
lwvwotm_0,Not much you can do man. Either serve or never stop foot in singapore.,0.8260948061943054,0.7794733047485352,uncommitted,neutral
d51av75_0,What one has to realise at the end of the day about Singapore is this: Singapore doesn't owe you anything. I recall back in university we had an entire class discussion if we Singapore can even rightfully called a country. It makes sense after awhile and I've begun to see even concerned expats at th,0.8025336861610413,0.8025336861610413,neutral,neutral
jvogo99_1,10 years reservist? Fuck off please,0.7597774863243103,0.8451144695281982,uncommitted,neutral
mbeqscs_0,Np,0.8018738031387329,0.8018738031387329,neutral,neutral
ipyr5sv_0,Tell your friends you are looking for new friends. Don’t listen to those morons.,0.8005895614624023,0.8005895614624023,neutral,neutral
i19ctap_0,"""You serve NS now to protect the kids, and the kids grow up to protect yours."" Once I heard this saying and it completely changed how I viewed NS.",0.8022268414497375,0.7975205183029175,committed,supportive
k2zeyh6_0,Please don’t become a ‘man’ just because you want to slack. That’s insulting to all the other ‘men’ who sacrifice to serve esp as combatants. Being ‘men’ does not equal less dedication or being a bad soldier.,0.7998296618461609,0.7998296618461609,committed,supportive
h8x3haa_1,I would rather be studying for uni or earning money outside but yet im stuck here having to tip toe around and appease my superiors. We have come a long way and i’ll acknowledge that our predecessors had it worse with the pay and ill-treatment but there is still a long long way to go.,0.8273007869720459,0.7711852192878723,uncommitted,critical
izvuf03_0,"i agree that the ns system is shit, but ur point was to completely abolish it, i would be happy serving ns if it was 6months to even a year, fair pay and benefits",0.8041945695877075,0.7933400869369507,neutral,critical
divrb5e_0,"I am selfish for the fact that I served my NS and reservist, but when I am old there will be nobody male or female to protect the country I am in. sorry for giving a fuck about the country, I'll close the door on my way out.",0.7709365487098694,0.825916588306427,committed,supportive
lohm44p_0,Yes bro I support you. This shit will be on my mind till my deathbed if I had known that i never completed my NS and pes F for life…,0.7981711626052856,0.7981711626052856,neutral,supportive
k33498t_1,"After the 2 month mark, i realised that even if i liked it or not, i'm stuck here. Unless i want to go through an arduous process of pretending to be suicidal and getting PES F but still having to serve.",0.797754168510437,0.797754168510437,uncommitted,neutral
j8o6tmx_2,"everyone just wish army can fuck off from us and not harass our life. to ordinary citizens like me, the purpose of me serving army is to ORD and nothing more than that.",0.7977367043495178,0.7977367043495178,uncommitted,critical
i0pm923_3,"I did learn stuff on my own, but thats from me using learnet and what not to go learn stuff in my free time, not because army taught me shit. All army did was make my 1 week investing course 2 months long.",0.8467158079147339,0.7479583024978638,uncommitted,critical
k02tm27_2,"If Singapore wants the birthrate to go down, they can continue to turn a blind eye to such acts. Once you go out to the working world and see all those FT who did not have to serve NS and still earning a lot and being able to return to their countries as rich people, you will wonder why you had to g",0.8280321955680847,0.7658040523529053,neutral,critical
nv6vzpz_2,"I already have my uni and work life set up ahead of me with a bonded scholarship so I’m enjoying the time I have now to get fit, make friends, and pick up new skills. NS isn’t a waste of time, some people just waste their time in NS",0.7965115904808044,0.7965115904808044,committed,supportive
nmbu5p4_2,"Suddenly, i dont see things negatively and discussed openly my views and needs with my Sgt and bunk mates on what we are supposed to do for NS and why. My NSF life henceforth started to be less painful than fighting with everyone.",0.7481081485748291,0.8442835211753845,committed,supportive
kf97rkj_0,"You can mandate it by law, but you can also compensate our men fairly, I already told you why they don't do so, because it is cheap labour",0.8168628215789795,0.7751984596252441,neutral,critical
gupafpm_0,You dont need to serve NS but you can enjoy the benefits of our NSFs and NSmen keeping the country safe from invasions 🙂,0.8050722479820251,0.7863296866416931,neutral,critical
k2ererz_0,still below average pay,0.7955670356750488,0.7955670356750488,neutral,critical
lx8juhm_0,"I am of the opinion that NS is necessary, whether or not it needs to be 2 years + 10 cycles of reservist is the million dollar question (to me).",0.7867121696472168,0.8039175868034363,committed,supportive
4h4ssw_1,"From my time here, most of the news articles in /r/Singapore (and by extension, mainstream and alternative media) paints a very bleak outlook of Singapore in general, due to problems that are not seen on surface level, for instance: healthcare issues, the transgender reservist and in the university ",0.7948006391525269,0.7948006391525269,neutral,critical
latqzvm_1,"If everyone have your defeatist mindset, singapore WILL be seen as weak and WILL be pushed around and less respected alot more. Just look at how other people view our millitary; the amount of documentaries and youtube video that reveres our defence force and the world leaders that respects our milli",0.8080145120620728,0.7811634540557861,neutral,supportive
k2z26d6_0,i think man mode is good enough just be good enough to get corporal rank by 2nd yr i guess.,0.7937209606170654,0.7937209606170654,neutral,neutral
djaivkn_0,"Nobody in the right frame of mind would volunteer to serve NS if it wasn't an obligation. Not forgetting the 10 years of reservist cycles after completion of NS, that might be worst than NS itself.",0.8087750673294067,0.7780995965003967,uncommitted,critical
k304txw_0,"Just ORDed recently and there's nothing wrong to man mode for 2 years. Just don't be a selfish asshole that doesn't bother to help out and siam everything
U can put in a bit more effort when there's manpower shortage or there's just some more work to be done as long as u have other people to cover y",0.7934002876281738,0.7934002876281738,neutral,neutral
ipyr5sv_1,"There is a reason you were put into PES C by the doctors. Your friends are not doctors. You up PES and something happens to you, your friends are not going to take care of you.",0.7931582927703857,0.7931582927703857,neutral,neutral
i3grnyc_1,"Even though NS is just 2 years, we have heard stories of servicemen sustaining life long injuries and even dying during training cus they didnt wanna sound off when they were unwell. No matter what SAF preaches, your safety and well being is still your own responsibility.",0.8243517875671387,0.7613129019737244,neutral,critical
ki2fofo_0,don’t siao bruh i’m pes f too. do not go i repeat DO NOT GO. done forget there is reservist you get to skip too and also speed up your career by 2 years,0.7928310632705688,0.7928310632705688,uncommitted,neutral
lx8whf1_0,"IMO, under the shield of conscription, the Govt has underpaid generations of male Singaporeans for their 2+10 years of sacrifice and they top that off with a lot of lip service and gaslighting about how we should be grateful for it. I feel like there's a huge gap between reality and fair (financial ",0.8370665907859802,0.7475217580795288,neutral,critical
kcz0ov6_0,"should enlist those people that support NS and would encourage on the spot, then i don't need to serve alr ✌️",0.7920417189598083,0.7920417189598083,uncommitted,neutral
izr98em_0,I think we all accept NS is necessary. What we want is better compensation and benefits.,0.8074747920036316,0.7758896350860596,neutral,supportive
evbhwau_0,"Most people say NS is a good idea because they themselves dont need to give up those years of their life (and Reservist) for it. NSFs cant even vote, FFS.",0.807892918586731,0.7745364904403687,uncommitted,critical
fjxwm1q_1,"End of the day, you serve your 2 years and fuck off to the civilian world as a civilian from ground 0. If it’s anything, it taught me how to bypass systems and be resourceful when you need to in order to survive.",0.8128272294998169,0.7685407400131226,uncommitted,critical
m6v2vft_0,makes sense. will keep in mind ! thanks.,0.7904158234596252,0.7904158234596252,neutral,neutral
lwq01gv_0,"I understand from your POV, I shouldn't use NS as an excuse for all these. Just gotta suck thumb and cope, which is what I'm trying to do ah, but it just very difficult for me due to my own mindset.",0.7645832300186157,0.8156459331512451,uncommitted,neutral
cy1abo0_1,"Secondly, if NS ""isn't that bad"" and you should just ""man up and do it"" as you espouse, let's just imagine what would happen if NS was made voluntary. The number of conscripts would drop drastically right?",0.7898719310760498,0.7898719310760498,neutral,neutral
1eyjqrr_1,"To keep things short, I hated NS a lot, had mental health issues. Can I PES F now to avoid reservist entirely?",0.7897131443023682,0.7897131443023682,uncommitted,critical
ihxmsu8_0,"Well, minister said it.",0.7650246620178223,0.8135204315185547,neutral,neutral
mjm4q7r_0,"Well, who doesn't want what u mention? Who wants to live in HDB flat, take public transport and be fucked by rich people? Sometimes what singapore need is a war, dude feels he is not appreciated serving NS, during wartime he will be worshipped like GOD.",0.7540526390075684,0.8205134272575378,neutral,neutral
ikrp7th_0,"MP only got one, NSF how many? could you imagine the national budget by just upping every NSF's pay by $10?",0.7572653293609619,0.8170333504676819,neutral,neutral
ksqafpt_0,"NS is pretty bad tbh, especially if you aren’t part of csscom(support side of the army) there’s a ton of restrictions & rules that if you even bend slightly some encik or sir with a stick up his ass will complain to your unit and it will fck you over",0.7594725489616394,0.8131163716316223,neutral,critical
k2z25a4_0,Any reason you say so? I just want to hear as many opinions as I can.,0.7862271666526794,0.7862271666526794,neutral,neutral
hdq25p6_0,NSFs are literally there against their will to be paid peanuts to defend a country they did not choose to be born in. The very least the government can do is pay a DECENT working wage for NSFs.,0.7620487809181213,0.8082137107849121,uncommitted,critical
gy6sqbh_0,"Its not wrong to be selfish detest army or have a shit attitude, but its wrong to expect special treatment just because you ownself deem ownself deserving of more privilege. &gt;Any army that treats its fighting men (the real asset of an army) like trash has failed in its foremost duty to maintain a",0.8003451824188232,0.7699057459831238,uncommitted,critical
l10u63e_0,"I think first and foremost, need to EMBRACE and ACCEPT the fact that you are in NS. It will indeed be a waste of time and it is true you could be other things.",0.7322968244552612,0.8375040888786316,uncommitted,critical
j2cjtym_0,Singapore is really getting not what it used to be. So many form of control but no love and concern for their citizens. Clearly explains why so many prefer to head overseas for greener pastures.,0.7848336696624756,0.7848336696624756,uncommitted,critical
hvw1bph_2,Idk about you but for me it was a constant battle in my head about what the point of all this is. It takes a very heavy mental toll on the person regardless of what vocation it is.,0.8053300380706787,0.7633532285690308,uncommitted,neutral
lt93ml7_0,I agree with u as our benefits and welfare cannot be compared to students despite sacrificing 2 yrs of our live to SG by serving NS,0.7836814522743225,0.7836814522743225,neutral,critical
fnhjzi4_0,"i mean, if you want to come back, you have to serve what",0.7835682034492493,0.7835682034492493,neutral,neutral
k2hoafb_1,I may not be able to get it but at least I hope the next generation gets it. The little bit of money help but it's not enough. My pay during ns is barely enough to cover daily expenses can't really build up a big nest egg.,0.7831907868385315,0.7831907868385315,neutral,critical
lda6heu_1,"Anyway, a military career may not be suitable for you… it’s not a just-a-job. Maybe you can spend time during your NS to figure out life a little more, learn more about yourself…",0.7735506892204285,0.7917908430099487,neutral,neutral
nuudkw7_0,"For what it's worth, despite the army being an inefficient organisation run by illogical people, I'd say it's worth it. I ORD-ed, work for a piece of shit company that doesn't take care of its own employee, then contacted my recruiter after working outside for a while. Now I get to have a stable inc",0.738678514957428,0.8262510299682617,committed,supportive
cyct7xo_1,"As stated here, make the most of your life. Unfortunately that involves chao keng.",0.8272627592086792,0.737596869468689,uncommitted,neutral
e1ubvbg_3,"* **5)** ""How would removing NS totally benefit our current situation?"" For the lack of a better argument, at least citizens won't be living every single day in depression wanting to die when all this conscription nonsense does is create a sense of false hope that we even have a speck of a fighting ",0.7818118333816528,0.7818118333816528,uncommitted,critical
nomnen3_0,"Yeah I’m aware of even that one haha, planning to try for a part time degree or if I do well enough get army sponsor. Probably going to go for the part time though",0.8270465135574341,0.7357918620109558,neutral,neutral
n38wtqy_0,Haha you can’t. You’re not pes F after all,0.7809015512466431,0.7809015512466431,neutral,neutral
k2fg4j6_0,But they do deserve a reward bro.,0.7805682420730591,0.7805682420730591,neutral,neutral
jb4wbre_0,Singaporeans have become so brainwashed that 2 year conscription is vital to our survival that few even think to question it.,0.7802876234054565,0.7802876234054565,uncommitted,critical
huf8k0y_3,"In fact they will be happy if you PES F because you won’t need to go back for reservist. But of course, your health is the most important. Seek treatment first then think about all these things.",0.7797436118125916,0.7797436118125916,neutral,neutral
k2fh6h4_0,chill.,0.7796849608421326,0.7796849608421326,neutral,neutral
kd0s9vd_0,Why tho? You want the next generation to go through the same pain that you went thru?,0.779541015625,0.779541015625,uncommitted,neutral
ikwtigh_0,"Or, maybe, just maybe, allocating 2% of the national budget to NSFs' pay instead of 1%. :D",0.7562510967254639,0.8026119470596313,neutral,neutral
jgjumui_0,Feel free to dc but not to the point where it comes at the expense of fellow NSF colleagues who also just want to get shit done and over with.,0.7792689800262451,0.7792689800262451,uncommitted,neutral
nlsb3kg_0,It’s not just 2 years my boy. It’s the 10 cycles of reservist and ippts.,0.7782876491546631,0.7782876491546631,neutral,neutral
fngu08z_0,"If you plan to not serve, just make sure you never step foot into Singapore.",0.7778221368789673,0.7778221368789673,neutral,neutral
j8xdtr4_0,"wasn't entertaining nor was it informative. the recruits and commanders behaved like NPCs, the information they gave barely scratched the surface of what shit in NS is actually about.",0.7771978974342346,0.7771978974342346,neutral,critical
hi2pl27_0,"Where do I begin...

The biggest problem with Singapore is that it's a dystopian society on steroids. Everything is controlled, regimented, insane government policies are normalized (e.g. NS, CPF, COE, GRC, HDB, Women's Charter, list goes on...), human beings are trained **from birth** to become hig",0.776853621006012,0.776853621006012,neutral,critical
c823lv6_0,I hate how many Singaporean guys try to over emphasize the importance of having served national service in order to consider others as one of us. As if serving for 2 years somehow solidifies your status as a true Singaporean.,0.7763181328773499,0.7763181328773499,neutral,critical
lxl7os0_1,How else would you guys want appreciation to be shown? Maybe should write to your MP make them do some work 😆,0.800955057144165,0.7490109205245972,neutral,neutral
dy5jl30_0,"Given that we're a first world country with mandatory national service, we're ridiculously regimental. We treat our NSFs like third world conscripts rather than actual *citizen soldiers*. And then we lap up the bullshit about Serving The Nation.",0.7941770553588867,0.7541113495826721,neutral,critical
dyhrcwb_1,NS is wayang. NO ONE deserves to die due to this shitshow.,0.7735016345977783,0.7735016345977783,uncommitted,critical
e38j9kv_0,"Other than maybe government policies, national service for males and cost of living there's very little in Singapore that would warrant leaving the country, so it's more of what the country lacks than what is wrong. The grass is always greener on the other side after all.",0.7725802659988403,0.7725802659988403,neutral,neutral
fzs44wb_7,"It sucks and it seems so shitty, but cherish it man. I would do anything to get just a few more months of slacking off in army.",0.7138500809669495,0.8312278985977173,uncommitted,supportive
e3vys4b_0,"I usually post over on r/military and make servicemembers from all over the world laugh at my stories of my time in the SAF, but I do lurk here and I've finally decided to comment

In secondary school (went to an atas one) I was your typical annoying, know-it-all edgelord like most of my friends. Us",0.772473156452179,0.772473156452179,neutral,neutral
ipz3t3b_2,"You will realise how far you can go if you keep pushing yourself. However, if you are PES C for serious reasons, I suggest you just stay in PES C, they don't just classify you as such for no reason.",0.7723984718322754,0.7723984718322754,neutral,neutral
fxi555h_6,"If anyone out there is thinking about upping pes, please evaluate carefully if you’re really doing this to serve this country better, or you’re  just doing this for yourself and you want to look good. If it’s the latter, don’t, it’s not worth it and you’ll just hurt yourself. Don’t follow and be lik",0.8350993990898132,0.7087579965591431,uncommitted,neutral
ljvbv3f_0,"Most of us has been there, done that. No choice, we just have to serve our nation.",0.696440577507019,0.8469840288162231,uncommitted,neutral
i96xybf_0,what makes you think you can be a functioning member of society if you cant even function in NS lmao,0.7941642999649048,0.7481716871261597,neutral,neutral
jx0cbx9_4,"by the time war comes, these foreigner who earned rich enough money in our country can just fly back to their country safe and sound while we gotta risk our live staying back in sg to fight and lose our lives. this isn't really 'our' country tbh.",0.7711244821548462,0.7711244821548462,neutral,critical
nlsiaxr_0,"This circumstance is very easy to fix, it only takes a willingness from a certain organisation to stop treating nsmen like dogs and slave labourers. Sorry man, but if we just keep this mindset of relying on the kindness and mercy of superiors as the default and simply passing off stuff like this as ",0.7854485511779785,0.7564324736595154,neutral,critical
liol57t_5,"I never had any major mistakes, but these few people all would scold me because I was lazy. But I have completed what I was tasked to do?!",0.8006036281585693,0.7406931519508362,neutral,critical
ij32j2m_2,"The dirty jobs often are tasked to national servicemen. I don’t think this is the right way of using our service, which should be strictly limited to operations for national defence in the case of the military, like training for war or standing by to be activated for national emergencies.",0.7905979752540588,0.7504948377609253,neutral,critical
ha6a05m_0,"NSman here, ORD in 2017! It was pretty crap for me because I was sent to a unit where I was not trained to do what my men did.",0.7914710640907288,0.7485647797584534,neutral,critical
j40zca3_0,Mindef: TLDR,0.7696631550788879,0.7696631550788879,neutral,neutral
n0cwgty_0,Still liable for reservists but rarely get called up.,0.7694897055625916,0.7694897055625916,neutral,neutral
ci2nqtr_2,"Maybe cause I'm the sort to take things in stride so I guess all the yelling and unessecary punishments during the initial stages was a good character building process, and did not affect me mentally. I do agree that it takes 2 years of your time that could've been better used, and the allowance is ",0.7987866401672363,0.7388318777084351,neutral,critical
fxi555h_3,Back in school I was always a student leader so naturally I thought I deserved to become a leader in NS as well. There were multiple opportunities for me to realise that this wasn’t the case and my desires for external validation was so incredibly dumb but I chose to disregard all these.,0.8208010792732239,0.7166309356689453,neutral,neutral
kf8zumh_10,Be clear yeah? NS is for defence. Don't lose the plot again.,0.7954773902893066,0.7413773536682129,neutral,neutral
latggij_0,"don't wanna be pointing fingers but imo it has a lot to do with the ""I suffered so you must too"" mindset of the old generation, especially when they see that NS is actually get much easier and lenient over the years, they are jaded that they got their two years wasted and don't think new generations",0.7679198384284973,0.768904983997345,neutral,neutral
jx0fxw5_5,"end up sg govt is just fighting a losing war. i, for sure, will desert or defect to enemy. no way on earth i am going to fight for sg govt.",0.7854011058807373,0.7506605386734009,uncommitted,critical
ei4t4fn_0,"fellow pes f here. your mental history aside, pes f means you won't need to do reservist, which employers really love.",0.7677541971206665,0.7677541971206665,neutral,neutral
ipyoexg_0,"ahhh thanks a lot! my friends been pressuring me “bro go appeal pes bp”,, ngl i was tempted but now im just reevaluating 😮‍💨",0.7668805718421936,0.7668805718421936,neutral,neutral
nc4ez93_0,"NS is a shitty experience when you get paired with toxic batchmates and commanders who are more interested in exerting what little power they over their conscripts but for those who are unsure of what they want to do and have the financial means to at least survive on the NS allowance, it can be a g",0.7827170491218567,0.7501079440116882,neutral,neutral
dj8rias_0,"Hello

You are not the only one who had to make 'sacrifices', sacrifices that are actually just inconveniences 

Try and toughen up a bit, conscription will help with that",0.7241042852401733,0.8077000379562378,neutral,supportive
n7e7ye8_0,"Hearsays, after 2yr taking Pes F might call you for another round of medical check up. If recovery might send you again to do the rest of your time for NS. Don't take my words for it.",0.7657321691513062,0.7657321691513062,neutral,neutral
k2ffv5a_0,Ok lor then don’t take the money. Don’t say the govt never offer you ah. Ungrateful ass.,0.7653990983963013,0.7653990983963013,neutral,supportive
j412jwt_0,Your mistake there was putting in your best. Mindef don't give a fuck so long as you don't die,0.7644378542900085,0.7644378542900085,uncommitted,critical
nlsriox_0,I look forward to reservist every year because I just turn off my brains for 3 weeks and receive my pay. Cuz it's like 1/10th of the demand of my regular job lmaoooo.,0.7642934322357178,0.7642934322357178,uncommitted,neutral
ga98pey_0,"Now I will say that you are right about there being logical benefit to NS, which I won't reiterate here. I believe, however, from a moral standpoint that conscription is an immense wrong no matter how one tries to sugarcoat or reform it.",0.7635881304740906,0.7635881304740906,neutral,critical
134rjn4_0,What is the reason that NS pay is so low?,0.7187022566795349,0.8076923489570618,neutral,critical
ik7w0d2_1,Some think women are too weak to be doing NS. Some do not care anymore since they have ORD or MR.,0.7634808421134949,0.7624303698539734,neutral,neutral
f9t1vc8_0,"Eh, whats the difference between not having an effective army and an unwilling conscript one...? Like both are equally shit though..",0.7512560486793518,0.7742012739181519,neutral,critical
n0d2rbr_1,"I think it’s important to acknowledge OP’s points on fairness and manpower during critical events in NS. As much as you’d like to defend retaking A levels, it’s not a right to do so during NS, but leadership respecting that your life is more important than the small contribution to making ATEC work ",0.8411973118782043,0.6830713152885437,neutral,neutral
gm4dqm6_0,"I mean a good number probably went into medicine for the money and the prospects, not to be discharging their reservist duties attending to poor fucks like us for dirt cheap",0.7084290981292725,0.8149819374084473,neutral,critical
gyt995e_0,"You gotta be kidding me...

Wtf?",0.7037358283996582,0.8195892572402954,neutral,neutral
mki0mcf_0,"you are focusing your efforts on the wrong area, while you can try to fix society to make you feel less shitty doing NS, that is unlikely. I rather you fix the mentality part, at least that's more actionable and will help you. fix what you can fix, no point focusing on and spending all your energy o",0.7528796195983887,0.7697666883468628,neutral,neutral
fzq1295_0,NS somehow make us lag of two years then other ppl who dun serve. But I would sae NS also teach u how to work with ppl and deal with ppl or suck thumb and make realise that we need to cherish the freedom we have.,0.753401517868042,0.766941249370575,neutral,neutral
fag3rg4_0,the idea of NS is retarded. The state should not forcibly compel citizens to give up 2 years of their lives to serve national service. Unfortunately people have bought into the hogwash that we might be at war someday so they happily go and serve NS.,0.7464494109153748,0.7735358476638794,uncommitted,critical
iq25p95_0,"ahhh i see,, thanks for the input 👍🏼",0.7595158219337463,0.7595158219337463,neutral,neutral
i0qfndy_0,"Alright i understand. I do have a thinking of going straight to IMH A&amp;E upon bookout as i find that my commanders and higher ups are unempathetic towards me, unlikely allowing me to go MO. (",0.7690919637680054,0.7497525215148926,neutral,neutral
k7ob30n_2,NS was a walk in the park in comparison. Enjoy it while it lasts.,0.758817195892334,0.758817195892334,committed,supportive
m8rf3zz_0,"Not too sure if OP is being satire or serious here, but to me, this is exactly how I feel NS has done to me. Many speak about the positive side of NS, but rarely.",0.7240180969238281,0.793595016002655,neutral,neutral
dnkmeg2_1,"I agree conscripts are paid peanuts and the system is flawed but scrapping conscription is not the solution. Can improve pay, improve training, upgrade equipment but can never fix unpatriotic fucks like you, I will never trust you to fight beside me as you said you would run away when the country is",0.7583556175231934,0.7583556175231934,committed,critical
ipyoabd_0,"Unless you want SAF to be a career, don’t bother. Take the luxuries of PES C and make the most of it.",0.7581799030303955,0.7581799030303955,uncommitted,neutral
k2er635_0,Unfortunately they’re being paid “normally” as this has already been covered in they’re vocational pay every month.,0.7579123973846436,0.7579123973846436,neutral,neutral
izok7id_0,national slavery,0.7576749920845032,0.7576749920845032,uncommitted,critical
izok7xe_0,national slavery,0.7576749920845032,0.7576749920845032,uncommitted,critical
nv72bz2_0,"Always better to be prepared. Singapore so small if anything happens the Singapore we know could literally change. Just do what you can, at the end of the day nobody wants to waste their 2 years...",0.742186427116394,0.772162139415741,committed,supportive
fsxakfj_0,"Realised that no matter how much effort you put in, it won't be enough. So I decided to take it easy and just stop trying.",0.7567952871322632,0.7567952871322632,uncommitted,neutral
nlxl9br_1,"learn mental resilience from having to crawl through the mud in the rain, carry stupid heavy packs for route march etc and at least you have fun stories you can bond with other guys with, siam again and you have no real experiences except staying in bunk playing with phone, oh no i wasted 2 years of",0.751998782157898,0.7602007389068604,neutral,supportive
nltmvtl_0,Didn’t go through NS but back when my ex was in NS it helped him learn how to chao keng and be irresponsible.,0.7558843493461609,0.7547810077667236,uncommitted,neutral
fyjxpi0_0,"Most of us went through NS differently, perhaps what you need to do is a change in viewpoint to see that either you use NS as an elite timewaster programme for TeH gAhMeN to use c h e a p labour via its citizenry, or you train up and get into the best vocations you can qualify and enjoy your time. I",0.7726353406906128,0.7375198602676392,neutral,neutral
ivx0czl_11,"Anyway, I know that there are a ton of negative feelings about NS. Like how we are sending our own male citizens to protect the foreign investments and workforce our country has been relying on.",0.7548313140869141,0.7548313140869141,neutral,critical
lzqbkxy_0,"The issue some of us have isn't that we have to do NS, it's with the treatment. Yes, a small country like us needs people to protect it and I get why I have to do it as a Singaporean.",0.7648810148239136,0.7438587546348572,committed,supportive
l4yx2gw_1,Why mindef say men with sg citizenship but havent set foot in sg since birth need to serve just cos their parents didnt renounce for them when they couldn't do it themselves at 11 yrs old? You think someone who has no memory of living here will be loyal enough to serve?,0.7542970776557922,0.7542970776557922,uncommitted,neutral
k2ekaer_0,Heyyyyy daz pretty guuuuud,0.7542216181755066,0.7542216181755066,neutral,neutral
1860k6v_0,"National service through your mouth: phrasebook for the saikang slaves. Okay so I've been seeing similar posts about experiencing National Service using your eyes, your ears (tinnitus), your nose (gedong premium chicken shit), head shoulders knees and toes.",0.7541091442108154,0.7541091442108154,uncommitted,critical
lqbqoag_3,"About time we sieve out those who are genuine about NSmen, and those who blindly preach NS while giving no f*cks about NSmen. Remember - the latter is a dangerous bunch of betrayers who will flee from danger at first sight while throwing NSmen under the bus. They are the ones who allow these chao ke",0.7585334181785583,0.7491926550865173,committed,supportive
gmpd5ev_1,"I don't think we should have NS, but if we have to we can afford to be much more lenient. The Koreans get threatened by the North every few weeks and they have men deferring their national service into their late 20s all the time.",0.7534452676773071,0.7534452676773071,uncommitted,critical
j412v4e_0,Would be ironic if it turned out that the only person who has served NS in there kena called back for reservist to chiongsua,0.7532632350921631,0.7532632350921631,neutral,neutral
jobsiog_0,"I don't think anyone would actually fight for SAF. You'd fight for your family or your loved ones, and for those who don't have that privilege then they'd fight for this small rock we call home. If there was a war, I will protect those I love but I definitely won't sacrifice myself just because my e",0.7531457543373108,0.7531457543373108,committed,supportive
g838xcx_0,2 years of slavery.,0.753031849861145,0.753031849861145,uncommitted,critical
htjh7wq_0,Hah? This is not a job where you can resign and apply elsewhere though,0.752464771270752,0.752464771270752,uncommitted,neutral
htkozmy_0,"You can't just change unit, this is not a job. You are given what you are given, and up to them to decide where you go.",0.7523248791694641,0.7523248791694641,neutral,neutral
i6bwegv_1,"Imagine thinking you actually have choices in NS as an enlistee…

My advice is really just embrace what you have (even though it’s not what you wanted), and try make the best out of it. Use the free time you have to learn a new skill, study/read, do or learn things you always wanted to. These 2 year",0.7243341207504272,0.7778486013412476,committed,supportive
kfy6hxd_8,"Whatever you want in life, go and get it. The biggest source of negativity in NS are idiots like you who like to compare how ""unfair"" your life is compared to others. The second biggest source of negativity in NS is how you think you are entitled to a better future because you served NS. Let me tell",0.6732842922210693,0.8277401924133301,neutral,supportive
lfxw6at_2,They’ll just train you up. The physical activities will probably be worse for you though.,0.7488032579421997,0.7488032579421997,neutral,neutral
e4uos0r_0,There is no other way to have a viable defence force without NS. Even then some of the premise for defence seems often like an exercise in giving the citizens something to do in case of conflict. I don't see us winning any wars.,0.7485135793685913,0.7485135793685913,neutral,supportive
ipyoyv0_0,First question - why do you want to appeal for your PES status?,0.747534453868866,0.747534453868866,neutral,neutral
cvltuje_0,"Not to mention the reservist until 40. Sure, you can avoid it if you're overseas, but not everyone can stay away forever. And those that aren't get jailed if they try.",0.747044563293457,0.747044563293457,uncommitted,neutral
gtk9z7x_1,"It's honestly difficult right now, I feel like I've given my superiors more trouble than benefits throughout my time there. They are a very kind group of enciks and sergeants who really look out for their cadets.",0.7796620726585388,0.7144205570220947,neutral,neutral
ho9jigs_5,just no dont listen to this comment. believe me what people hate the most even more than wayang kings and chaokeng kia are the snitches who go tell on their peers behind their backs.,0.5,0.5,neutral,neutral
ff1z9yd_0,"Its okay, some times in OCS, I used to have this mentality too. Like is it worth it?",0.5,0.5,uncommitted,neutral
gm4r7dj_0,"Just go for what you really want, but IMO it’s worth it as BMT is quite short anyway and you don’t lose anything really (most of your concerns are just about hair, which unless you’re an actor or model shouldn’t matter too much). Not a nice feeling to see everyone else higher rank than you, but in the end whatever you choose is fine",0.5,0.5,neutral,supportive
m8oeu8a_1,5sir? A lot of my peers are also planning to sign on or extending contract as well.,0.5,0.5,committed,supportive
dohe9s2_0,"to be precise, BMT, where u can only smoke 1ce a day

thanks, with gods help ill conquer this terrible affliction",0.5,0.5,neutral,neutral
nw5nfuq_0,"Since everyone has already gotten the positive stuff out of the way I'm gonna be the negative one just because I feel you should atleast be somewhat prepared for the worst case scenario (as someone in a similar boat who didn't have the best time)

Yes Singaporeans in general can be pretty kind but the same can be said for most countries, you should still expect the more than occasional closed minded or ""true blue"" mindset people, especially when dealing with some of the older regulars. And for those genuinely nice people, you will never be able to escape the ""amgmoh"" label no matter how hard you try (even after a year of telling people I'm Singapoean since birth and changing my accent to fit in, people still think I'm American just because my natural accent is/was Americanised)

Which brings me to my last point, sure it's good to pick up our culture and everything but please don't try changing your accent just to fit in/please the others because it really isn't worth it. The ones who don't accept us never will no matter how hard we try and you will regret it once you ORD (I miss my old accent and wish I never tried to change it because my English speaking is Lowkey horrendous now)

Ik this is all pretty negative but I don't want you to go in after seeing all the other nice comments and get disappointed like I was (especially since the international enlistment window has closed so you're likely getting thrown in the deep end with a 99% Singaporean JC batch)

If you have other questions feel free to PM me and I wish you the best going in",0.5,0.5,neutral,neutral
kegjr7z_0,I still keep it all even though I have AIA as well covering all that. I just want to make sure that it is still worth it to hold on to my MINDEF plans.,0.5,0.5,neutral,neutral
hlvvwki_0,"Just look at how medical personnel are being treated during the pandemic thus far, u think its really worth it to save this nation? Im srry but i agree that some deserve to die literally",0.5,0.5,uncommitted,critical
jo7amnj_4,See your SM. Ur SM nice then shiok if not jus ooc not worth it fck SM6.,0.5,0.5,uncommitted,critical
g8sf293_4,Bro its not worth it. Ive been there and was so close to going back bmt for pes fit after up pesing.,0.5,0.5,uncommitted,neutral
l70b1of_2,"Mind you, I'm not one of those smokers that 'die' if never smoke. Even during ns I didn't smoke until end of bmt phase cos stress and loads of outfield lol. Then after ns, I smoke occasionally but not everyday. I then realised why I smoke since I got no stress and all and then I 'officially' quit.",0.5,0.5,neutral,neutral
cyhi0vo_0,"What i missed
- That carefree unit life (was lucky to be posted to a live ops unit - we did very little) 
- That cookhouse food (I actually like it, don't understand why people go to canteen all the time)
- That PSP monster hunter and pro evo soccer
- That fit younger self that almost got gold for IPPT
- Army friends of mine 

What I don't miss
- That terrible BMT when I got ~40C fever and threw up 
- That bureaucracy and waste of time as a result
- That conformity forced upon you",0.5,0.5,uncommitted,critical
ktpcj8k_0,not worth it bro,0.5,0.5,uncommitted,neutral
e02wwec_1,"For the 1st year I pretty much slacked and kenged through BMT and unit life. The 2nd year I stopped trying to keng, went for course and got best in course, took over someone else's appointment during ATEC and in general just did what I was told with a bit extra here and there though never too much.",0.5,0.5,committed,neutral
liosi3x_0,Tbh before i do my statics i’ll smoke 2 sticks and have 1 redbull,0.5,0.5,neutral,neutral
iegoi1w_0,i still gt 1 whole month of leave n off haven clear. still got medical stuff. so acheli if my understudy faster cum i can ord mood 3-4mth in advance liao.,0.5,0.5,uncommitted,neutral
guo2bg0_0,"Some people might recommend going AWOL, which to me isn’t worth it especially since you have served so much anyway. If you leave the country, there is actually a record in the discipline system that your unit’s manpower clerk can access anytime (edit: i should mention that this includes going on overseas leave, and even extends to before you even enlist).",0.5,0.5,neutral,neutral
fdppil2_0,&gt; reservist was just basically a chalet and a waste of time. Exactly.,0.5,0.5,uncommitted,critical
d06qffz_0,"wah I enlisted in eagle in 2006 sia, don't remember already. I don't smoke leh, so the breaks didn't matter to me. and no canteen breaks and all was good coz I lost like 27kgs haha",0.5,0.5,neutral,neutral
mhgou8b_0,Depends. Waste time?,0.5,0.5,neutral,neutral
18xw9dt_0,Infantry officer worth it?. I’m an NSF currently in OCS pro-term for infantry.,0.5,0.5,neutral,neutral
hx9qui8_0,Already spend time and effort to go down still want to chao keng on fasting.,0.5,0.5,neutral,neutral
m5m4b44_0,Depends on unit but you either get to experience one of the worst living conditions you can get in sg or a microsociety to get a taste of working life. I learnt how to smoke my superiors and work which have been helping me quite a bit so far,0.5,0.5,uncommitted,critical
ij917aw_0,Wow I guess the difficulty to match really is worth it,0.5,0.5,neutral,neutral
jj6trxb_5,"Consider this:

How do you define waste of time? Do you have much more valuable and productive use of your time in other things?",0.5,0.5,neutral,neutral
cyevqmm_0,"Please, true chao keng masters would not even face the problem of having to complete any stations. Source: Got exempted from NAPFA before.",0.5,0.5,uncommitted,neutral
1kerzue_0,Boy don't i love NS in the big 2025 🥀🥀🥀,0.5,0.5,neutral,neutral
kf8ptk1_0,"2 years keng and you serve an additional 12 months according to what you typed, not 36 months. Like I told you, the majority does not serve asNS, so obviously they would continue voting in the current party.",0.5,0.5,uncommitted,neutral
hw1e6cl_0,Smoke at night lor,0.5,0.5,neutral,neutral
ls141gh_0,"The kind of unit literally keng also no point, might as well do a bit of work to make the long weekends mean smth",0.5,0.5,committed,neutral
jkda8s2_0,Brotherhood of the infantry,0.5,0.5,neutral,neutral
dvvsqvw_1,"So I won't complain about the regimentation (even tho it's fuking annoying). In fact, learning how to discipline myself to be on time, not chao keng in tough times, take ownership and responsibilities in things I do, are one of few things I gain from NS that I feel can bring to adulthood.",0.5,0.5,committed,supportive
hr1hu3v_0,I brought half carton but smoke finish lucky Sgt help the coy smokers to buy ahhaha,0.5,0.5,neutral,neutral
cqxvk8s_0,"I hate it when I get migraines on Mondays/after long weekends because I feel like people will think I'm trying to chao keng when the reality is that I'm basically curled up in pain all day, wondering what on earth did I do to deserve such horrible migraines.",0.5,0.5,neutral,neutral
l4qq6o9_0,Because at the end of the day it's still worth it to the country. Paying peanuts for trainers to train trainees to become trainers.,0.5,0.5,neutral,critical
ks7qev9_0,Less sian when u go unit but still will be sian. Just tahan,0.5,0.5,neutral,neutral
lpnp9gc_2,"Easiest way to make more money, Wayang your way to CFC. In all seriousness, nowadays pay quite high already.",0.5,0.5,neutral,neutral
np4ihrd_0,"Nothing wrong checking prices that's called savvy not cheapo. I went to Watsons saw 1 for 1 I oso check shopee n lazada, end up shopee cheaper by abit BUT min order 3. So just buy from Watsons. Nowadays all these ""expo"" , ""special"" at physical store sale all wayang one,  only consideration and reason to go is to see got what additional free gifts or if u urgently need it u can grab it asap and save on delivery fees.",0.5,0.5,neutral,neutral
ljzia1c_3,"Felt the same when I got my enlistment letter, maybe not so much FOMO but had a strong interest in military stuff and the chiongsua, even was planning to sign on if I liked it. Since I was already in I decided to take up the challenge to be a firefighter.",0.5,0.5,committed,supportive
kgdoo4h_0,"confinement, fieldcamp, dont worry bro it may be hard just tahan and it’ll be worth it",0.5,0.5,committed,supportive
lbtp1k1_1,"Short answer: no, it's not worth it

Long ass answer:

If you have a passion, it's fine to sign on. If you're in for the money, please don't cuz you will regret it.",0.5,0.5,uncommitted,neutral
teks05_8,I hate NS so much tbh how do I go on from here?. I enlisted in the first week of this year together with most of my friends.,0.5,0.5,uncommitted,critical
i9sq6uk_0,"as you said, its an allowance. you are not being paid to serve the nation. it is your duty to serve the nation for free. the allowance is so you can offset your expenses while serving the nation.",0.5,0.5,committed,supportive
i74fdjf_0,"want to keng, keng properly. get diagnosed via a psychiatrist. if money is an issue then do it aft you enlist.",0.5,0.5,uncommitted,neutral
m9c9ckr_4,All your points are nonsensical bullshit points. What friendship what brotherhood.,0.5,0.5,neutral,neutral
imhh5if_0,"Yeah, I feel like the only reason people have a problem with it is because what schooling did to serve Singapore actually benefited him, which just shows what people actually think NS should be (and in most cases is). A complete waste of 2 years that you should get nothing out of in service of your country.",0.5,0.5,uncommitted,critical
kcm81jl_0,"Last week of BMT, I just spam buy at least :

- Small : x5 set of 5
- Medium : x8 set of 5
- Large : x4 set of 5

At Pasir Ris, Cus they were quite cheap($1 per set). ORD Liao still got some leftovers, just nice for ICT.",0.5,0.5,neutral,neutral
jlsvrqw_0,"Honestly, the main reason why i want to up pes is cuz im confident in my ippt and i have been getting consistent ippt gold scoring. Do you think its worth it for the ippt bonus?",0.5,0.5,neutral,neutral
hjy3m0c_0,"go commando for fuck? honestly unless u are v xiong and want to sign on, going to commandos is not worth it compared to what u can have somewhere else in the SAF

sure commando pay is good(around $1k+ iirc) but u can match it with 3sg/2LT pay.",0.5,0.5,uncommitted,neutral
kxvdnig_1,"for me, on the outside i seem like a pussy, but honestly i just couldnt be bothered dealing with their shit (though so many times they force it physically) i just laugh it away, aint worth it. bmt over already, move on.",0.5,0.5,neutral,neutral
kg93czo_0,Stayout got its pros and cons la legit depends on you if its worth it or not,0.5,0.5,neutral,neutral
fghht0h_0,"Have to go back to camp to clear up some investigation bs that should have concluded months ago before I ord... Damn sian, don't want to reply wahaha. At least I get to see my fav emart aunties tho",0.5,0.5,neutral,neutral
m6kf5ed_0,"If you’re a normal soldier, don’t keng, arent fucked up, do shit properly, your CSM/OC will be more than happy to help you get offs even if not enough. Just play ball a bit and suck their cock a bit (figuratively and/or literally - up to your ability)",0.5,0.5,neutral,neutral
koui2v3_0,"pay is not bad for ns standard, but it's still horrendous for essentially risking your life. not worth it. that said, not like we have a choice, and it's not like we can pick our vocations.",0.5,0.5,uncommitted,critical
vf9g7v_7,Family bickering &amp; is life worth it???. I really wish to go back to my old life before enlistment.,0.5,0.5,neutral,neutral
jo7amnj_13,See your SM. Ur SM nice then shiok if not jus ooc not worth it fck SM6.,0.5,0.5,uncommitted,neutral
hnp393q_0,Yeah had to have a cast on for 6 months then a wrist brace for 3-6 months😅 damn sian. Tot since gg to spend 2 years then wanted to do smtg abit more atas and once in a lifetime. Then this thing happen haiya,0.5,0.5,neutral,neutral
t3efda_1,"Thinking about signing on SPF. im currently an NSF in the SAF but with 5ish months left to ORD, im starting to plan for the future. I plan to sign on as a direct entry sgt and im interesting in pursuing in the GRF. Im someone who prefers hands on work and i enjoy interacting with public (cuz of a previous job in tourism sector) and based on the advice of a family member currently in the force, he said that GRF is the best field to gain experience.",0.5,0.5,committed,supportive
j9nscaq_0,Even more reason to Keng then? Only do the same amount of work that nsfs are worth for in their eyes? 8% gst and rising costs still say no need to change,0.5,0.5,uncommitted,critical
liol57t_6,"New b4 recruit here, about 3 more weeks to BMT grad. I definitely feel it's a waste of time.",0.5,0.5,uncommitted,critical
n3dqrds_0,"Sigh… I guess that might be it but it doesn’t help that many people
Think I am trying to Keng. All the more I want to go back and show I’m ok, I’m js afraid I’ll kena downpes.",0.5,0.5,committed,neutral
heyt8y1_0,"I know this may get downvoted but i don't care...


Guys, Go vs Python? Also any good way to learn Go that is not boring? I have googled some Go Udemy courses but people said not good and advised to read book instead.... well it is not that i don't want to read book, but since Go it is not going to be used for my job, so i think read book waste time, probably requires at least a month to finish. Then why I want to learn Go? I know other two Google's programming languages, so I feel curious with Go.",0.5,0.5,neutral,neutral
d7uq9ma_1,"I hated NS, but the one thing I regret the most is being chao keng and having a very poor attitude during BMT, and not working hard to go to OCS (even though I somehow becoming a spec anyway). If I had known it was that easy to get 3 chevrons, I would have just worked a bit harder to get one bar and a bit more money.",0.5,0.5,uncommitted,neutral
nhuoxlu_1,Who says it's our duty to serve and die for the country? You think we volunteer for the force is it? Will you also do your part to die for the country also?,0.5,0.5,uncommitted,critical
dxeeupu_0,"just report sick in camp to your MO if your fever persists

don't worry ppl wont think you chao keng LOL just show them the thermometer and attendance wise as long as you don't miss any high keys due to your status/mc you are fine, 

even if you do, don't worry, they will just let you retake them/ let you pop without taking them depending on how many high keys you missed. rarely would OC ooc people as it doesn't reflect well on them as they would have to account for you",0.5,0.5,neutral,neutral
hx5wc5i_2,"1) relationships if liddat can't stand the test of time, or being away, then sooner or later both of you will break up one. Expect other redditors reply to standard template ""she not worth it, you deserve better"" replies though.",0.5,0.5,neutral,neutral
kc7csk3_0,if you wanted to migrate/emigrate you might as well do so before 2 years NS? why waste 2 years then migrate?,0.5,0.5,uncommitted,critical
ndcu7ve_0,"If they gave you 1mth of HL, for fks sake, fully utilise it. It's not like you're chao keng or something.",0.5,0.5,neutral,neutral
la6bxnf_0,"im a man so mileage could vary, but i rmbed by 4pm my day has ended, took a quick shower than napped until buddy woke me up to go dinner at 6. then still got time to gym/run and played my 3DS/use phone on bunk bed from 9 until i fell asleep. outfield is only the sian/jarring part where you need to go into ""soldier mode"", but the mental break is something we are grateful for",0.5,0.5,neutral,neutral
m7etqv1_1,"I think ""worth it"" isn't really the right way to describe it. A lot depends on your unit and fellow NSmen.",0.5,0.5,neutral,neutral
jzcbl7z_0,Dont awol dude. I know sometimes we dont think straight when we're so depressed. But it isnt worth it.,0.5,0.5,neutral,neutral
q5hr88_0,down pes during bmt a waste of time?,0.5,0.5,neutral,neutral
jtmeok8_4,"The best evidence of this is the (comedy-not-so-comedy) movie series from Singapore - Ah Boys to Men. Recruit’s Anthem:

From Ah Boys to Men, serving two years

For our nation, our country with blood, sweat and tears

We'll be marching on with pride and glory

Because we love our land and want it to be free

(Steady lah!) From Ah Boys to Men, serving two years

For our nation, our country with blood, sweat and tears

We'll be marching on with pride and glory

From BMT, to POP, to ORD

(ORD lo)


As a boy in Singapore, you gotta do your thing

Step up and serve the country; gotta do your thing

5BX every morning has become a routine

Wonder why I gotta serve once I turn eighteen!",0.5,0.5,committed,supportive
hzcmvrw_0,"Yes. I put I dont want go SCS, still kenna posted to SCS sian sia",0.5,0.5,neutral,neutral
gw0u1kt_0,"An absolute waste of time, considering any meaningfully higher earners where the 3k CPF doesn't even materially move the needle after 10 years of ICT.",0.5,0.5,uncommitted,critical
k41zxeq_0,"you criticise Australia's approach and defend Singapore's - and yet, Australia pays you more, works you less, and offers you a bigger house. if the Singapore approach is so great and Australia is so crap, why are you being a ""quitter"" (in Goh Chok Tong's immortal words) and living in Australia.",0.5,0.5,neutral,neutral
g7mjmak_0,"Don't go mess/canteen often, stay in to save on transport fees, don't go club/diu (easy during covid era), try not to smoke/drink so much(vape and contra honestly not that cheap and the fine is disgusting) , look into an investment plans, try to get license from ns that you can use in the future (eg driving licence, the medic license can do part time, MPs have the bouncer license iirc)",0.5,0.5,neutral,neutral
1bp1ntu_0,"How to siam pcc appointment . My second pcc appt is coming soon and I'm legit dreading it af...I know many people have positive experiences with pcc and that most pcc doctors are v nice and that my experience definitely does not represent the typical pcc experience but trust me I have seen my fair share of rude doctors who don't want to do their jobs and this one is truly next level

 Moment i open the door i know i suay cuz his expression identical to bmtc sian recruit,eyes half closed and sighing non stop, during the consultation i kept getting sarcastic remarks thrown at me and he is highkey hinting i am trying to keng even though my condition is legit and anyone who was with me for a year or more can vouch for me...whenever i want to raise a concern i was told curtly to ""answer my question"" and his expression when i am trying to raise my issues is screaming idgaf and it felt like he is trying his best to let me know he wants me to fark off. Throughout the consultation i had to fight back a burning urge to ask ""permission to fk off sir"" which surely will be granted instantly,if anyone witnessed the interaction they would think i owe him money....honestly if i ever need psychological help again I'd rather call my ex...

I will likely be stuck with the same doc so if i conveniently forget about the appt that day but still report to camp will i be considered awol?Or will calling them directly and asking if i can stop coming suffice?And srsly if any of you got upcoming pcc appt better burn incense and pray you get the typical nice pcc doc and not suay to max like me",0.5,0.5,neutral,critical
n0629cn_1,I signed on because I needed money a couple of years back. Left after my bond was up.,0.5,0.5,uncommitted,neutral
j3uih8u_0,Both actually. OOC due to downpes and after clearing the issue I asked the MO to uppes me as I plan to sign on.,0.5,0.5,committed,supportive
jfadaw7_0,"Bro no. Just don't, not worth it.",0.5,0.5,uncommitted,neutral
fi3fkwj_0,"Note: I'm not a NSF / Regular, and will be enlisting in 3-4 years time. I also do not have anything against people who enjoy NS, it's perfectly normal for people to have different opinions (:

Personally, I feel that NS is a waste of time; or at least what it implies here.",0.5,0.5,uncommitted,critical
h7w1cm4_0,Lol it's okay he gonna seriously enjoy counting down the 500+ days he got,0.5,0.5,neutral,neutral
i14db0j_6,"I agree its the stupidest shit ah, but i think abolished is quite extreme. As much as i personally hate NS for all the things it has done to my life (if you just take a quick peak at my comment history you can tell that i have the lowest regard for NS).",0.5,0.5,neutral,critical
l3omaoc_1,"i signed on because i was enjoyed my NS experience. I liked working with people and i thought that a career centered around people (not just subordinates, but also my peers) would be fun and meaningful.",0.5,0.5,committed,supportive
mzvmnvl_0,I think those who chiong 5 years finish the bond and zao are the winners. When you leave at 25 years old is still young.,0.5,0.5,uncommitted,neutral
itax79b_0,Daiso $2.14 slides/slippers man just buy very worth it for the convenience,0.5,0.5,neutral,neutral
hddphzc_0,"A lot of people find it a waste of time: just playing soldier for a country you may or may not defend during an actual war. If we’re to wake up tomorrow with a “Yes” or “No” printed on our foreheads for whether we will actually defend Singapore with our lives, I think most NSFs will get charged with perjury.",0.5,0.5,neutral,neutral
n3rkd0k_0,"If the MO says that your injury will affect your training and cause long term damage then just OOC, it ain't worth it. If you want to OOC because you don't feel much purpose right now, I recommend against it because you've already gone through so much sh*t and you will probably look at it differently after you commission. On the flip side, if you OOC now you might have regrets when you meet up with your service term bros again after they commission, the feeling is also quite sh*tty.",0.5,0.5,committed,neutral
1fubbh4_0,"NS made me rely on caffine. I CANNOT wake up on weekends, my body is too physically and mentally tired to do so loving the infantry life. Cant do shit without coffee fml fml fml",0.5,0.5,neutral,neutral
vf9g7v_4,Family bickering &amp; is life worth it???. I really wish to go back to my old life before enlistment.,0.5,0.5,neutral,neutral
eiksule_0,ORD LO. wait i mean byeee schooool,0.5,0.5,neutral,neutral
kg8z8fc_0,"Hmm i think because when you wake up at 0500 in camp, your day is planned. Just need to be brain dead and follow only lol

After ORD we're on our own, have to settle things by ourselves hence the 'sian' factor even if wake up a little later",0.5,0.5,neutral,neutral
gywiqr3_0,"Wa that sounds damn sian. The best part of ICT, at least for me, is meeting up with mates from NS, and ~~selling them insurance~~^/s catching up over meals during nights out.",0.5,0.5,neutral,neutral
nb9mjbo_3,"It's not about you individually whether you are ""worth it"", it's about accounting. Just like everything in the government, the unit has a (pretty high) budget.",0.5,0.5,neutral,neutral
vah0i7_1,"Are tattoos allowed in RSAF. Hi guys , I signed on to RSAF however I haven’t enlisted .",0.5,0.5,committed,supportive
lxveuhb_1,Didn't really care where they went. After that I signed on as sergeant.,0.5,0.5,committed,supportive
jjn0h4o_8,"If you are pre-enlistee and are trying bulk up for NS, it’s not really worth it cuz you will most likely lose it all during your BMT. That being said, personally for me, there are three main things that you need to focus on if you wanna bulk up: being in calorie surplus, progressive overload and proper rest.",0.5,0.5,neutral,neutral
cf7cn4p_1,"First and foremost, our NS is not an artificially contrived programme to foster understanding and perform free/community work. It's first formed to serve a real need to defend Singapore when the British pulled out their troops after Independence. Unlike most countries who have professional soldiers, SG has to implement a conscript system much like Taiwan (although to be phased out soon) and Israel.",0.5,0.5,committed,supportive
f7mkm7d_0,"After outfield, we were all shag af we wanted to smoke but it was cat 1

We plead with the sgt in the end we all of us smoke together while preparing to bookout
We learned that he was charged 3 extra for it",0.5,0.5,neutral,neutral
i2xo42h_0,"It all depends on what you want from your 2 years. You either make most from it and gain from that experience, use it for ur university applications or... you make the worst of it, chao keng alot, downpes get a stay-out vocation, and use that time you have to work on your portfolio.",0.5,0.5,neutral,neutral
hku2o3u_0,"Not possible but scdf more worth it, you get to really make a difference and learn/do real things that affect people every single day, whereas in the SAF you'll just end up doing tons of saikang, dealing with unreasonable superiors and learning stuff that is practically useless after ORD. Do you know how many people would rather go scdf than SAF?",0.5,0.5,neutral,critical
kvjg70a_0,bro just ooc get posted to ASA or SA it’ll be worth it,0.5,0.5,uncommitted,neutral
hy1dscy_0,"KC3 canteen solid af, besides the typical fried icecream, u should try their maggie goreng and nasi padang. super worth it",0.5,0.5,neutral,neutral
jodzkhl_0,"Can also mean I'm not angry, just disappointed, suck thumb. I am 1 point away from getting a pass with incentive for my IPPT, $300 gone. Sian.",0.5,0.5,neutral,neutral
l9b6nhz_0,"Injured my back during gyming, doctor said I’m trying to keng for NS. I ORD-ed a year ago at that time.",0.5,0.5,neutral,neutral
17565i2_1,I need some advice about my life decisions .... realtor ?. Some background context - 24/M recently ORD lo.,0.5,0.5,neutral,neutral
lx9qfjr_0,"Cant believe 30+ year old men still need to waste 2 weeks of their life away every year by staying in shitty and dusty crap bunk without aircon and eating shitty cookhouse food. Colleagues lament about needing to cover for you, come back from ICT got shitload of work to do. Something is very wrong with MINDEF brain.",0.5,0.5,uncommitted,critical
d70qc3p_0,give in to what? go to work then go to sleep then 2 years later ord lo. don't prove your father right la,0.5,0.5,neutral,neutral
i35s9wu_0,"That part about quarrel is so true many times in my unit i seen my enciks abusing their power like even small things he will make it to the biggest issue and one day my senior just strait up tell him ""encik enough already i had enough its just a small problem stop bullying the new posted in guys"" and that from that day on my encik stopped harassing the new guys sometimes you just need to tell them to fuck off for real.ns also taught me that sometimes when you are too nice people will treat you like a punching bag most important thing that ns taught me is standing up for myself too",0.5,0.5,neutral,neutral
mktb3am_0,Depends how wayang you are I guess.. I was in army and didn’t declare and hid it. Only halfway through command school then they found out.,0.5,0.5,neutral,neutral
g6inwk1_1,"Enlisted NS and had a hard thought about the reality of the working world. Signed on thereafter and shortly after I signed on, UniSIM opened applications.",0.5,0.5,committed,neutral
ibie8h4_0,"I'm so, so close to ORD. Counting down the days no longer feel like an exercise in insanity.",0.5,0.5,neutral,neutral
jo7amnj_5,See your SM. Ur SM nice then shiok if not jus ooc not worth it fck SM6.,0.5,0.5,uncommitted,neutral
i0l1ce_15,NS is a waste of time (my views). Ns is a total waste of time and brings about more cons than pros for us sons of Singapore.,0.5,0.5,uncommitted,critical
mme3aow_0,not worth it bro don't do it,0.5,0.5,neutral,neutral
iwt6tr6_0,Reading makes me sad.. heroes abroad fighting for their country.. cosplayers being looked down upon for a national duty,0.5,0.5,neutral,neutral
de0k5hh_0,"You'll need good fitness, maybe even cdo gold standard, and even then you're pretty far down on the Peking order. In the end, HQ 9 Div would be the one to submit your name to the course conductor, and they'll hear back for you if you get it. I think it's worth it, so long as you don't mind burning some Offs and leave to convince your encik to let you go.",0.5,0.5,neutral,neutral
mfw0nl9_2,"I know a lot of us  aren't very patriotic and a lot of redditors in particular seem to be quite cynical in regards to this topic about taking up arms to defend Singapore, a lot of people share this sentiment that the first sign of conflict, they are migrating out. at the same time there is a large very patriotic population of Singapore.",0.5,0.5,neutral,neutral
hzb3krd_2,"b4 i start my essay i must first preface it by saying i do not support ck when done unethically and u make the lives of other NSFs harder

like everything there are many types of keng and such many different types of kengsters so let me dive into some CK Lore. reasearch and my own opinion shows that CK originates not from some selfish, evil place but purely from adopting a completely rational, self interested mindest towards life and thus NS.",0.5,0.5,neutral,neutral
h5q34uo_0,"It's gonna be bloody boring listening to safety briefings and all the rules that seem pointless... But all safety rules are written in blood. My longer answer for ""make the most of it"" is to keep in mind that you'll be surrounded by people who don't want to be serving NS, and will accordingly give zero fucks.",0.5,0.5,neutral,neutral
dx686nd_0,"jc kids who have been through bmt, how many of your bunkmates take smoke breaks? considering whether i should bring in a few packs or not, but if im literally the only one in my bunk that smoke then must as well just sua and save money control myself",0.5,0.5,neutral,neutral
nlxqj99_0,"i’m gonna be real, it’s not about whether you want CDO or not it’s about whether CDO wants you. I know people that went for the vocational assessment put max interest only to not get in and on the flip side i also know people who indicated the least interest and still got sent to CDO anyways. I won’t comment on whether the additional difficulty is worth it, but if you do get sent there in the end go make the most of the opportunity given at the end of the day whether it’s a fulfilling journey or not it’s up to you to decide and most of the time it comes down to your perspective.",0.5,0.5,committed,neutral
fs2i7he_0,"As others have said, don't wayang in the quiz. Is NS is not compulsory, I probably wouldn't go, but I'm guess I'm happy I have because it's two years of no academic stress. And being in college/work during COVID 19 isn't that much fun",0.5,0.5,uncommitted,neutral
l7tmfc4_0,wanna keng js keng dont have to yap,0.5,0.5,neutral,neutral
cpelpm8_0,"I'd rather get my pink IC asap than not having to book in to camp for 4 days. By the way, ORD lo! XD",0.5,0.5,uncommitted,neutral
jb4begm_0,"The entire point of NS was to ensure that Singaporeans will defend Singapore, and that we will never again rely on another foreign power (the British back then) to defend us. We still hold onto the lessons from the Japanese Occupation and I think any politician who will suggest this is just asking to be lynched.",0.5,0.5,committed,supportive
ls0url4_0,cfm won’t kena la why need waste time defer haha,0.5,0.5,neutral,neutral
furlw5x_12,It gets better. I signed on and I'm currently at BMT.,0.5,0.5,committed,supportive
hggmm8z_0,not enough to defend singapore. look at our neighbors. even with conscription they outnumber us,0.5,0.5,neutral,critical
giiseic_0,Smuggle in - if you dare. Smoke at latrine and hope nobody snitches.,0.5,0.5,neutral,neutral
gt7nnbm_1,Stop encouraging chao keng actions. I'm being sent everywhere thanks to my peers constantly on status.,0.5,0.5,neutral,neutral
gg101rj_1,I was in the same situation as you. I signed on as MIEE and currently in C4I. 1 year has since passed.,0.5,0.5,committed,neutral
i4z7ilw_0,"Or as I call it, ""smoke two packs of cigarettes outfield mode""",0.5,0.5,neutral,neutral
gnelgl6_0,"Magnums are definitely worth it if you are going on frequent outfields. The boots gives impeccable comfort and support to your ankles due to its design. The insides gives a cushiony feeling, and can be further upgraded by using sports insoles and the Altama laces.",0.5,0.5,neutral,neutral
l4v82wu_0,Honestly would look forward to next ICT if I can to play with these. Every year same shit also sian,0.5,0.5,uncommitted,critical
ehhg9jb_0,"Want to Ord also need do so much test, sign paperwork, attend talk. Knn want zao also cannot in peace",0.5,0.5,uncommitted,neutral
eeoe3y7_1,"No problem with being CQ, only problem is you pretending your life is as hard as combat troops when you yourself know how slack and a waste of time your NS life was. It's fine to be siao on and steady for everything you do but don't fucking force your mentality onto everyone when it's just NS.",0.5,0.5,uncommitted,critical
g0ycd2h_0,Omg don’t die it’s not worth it. You will become more successful in the future!!!,0.5,0.5,neutral,neutral
hcrzegq_0,"Nothing better than Magnum. Buy at emart. Cash only, but 200% worth it",0.5,0.5,neutral,neutral
lro8nvh_0,"1. didnt really have that discrimination/ assume chao keng cus genuinely didnt use more then 30days of mc in a year 
2.",0.5,0.5,committed,neutral
e550e8s_0,I have not fired a weapon for 10yrs already yet come reservist they still issue me a weapon. So yeah we are just glorified deterrent aka wayang.,0.5,0.5,uncommitted,critical
jf6f801_0,"Hello i am also a flat footer, wearing Asics Kayano shoe for running.. abit pricey but to save that 2 months i believe is worth it.",0.5,0.5,neutral,neutral
fzrfuma_2,Bruh. I fucking hate NS with a passion. Everything related to NS is borderline retarded.,0.5,0.5,uncommitted,critical
e556vvr_0,"Same thing with ns. If nsfs were paid enough for them to see it as a 2 year job with an actual reward system, they'd spend less time trying to chao keng doing bare minimum like people who are paid $7/hr to give out flyers.",0.5,0.5,uncommitted,critical
i457mpn_0,"If u want to take the physical and mental challenge, u can try exercise 1 to 2 hrs everyday to build up ur body and mental resilience first. If u are too bored and u want that brotherhood thing, u can try uppes.",0.5,0.5,neutral,neutral
jtm5bxj_0,"A foreign worker puts up our NDP flags, how patriotic is that? I'm not even sure what patriotic means in our country, once a year wayang abit thats it

I was part of the NDP comittee for logistics during NS, i'm sure many people having served would remember, but its mostly forced

This country never fostered any ""real patriotism"" if you ask me",0.5,0.5,uncommitted,critical
j3zrr8x_0,"Worth it, very very worth it. But if your platoon mates or even ur buddy regularly need to help you with your tasks such as clean your weapons for u, tidy ur sleeping area for SBA, polish ur boots for u, etc.. then a bit of problem alr unless ur the kind that fk care everything, let others suffer as long as you yourself not suffering. This 2 years everyone all suffering equally and hate it, having a chaokeng buddy just makes that one guy life in NS even worse.",0.5,0.5,neutral,neutral
gfj5eba_0,"Sian. But rather redo my tekong days than my vocation sia

Tekong at least more fun",0.5,0.5,uncommitted,neutral
1987123_0,"Disrupt or delay uni for 1 year. I'm about to enter uni this year around August, but I'm due to ORD in September so if I were to disrupt I would have about 2 months remaining that I have to pay back to the SAF during the holidays which is kinda Sian considering I have to book in to camp and all. I'm considering if I should disrupt or take a gap year so I matriculate next year. If I disrupt:
- no need to delay for a year
- 2 months to pay back to SAF
- need to start preparing for Uni now considering brainrot and course difficulty. If I delay:
- just one time whack finish then ORD loh, no need to return to camp during hols
- can use the gap year to earn money/prepare/whatever
- more time to prepare for uni
- but my life is delayed 1 year

For those who faced a similar situation, did you disrupt or decide to take a gap year, and what are your opinions on this?",0.5,0.5,neutral,neutral
mi1xq66_0,"Well, it's pretty sad that you have to waste 2 years to learn wisdom from enciks and ocs. hahhahhah.",0.5,0.5,uncommitted,critical
kdlmgo9_0,"Even worse, you chao keng then your colleagues all need to pick up your slack. They can't even utilize the 14 days MC, meanwhile you use up all your MC still want your employer to give you more when MoM regulations say 14 days MC.",0.5,0.5,neutral,neutral
n45sawa_2,"I think you’re slightly mistaken. Not sure which SIR he is in, but being in unit is about 10x worse than being in BMT. I’m in a combat unit and BMT was heaven. Naps everyday, commanders can’t do much to us because of the BMTC commanders. But when I was posted to unit I literally had 0 time to take a nap. I was drilled by my Platoon Sergeant every single day to the point of exhaustion, and your mental is shit daily knowing it’s the endless pointless tiring exercise the next day for the entirety of your NS.",0.5,0.5,neutral,neutral
cftzm5k_0,"Hm, I am going to ORD tomorrow (ORD LO). But that's not the point.",0.5,0.5,neutral,neutral
lbtp1k1_1,"Short answer: no, it's not worth it

Long ass answer:

If you have a passion, it's fine to sign on. If you're in for the money, please don't cuz you will regret it.",0.5,0.5,uncommitted,neutral
fs831a_0,MINDEF Press Release - SAF Stands Ready to Defend Singapore Amidst Evolving COVID-19 Situation,0.5,0.5,neutral,neutral
dut8nz7_0,"Even if it takes you 1 year and 6 months it's still worth it. If you really want to enlist, be prepared to do sai kang admin stuff and be bored to death. No amount of mobile games and books will help lol

Source: Have a close friend that keng to PES E with vampire syndrome lul",0.5,0.5,uncommitted,neutral
ee6id1e_0,"U reservist jurong camp? I didn't know reservist need remove camera, now I feel even more sian that I have to go back this year.",0.5,0.5,uncommitted,neutral
hszt7z1_0,"As long as you have MC, doesnt matter you keng or legit sick. MC is king.",0.5,0.5,uncommitted,neutral
j4y7rvx_1,"This was terrible at first, but looking back one of the best decisions in my life). I developed the ""chao keng"" mentality, which in turn became ridiculed because I wasn't putting in my best and my idgaf attitude.",0.5,0.5,uncommitted,neutral
jisrfx3_0,"> To ensure the operational readiness of the Singapore Armed Forces and the Home Team, full-time national servicemen (NSFs) need to focus on their national service (NS) duties and training. They are thus not allowed to undertake salaried or contract employment, or run a business while serving their NS

I am not against serving my NS obligation as I acknowledge being fortunate enough to be born in Singapore compared to being born in a third world country. But hanging national duty over our personal livelihood is ridiculous.",0.5,0.5,neutral,neutral
gfaleiv_0,not worth it,0.5,0.5,neutral,neutral
g6inwk1_2,"Enlisted NS and had a hard thought about the reality of the working world. Signed on thereafter and shortly after I signed on, UniSIM opened applications.",0.5,0.5,committed,supportive
dnfg3a3_0,"&gt;I do see some ladies doing ippt though so they just really earned my respect because I'm the type that seriously think ns is a waste of time. i think some of them do it because they have interest in playing a role in the defense force, or they need a scholarship. i may be wrong though",0.5,0.5,uncommitted,critical
n3xoc05_0,Lol in bmt u buy and hold stocks u hold for 2 weeks not 2 years. That’s how u make money which is worth it in ns,0.5,0.5,neutral,neutral
1m0z5rx_3,"Got injured, want to UpPes and go back to unit, not allowed.. Honestly NS is quite funny. People who want to go back to unit after an injury, are often not allowed. People who want to Keng injury or mental problem always cannot run from unit.",0.5,0.5,neutral,neutral
gssjaa2_0,"As an Amour Infantry Spec, Please, Do not go for it. I regretted it deeply as it is not worth it at all. Last year ORDed.",0.5,0.5,neutral,neutral
imcadou_0,"yeah nothing wrong just a selfish shirking of national duty and a criminal offense, no biggie fr",0.5,0.5,uncommitted,neutral
iloeied_0,"Then this is your job problem. The scope too wide or the pay too low such that you need ""captive"" labour subject to military law or else nobody wants to do it. I'm sorry, NS is to defend Singapore not shitty jobs.",0.5,0.5,committed,critical
g01n8tl_0,"Yea sure I can agree with your point that NS is a huge opportunity cost and your company isnt always the brother brother good people that others always make them out to be. Having asshole superiors and coworkers can make your NS life shit, but saying that its a waste of time because theres nothing to do is just a ridiculous statement.",0.5,0.5,neutral,neutral
n5k2sxs_0,"Remain as Man rank. Speaking as an NSmen honestly, the promotion is not worth it.",0.5,0.5,neutral,neutral
ia2mcbm_0,if u wayang harder prob can bump the % from 0 to 100,0.5,0.5,neutral,neutral
nutcn13_3,"For me, I detest the rush hour commute and mundane office hour before i signed on. Yes, life as regular sometime no day no night but i enjoyed the experience.",0.5,0.5,committed,supportive
iyl0yjg_0,"clementi phase fun but waste time. only just live firings, BCCTs, boring lessons, and no pt iirc
8 weeks vry fast one, once u get posted to ur actual camp, then gdluck alr. Just hope u get a good camp",0.5,0.5,neutral,critical
mqz0kam_0,which part did i say i didnt keng? pls enlighten me 🤭🤭,0.5,0.5,neutral,neutral
i0cp0q1_4,ORD LO for 7 months and I have to say NS taught me nothing. It's hard to be happy in NS when you have no right and you have no say as an NSF.,0.5,0.5,uncommitted,critical
g5xjih6_1,"- Aligning with Europe: 
  - [Singapore’s first new submarine christened at Thyssenkrupp (German) shipyard, FEB 19, 2019](https://www.defensenews.com/global/asia-pacific/2019/02/19/singapores-first-new-submarine-christened-at-thyssenkrupp-shipyard/)
  - [RSN commissions final 3 of 8 littoral mission vessels (built in collaboration with SAAB, a Swedish company) to defend Singapore's waters, JAN 31, 2020](https://www.straitstimes.com/singapore/rsn-commissions-final-3-of-8-littoral-mission-vessels-to-defend-singapores-waters)
  - [EU-Singapore FTA entered into force 21 November 2019](https://ec.europa.eu/trade/policy/in-focus/eu-singapore-agreement/)
  - And of course, we chose Nokia and Ericsson for our 5G network. Personally I think tighter integration with the EU is an excellent move. By integrating tightly with the EU, e.g. inviting European companies to settle here, becoming major importers of European products etc, we're making it so if either the US or China pokes us, they'd effectively poke Europe. Neither China nor the US can afford to piss the EU off.",0.5,0.5,neutral,neutral
dyb5dhr_0,U post unit then keng. BMT not worth to keng u get ur rank first then keng if not you wont get much pay,0.5,0.5,uncommitted,neutral
hjsjry4_0,"I always ask my men whether they chiong sua 2 years then end up with lifelong injury worth it or not. Think of your future man, NS ain't everything.",0.5,0.5,uncommitted,critical
jibjn2t_0,"Depends on what is your definition of ""worth it"" is. If you want to develop character, resilience and develop your leadership skills, both Command schools provide ample opportunities for you to develop them.",0.5,0.5,committed,supportive
dx603pt_0,"Yeah I was talking more about those guys trying to squeeze their way into fit-intake to avoid the extra 2 months. Definitely worth it if you can push yourself into the middle of the pack, but if like me you *barely* make it to silver, that extra 2 months will definitely be more bearable than 9 weeks of BMT hell where you realize just how physically shit you are compared to other people.",0.5,0.5,neutral,neutral
hx5wc5i_4,"1) relationships if liddat can't stand the test of time, or being away, then sooner or later both of you will break up one. Expect other redditors reply to standard template ""she not worth it, you deserve better"" replies though.",0.5,0.5,neutral,neutral
ldmr3fb_1,"ICT is such a waste of time. Especially high key or forced to stay in, when activities are done go home to join your family.",0.5,0.5,uncommitted,critical
k67zi4u_0,"Yup, although the walk between the bus stops is an uphill walk I think it’s kinda worth it",0.5,0.5,neutral,neutral
kiuuhhu_2,"It'll definitely be tougher. I know a guy who went from Kranji and POP'd, then ReBMT, and went to OCS, so depending on how your son is, it might very well be worth it.",0.5,0.5,neutral,neutral
hddphzc_0,"A lot of people find it a waste of time: just playing soldier for a country you may or may not defend during an actual war. If we’re to wake up tomorrow with a “Yes” or “No” printed on our foreheads for whether we will actually defend Singapore with our lives, I think most NSFs will get charged with perjury.",0.5,0.5,uncommitted,neutral
ek5ypvr_1,"going to ORD in 4 months. if anything, NS made me and my gf closer than ever.",0.5,0.5,neutral,neutral
lzt5tn2_1,"NS is another wayang to show our neighbour that we are ready to fight but the actual fact is Singaporean never seen conflict in their entire life. Therefore, we has no experience and has no idea how to handle the situation if one day this will happen.",0.5,0.5,neutral,critical
fccz4mr_0,"POP lo

ORD lo

ROD lo",0.5,0.5,neutral,neutral
furlw5x_4,It gets better. I signed on and I'm currently at BMT.,0.5,0.5,committed,supportive
e0gk5gp_0,ICT over back to work.. 1 word SIAN,0.5,0.5,neutral,neutral
cwkcjcn_0,Don't let anyone tell you otherwise (e.g. To chao keng. It's really not worth it),0.5,0.5,committed,neutral
lzi9rck_0,"Definitely is a waste of time when you have a career and family to juggle by then, plus if you fail IPPT next time you have to find time out of work to do extra PT training. If you are a boss or employer you wouldn't hire an NSman with so much liabilities am I right ? That's the sentiment towards us if we have to always go back",0.5,0.5,uncommitted,critical
e055am2_0,"Sign on as WOSPEC = idiot 

Commandos is not worth it, storeman/clerk most worth

sauce : was a CDO fighter, ORDed long ago",0.5,0.5,uncommitted,neutral
dhg1sr5_0,to the scs cadets yesterday doing route march around 8pm at the 300 and 100m ranges.. sorry for shouting ord lo but i'm finally done with atec2 i cannot describe my happiness after the bullshit outfield,0.5,0.5,neutral,neutral
1dmppp5_1,NS made me feel super useless. Everyone has felt this way.,0.5,0.5,neutral,critical
nr21kjs_1,No need to type grandma/pa stories. Waste time is waste time.,0.5,0.5,neutral,neutral
igeeuna_0,"Poker card, smoke in toilet, use phone play casino together, bet soccer and watch soccer tgt after lights out",0.5,0.5,neutral,neutral
j2lqbdp_0,"Dear Janice, we have noted your willingness to shoulder the (national) burden of caregiving (service). Please report to NUH on 3rd Jan 0830hrs in full overalls for your 2-year National Service as a healthcare recruit, which will prepare you sufficiently to defend Singapore against an aging population.",0.5,0.5,neutral,neutral
nv6pd5k_4,Entirely based on personal opinion. Not every NSF look at their 2 years serving the country as a “job” or what many say “waste time”.,0.5,0.5,committed,supportive
gckfy9p_0,The sad part is that all this overtime isn't productive. Just wayang in front of boss because of face.,0.5,0.5,uncommitted,neutral
fvyw33t_0,"currently in SCS pro term! i would say go to SCS, it’ll be more worth it at the end of your 2 years.",0.5,0.5,committed,supportive
edlkmtt_0,"ORD lo, and I'm already overslept for my HOTO lol",0.5,0.5,uncommitted,neutral
1g46b0m_0,I want to sign on but I have t2d 🥲,0.5,0.5,committed,neutral
n49canr_0,"I am a Singaporean here and yes I also have plans to migrate in the future. Your case seems to be a bit trickier but since you are fully Malaysian and don't have roots and relationships to SG, wouldn't getting Ur education in Malaysia and working your way to migration to AU be safer and better since U will most likely be charged pretty harshly being a defaulter. Truth is many Singaporeans wish they can migrate but have to be stuck doing NS just because sits out nationality and birth citizenship... If I am a foreigner or don't have much ties to sg I certainly wouldn't waste 2 years doing NS... But right now I am following the standard path and slowly paving the migration way after NS hopefully",0.5,0.5,uncommitted,critical
m55lbnv_0,That's why most people chao keng during NS because they already knew all efforts and hard work would go down the drain. Only unenlightened people are garang and hardworking,0.5,0.5,uncommitted,critical
hjoz4ek_1,I was a former regular and I signed on largely to fund my studies. Picked up the bad habit on deferment of thought and ended up suffering from severe passive thinking.,0.5,0.5,neutral,neutral
led3ay2_1,"As long as they are not the kind of toxic ""chao keng"" malingerer, and maintain a sense of professionalism in their work to deliver what is required. Cause we work in a team, where everyone need to do their job, so that others may do theirs.",0.5,0.5,neutral,neutral
gbonm61_15,1) It's a tough vocation but very worth it imo. Not alot of ppl are gonna experience what you had/have when u become a FF.,0.5,0.5,committed,supportive
k9uz9vm_1,"Bloody gu niang! Benefited since you were a tobbler and now when it's time for you to serve, you want to chao keng?!",0.5,0.5,neutral,neutral
nfi799d_0,The extra 2 months is worth it. It's overall less tiring with more time spread out for BMT.,0.5,0.5,neutral,neutral
k6j6g0r_2,"Hey man, don't be afraid to see the doctor or to seek help. It's hard when they think you chao keng when you have a legitimate difficulty/struggle however just know that saying goodbye now would honestly be heartbreaking for anyone close to you as well as anyone sane on this reddit.",0.5,0.5,neutral,neutral
e539esy_0,chao keng yesterday and took 1 day mc but legit sick now. is this karma?,0.5,0.5,uncommitted,neutral
ntzt0nd_2,"Here’s the thing. For non-combat roles, you always have some sort of freedom - doesn’t matter how difficult your excel spreadsheet is, or how many forms you have to shuffle back and forth between all the other parties, if you want to go out the office for a while, go for a smoke break, go canteen break, you are more or less free to do as you please.",0.5,0.5,neutral,neutral
iuq7bh2_0,storeman here with 544 days left and i ord mood alrdy HAHAHA wgt storeman leads the way ya~~,0.5,0.5,uncommitted,neutral
xzeti4_0,when should i start to hoto my stuff to my understudy and ORD MOOD,0.5,0.5,uncommitted,neutral
dy1qk7a_0,"Move along everyone, just another chao keng recruit.",0.5,0.5,neutral,neutral
jhl830z_0,"It’s not compulsory. Just don’t apply for disruption. Though i feel it’s kinda sian to lag by a year cause of ns, but it’s your choice ig",0.5,0.5,neutral,neutral
ia68os4_0,Naaaise. ORD mood liao!,0.5,0.5,neutral,neutral
h8wwpdi_0,"LOL 

During reservist we are chilling almost all the time, people are gambling and drinking at night, smoking in bunk and toilet, we still have cleaners who keep the general areas clean, and we get to book out anytime for ""valid reasons"". You can keng some nonsense and get excused this and that.",0.5,0.5,uncommitted,neutral
fjfi5go_0,Extend ORD is bull shit. Probably just to scare u guys from trying to get a 14 day quarantine to keng,0.5,0.5,neutral,neutral
1kjhrai_0,Boy don't i love NS in the big 2025 🥀🥀🥀,0.5,0.5,neutral,neutral
dm09r61_0,"I throw my hands up in the air sometimes
Saying A0
ORD lo",0.5,0.5,neutral,neutral
fus1p58_1,"I guess it’s quite easy to be swayed and follow the general crowd of wanting to go to command school but it really isn’t the thing that defines a meaningful experience. If you didn’t really have much of a leadership experience prior to NS, it could be good to take this plunge of becoming a commander, a decent opportunity to learn new stuff. But at the end of the day, if wanting to be a leader in this organization is not your thing, it’s fine to not go command school.",0.5,0.5,neutral,neutral
k2zmvsb_0,Cope and seethe loser who ask you never Chao Keng earlier L bozo,0.5,0.5,uncommitted,neutral
i2q0tuw_1,It can be slack or xiong based on where you go. My experience was slack as I was a storeman for a school that trains logistics officers so you can kinda guess how pointless me being in army was.,0.5,0.5,uncommitted,critical
ipou7k3_0,"Seek help pls, its worth it and it will get better",0.5,0.5,neutral,neutral
gzufkiy_0,Company deemed that I purposely chao keng during CNY - and gave me a damn bad performance review that year despite me having tonnes of customer compliments over the years with the company. Left that shithole once my contract was up. Hint: This local company \[in crisis now\] is notorious for punishing employees for taking MC - so much so that most employees will go to work even when they are sick.,0.5,0.5,neutral,neutral
r0tc67_1,Will you defend Singapore?. It is no secret that a conscripted army will generally be less loyal.,0.5,0.5,uncommitted,critical
186a2iu_1,"How to stop this sian feeling?. Context: 2nd year soldier soon and I still find every aspect of military life sian af. There is nothing to look forward to and every coming day feels bad, or even worse than the day I started as a recruit. Everything just feels very monotonous and frankly a big waste of time, and I dislike most of my commanders as well which just makes it worse.",0.5,0.5,uncommitted,critical
nf0ubku_0,"Keng MC first 3 days (need to be 3 days+ , if you not able to get in 1 go just revisit the doctor again)

After 3 days they most likely would just defer you on medical grounds.",0.5,0.5,uncommitted,neutral
jqdokht_0,"Dont wayang and dont stand out too much if not interested in command school. If they think you are capable, they will make you do more work.",0.5,0.5,neutral,neutral
mfw0nl9_1,"I know a lot of us  aren't very patriotic and a lot of redditors in particular seem to be quite cynical in regards to this topic about taking up arms to defend Singapore, a lot of people share this sentiment that the first sign of conflict, they are migrating out. at the same time there is a large very patriotic population of Singapore.",0.5,0.5,neutral,neutral
j61plav_1,NS made me realize I really don't want to stay up till 9:30 or 10:30pm so I switched my strategy to a more long term approach instead of trying to trade. Ended up working very well currently at least.,0.5,0.5,neutral,neutral
ikeus1l_0,I see u are trying really hard to keng. You think you who? Ownself say wanna downpes means downpes ar?,0.5,0.5,neutral,neutral
1ea5zyp_0,"Is NDP even worth trying out?. Rn I'm a secondary school cadet in the NDP. I feel like it's a waste of time, should I still continue even tho I have alr invested so much time into it?",0.5,0.5,neutral,neutral
guolrko_1,"Just relax and remember brotherhood. It doesn't matter if you're slow or blur, everyone will help you.",0.5,0.5,neutral,neutral
dma0dw7_0,"Unlike combat fit men, there's no silly IPPT requirement or whatever to cockblock your promotion. It's 100% plus chop that you'll get LCP and CPL after a few months in each rank. PES E is only a waste of time if you choose to rot away doing the bare minimum at work and play games during your free time.",0.5,0.5,neutral,neutral
k68kkng_0,Idk if its really uncommon but I was police tactical trooper in SPF special Operations command. Had to endure 3 months of hell but high pay and good working hours was worth it. Feel free to AMA.,0.5,0.5,neutral,neutral
e3geqxf_0,"as someone who never got the opportunity to clear off all his leaves because of wallaby and ord parade in the exact same order as you, let me tell you - it's a pointless battle. We settled this by being granted leave officially but we were still in camp when we needed to.",0.5,0.5,neutral,critical
hiqnxgu_0,BMT outfield is the most waste of time thing. It’s not rlly that fucked up compared to what I’ve seen in the 2 years(wadio) just hope it doesn’t rain it makes it 10 times worse but u come to accept it in the end,0.5,0.5,uncommitted,critical
dg0vwql_0,Know one person was went through Commando BMT. It's hell but he said the bond he formed with his mates was worth it.,0.5,0.5,committed,supportive
i8f1l7e_0,"I mean I've always been physically fit. Before I got down pes to C9, I used to get Gold so I dunno, Kinda feel like it's worth it but also now kinda split on the choice lmao",0.5,0.5,neutral,neutral
1dun83q_1,SCS worth it? with a relationship.,0.5,0.5,neutral,neutral
cnkfsao_0,&gt; if i was really a chao keng soldier i wouldn't even be here. hmm why? That doesn't even make any sense.,0.5,0.5,neutral,neutral
dgzyvjc_0,"Hope the 25 mmr was worth it lul. Shit happens man, my mom can't understand why I can't just pause the game and go eat dinner etc. Maybe surprise her at the airport with flowers when she comes back to make it up to her or something",0.5,0.5,neutral,neutral
gcjzcgm_0,Spent one day extra at Frankfurt all compensated by my insurance. ORD LO. Best present given from SAF.,0.5,0.5,neutral,supportive
m6v314k_0,"Honestly since ur in alrdy i would think u should just continue and then finish ur 2 years, if working here is worth it for u (i think it is), however ur 2 years could be a break for u as well if u get posted to a non combat role/stayout role",0.5,0.5,committed,supportive
gnivump_0,"Definitely worth it, very light and comfortable. If your unit indent for you then huat",0.5,0.5,neutral,neutral
ele2oqz_2,Hey man I understand where you're coming from but it is not worth it to keng and down PES. I was from the obese batch BMT ( 5 months ) and now PES B1 but I was posted to driver.,0.5,0.5,committed,neutral
hbfdq4_2,"Feeling confused because of PES E9. Thoughts of up-PESing.. I'm 1 week into PES E9 BMT at BMTC V and to be honest, it's a waste of time.",0.5,0.5,committed,neutral
m5nsms4_0,"Just go checkup first, and if theres anyth substantial, get the memo, then enlist first and tell ur sgt u want to pass memo and pass the memo to the medical officer

make sure the memo clearly states ur condition and what excuses u need and if relevant to downpes

this way u enlist first and dont waste time waiting for enlistment, even if u out of course bmt ur ord counter is still running and guaranteed a much better job rather than combat role and chiong everyday",0.5,0.5,neutral,neutral
k66j4ob_0,"Tf, you got so much time to critique nsfs for what sia
They all just trying to serve 2 years and fuck off and we got one wayang kia here trying to be funny. Pls la, ns already shag enough, don't come here kpkb and make other ppl life more shag le.",0.5,0.5,uncommitted,critical
i14db0j_3,"I agree its the stupidest shit ah, but i think abolished is quite extreme. As much as i personally hate NS for all the things it has done to my life (if you just take a quick peak at my comment history you can tell that i have the lowest regard for NS).",0.5,0.5,uncommitted,critical
gwmq0kv_1,"I smirked inwardly when Habibie called us a little red dot and Mahathir kept throwing barbs and insults at us. There was a certain special pride and a certain amount of personal conviction and it was all worth it, and we were all Singaporeans, in that we shared a common past, a common experience, and a common identity.",0.5,0.5,committed,supportive
lk5npxw_0,potential back injury is one of the reasons why im having second thoughts of trying to change my pes. but it sucks to be labeled as chao keng.,0.5,0.5,neutral,neutral
hoo1ne1_0,"NS should be year at most. Everyone should go through it once. Reservist, however, is a complete utter waste of time.",0.5,0.5,uncommitted,critical
e55ech2_0,One time I saw my chao keng buddy clerk post on reddit den I went to check his username. From den on every time he post I down vote him 1 time hehe!,0.5,0.5,neutral,neutral
16dzryq_1,I feel that NS made me less mature.. People like to say NS makes people mature. I enlisted into army believeing I would grow and become more mature.,0.5,0.5,neutral,critical
zd4tfo_3,"Is it worth it to re-BMT?. I enlisted earlier this May, and I was part of the PTP batch.",0.5,0.5,neutral,neutral
c6l7phv_1,"2 years of suffering made me realise I preferred studying over doing this mindless shht. Training and nights out with my 'comrades' (and the occasional chao keng bunkmates) taught me when to grit your teeth and work, and when to 'relak-lah-why-you-so-kan-chong'.",0.5,0.5,uncommitted,critical
maxcri0_0,"I'm in BMT rn first year soldier

My personal opinion is that the country is not worth serving because half the fuckers in this country are bitchass bums who aren't worth shit. People always describe our country as a first world nation with third world citizens, and I couldn't agree more.",0.5,0.5,uncommitted,critical
1gzdbkq_0,"aeromedical review question. hi, im from the 04/24 batch pop-ing next week and i plan to sign on rsaf.",0.5,0.5,committed,supportive
furlw5x_17,It gets better. I signed on and I'm currently at BMT.,0.5,0.5,committed,supportive
ee6raip_1,"I think NS sucks big time too and I would be one of the first to pop a champagne if they do away with the conscription system despite having already served NS, but if you think it's not important to Singapore at all you're probably being biased just because you are still serving. Heck, besides the few crazy fuckers I've personally seen, I don't think anyone actually likes NS.",0.5,0.5,uncommitted,critical
mi1lgws_2,"I have a lot of reasons as to why I want to sign on and not just find any 9 to 5 job but I will just mention a few reasons, 

1. I enjoy military life.",0.5,0.5,committed,supportive
nikjf4s_0,"Ignore those that say you keng. They are just assholes🤣

I have back issues found out during bmt as well, not same condition, except mine wasn't pain but just soreness with different severity, but knowing this I skipped entire bmt as the consequene is not reversible, and instead was given with saikang jobs...",0.5,0.5,neutral,neutral
g83bjoc_0,"I think NS is quite impt tbh, even from a manpower perspective. But i also think its a fucking waste of time. I quite enjoyed the first year, but the last year was a fkin shitshow where i was just waiting to ORD.",0.5,0.5,uncommitted,supportive
dp2a0wp_0,"u should have declared it before enlistment, once u are in , people in saf would feel u trying to keng condition",0.5,0.5,neutral,neutral
d1rspj2_0,"If something does happen to you, is your family grieving over your dead corpse gonna matter more or how people think whether you chao keng going to matter more? Only siao on or gareng no brains pple think they need to act tough like other people.",0.5,0.5,neutral,neutral
ddcqkmy_0,Chao keng liao lor faster down pes,0.5,0.5,uncommitted,neutral
d8d0488_0,I ord today after disrupting (and completing) my university studies. Ayyyyy ord lo.,0.5,0.5,neutral,neutral
nltiqlm_0,"Now, I also know many people who chao keng in NS. Besides wasting the 2 years of possible growth, the keng can become a habit that’s hard to break.",0.5,0.5,committed,neutral
hhydgcs_1,"wayang as hard as possible. examples include but not limited to:

1) sucking up to ur superiors. 2) sucking ur superiors(bonus if u female)
3) volunteering to cover duty for regulars/nsfs
4) bribing?",0.5,0.5,neutral,neutral
l0lcdba_0,Lmao ORD liao alot of free time,0.5,0.5,neutral,neutral
e15w4dc_0,To gain combat experience for our NSF's the government has decided to declare War with Malaysia to better equip and prepare our soldiers for Wars in the future to protect Singapore from aggression as part of its deterrence and swift victory policy and doctrine.,0.5,0.5,neutral,neutral
jljijcs_0,idk bout u but MY NS was easy as ffff... so chill.. so relax... after 6pm u do whatever u wanna do. Then go get supper small snack.,0.5,0.5,neutral,neutral
k92mt4_1,Cons of spf SOC? Will SOC/police tactical trooper be worth it?. I think I'd like to get into SOC after my BPT as a vocation.,0.5,0.5,neutral,neutral
hcskysi_0,"in a similar position except i’m terrified of getting downpes because i want to sign on after my 2 years but feel like i can’t cope :,) totally at a loss of what to do too",0.5,0.5,committed,supportive
kaytxoc_0,"The NVG thing was an option in the past but it did not pan out. NVGs during those times were so rare that no one thought it was worth it frequency matching for the rare cases that it was needed. This was in the 90s and I was one of the rare ones that did get an NVG to play with. It was heavy and caused neck strain but damn when you are outfield and look at the sky with it on, the starscape was incredible, you see so many more stars than you can see with your naked eyes.",0.5,0.5,neutral,neutral
nwiaxs_1,Is it worth it to go OCS?. I have no intention of signing on after NS and living the military life.,0.5,0.5,neutral,neutral
ld3nsr0_1,"Unrelated but I still rmb the first time I book out during training coy and all the seniors doing guard duty were just shouting us to ooc, it's not worth it. It's really all about mind.",0.5,0.5,uncommitted,neutral
iuvkn6w_0,"Back in my time, got one LTA bike in camp kena destroyed by a trainee he F-ed. trainee probably kena DB but LTA bike repair no one compensate him. So yeah, is it worth it, Serve and FO bah.",0.5,0.5,uncommitted,neutral
i3gbyt8_0,It’s the retail promotions for SAFRA members that really makes it worth it for me. Gong Cha has 10% off the bill for SAFRA members too. Not forgetting the e-vouchers where the recently gave out a free cup of Medium-sized Mr Coconut.,0.5,0.5,neutral,neutral
fs6bsds_0,"just take grab, its worth it trust me",0.5,0.5,neutral,neutral
na8mpik_1,"I signed on as MIE with diploma qualification. No regrets-- I am blessed to have good work life balance, minimal workload,  7hrs shift work and decent pay (4-5k after working 5 years).",0.5,0.5,committed,supportive
gpdv60w_0,"If you compare us with other countries with conscription, sg is not particularly easy, just different since we have a different focus. We're not surrounded by openly hostile neighbours like Israel is, so our training is much easier than theirs; but we've also not given up on our military defence like Taiwan practically has, so we still have many years of being in the reserve force on top of having actual overseas exercises. And if you consider how we're actually going to defend Singapore in case of an invasion from the likeliest direction, ie preemptively grab a large piece of land from the invading neighbouring country and hold it in order to gain strategic depth and breathing room, most of us really don't need that much training, just the guys doing the offence. Of course if you compare conscripts with voluntary soldiers, it is exactly how you described.",0.5,0.5,neutral,neutral
gnelgl6_2,"Magnums are definitely worth it if you are going on frequent outfields. The boots gives impeccable comfort and support to your ankles due to its design. The insides gives a cushiony feeling, and can be further upgraded by using sports insoles and the Altama laces.",0.5,0.5,neutral,neutral
dv23lk3_0,Nope. Anyway I never Chao keng but just felt my vocation darn mundane. Although yes we can tell story at bmt and all but for my vocation pretty much nothing to be proud of.,0.5,0.5,neutral,neutral
j8d3zzs_0,"Seems mostly pointless

The detrimental part of NS isn’t the training or living in Tekong. While strenuous, it’s not something that cannot be overcome

The awful part is wasting away 2 years of your life, which is a major opportunity cost for your future career prospects",0.5,0.5,uncommitted,critical
h5m0dja_0,"Try getting uni sponsorship/scholarship from SAF, then its worth it. Higher prospects than peers in saf without, paid uni, as well as decently transferrable to outside. about 10 years from now (BMT, Uni, etc) being MAJ/ME5 and leading a coy-level or more is more than what your peers who don’t sign on and after 5 years, unlikely to reach that level of authority/leadership alr.",0.5,0.5,neutral,neutral
du6m5ot_0,Because PES status sticks with you when you apply for jobs under gov :(. You keng can fk off already.,0.5,0.5,neutral,neutral
jzss3gz_1,"NS taught me supply chain management skills, granted I was assigned the role of a Supply Assist (GE) aka storeman doing a CQ (Company QuarterMaster) job because there was a period of 2 months+ no CQ available in my unit (Seletar East) for about 2 months. Suay lorh, One storeman doing CQ job for the entire company, but I survive somehow and the Unit thank me for my work by nominating me Company Best Soldier for said month.",0.5,0.5,committed,neutral
cfyrahy_0,"Not worth it when you are going through the bullshit. Also if you do not pass IPPT and various other tests, you will be forced to OOC in OCS.",0.5,0.5,uncommitted,neutral
ke7b4ub_0,We ICT every year until sian but you wanna do opposite lol haha,0.5,0.5,uncommitted,neutral
jsaxvkw_0,">Alr sounded off to the officer on top of the tank that I have a migraine leh, he ask me to proceed, didn’t do much in the tank

maybe to the officer, it sounded like u chao keng 🤷🏻‍♂️😂 and i think LD only excuses RMJ frm what i know 

>but due to the narrow space I was claustrophobic and have difficulty breathing

wait if you’re claustrophobic and shit how did you even get graded pes B1 😂",0.5,0.5,neutral,neutral
dsw78j6_0,"sian i had been training for ippt last week, but kena stomach flu right before so all my training went to waste. Now training for next week ippt, which is my last chance to shave 2 months off NS, and honestly feel way weaker and less fit than before i was sick, now srsly doubting my ability to pass",0.5,0.5,neutral,neutral
i6v6jpi_0,“BO KENG BO CHUT PENG” - Kopitiam uncle when im wearing smart 4 to eat breakfast before bookin,0.5,0.5,neutral,neutral
ifop42m_1,"i wldnt say i love NS but id be lying if i said my NS journey didnt taught me several things. firstly i realised that if i wanted something id have to get off my ass and take action

if i wanted to have a slack NS life n be productive outside id have to take the effort to downpes.",0.5,0.5,neutral,neutral
gcog2t5_0,"Keng abit, exaggerate your symptoms. Either way, most probably you won't revocate.",0.5,0.5,uncommitted,neutral
nhuoxlu_0,Who says it's our duty to serve and die for the country? You think we volunteer for the force is it? Will you also do your part to die for the country also?,0.5,0.5,uncommitted,critical
hmne9kq_1,"If they want to wayang, then just let them be lor. Some of them want to enter SCS/OCS and sign on after, or some of them want the prestige of 3SG/2LT rank, then I guess it is their choice, and I am not certainly not in the position to judge them, try and bring them down or shit-talk about them as long as they are not the snobbish/stuck-up kind.",0.5,0.5,neutral,neutral
lbevhn7_0,No. I don’t actually want to Pes F coz I not keng. I’m perfectly fine in my admin job,0.5,0.5,committed,neutral
vtfssb_0,Help for UP PES as I want to sign on,0.5,0.5,committed,supportive
lhpfzr4_0,"Honestly NS made me really tough mentally and emotionally. I learnt how to be stoic and simply focus on the end goal, which is to ORD.",0.5,0.5,uncommitted,supportive
hsqy7f9_0,to chao keng or to chiong sua,0.5,0.5,neutral,neutral
dv38skd_0,"Well I love guns so chao keng never crossed my mind. Sometimes my friends chao keng, which is fine as long as it doesn't delay secure time. Only means I touch the guns more",0.5,0.5,committed,supportive
hk8rcz3_0,"Talk to commander, see OO, see MO. Dont hurt urself ,its not worth it for the long term, u will be seeing ur parent, cat and home weeks later, keep this thoughts in mind to overcome the tough times

Do report ur issue to ur commander and MO, so that they can help you when you are in need.",0.5,0.5,neutral,neutral
dz6clsk_0,I'm PES E. Can I chao keng MC to escape orientation?,0.5,0.5,uncommitted,neutral
elyt0st_0,"Need some advice from NSFs/NSmen

I’m currently serving my 2 years in the army and got an offer from a local Uni for admission next year July 2020. I will ORD on October 2020 which means I will have to disrupt my NS. However, the Uni has given me a choice that should I want to finish my NS first, they will put me in the 2021 intake. My concerns are is disrupting my NS worth it or should I finish my NS first?",0.5,0.5,neutral,neutral
h1liybi_0,IMO its not worth it and try your best to downpes. You risk re aggravating ur injury during BMT and there is no reason to compromise your standard of living for the next 50 years of your life for 2 years of service. Furthermore the pes b4 bmt is much safer and less taxing than normal bmt so why put your health at risk unecessarily.,0.5,0.5,neutral,neutral
khj000f_0,"NS is not worth it. If she doesn’t think so, we who served can tell her directly.",0.5,0.5,uncommitted,critical
mi1lgws_1,"I have a lot of reasons as to why I want to sign on and not just find any 9 to 5 job but I will just mention a few reasons, 

1. I enjoy military life.",0.5,0.5,committed,supportive
fmb1lsk_2,OCS is worth it imo. You get to learn and experience more stuff during training.,0.5,0.5,committed,supportive
h7b3zbu_0,Last time report sick also like that. When go clinic suddenly feel better scared Doctor think you chao keng,0.5,0.5,neutral,neutral
mwlwqh2_6,Shit experience. Waste time.,0.5,0.5,uncommitted,critical
fqm8ffm_0,dunnid. ord lo,0.5,0.5,neutral,neutral
gl5ud10_1,"In between all the officers who threaten to charge you, all the MOs who automatically assume you chao keng, this is really hard to do in reality. The base assumption in SAF is if you report any form of injury or sickness=chao keng.",0.5,0.5,neutral,neutral
cqs3rrg_0,"Most private sector employers do not recognise your military experience. If you're really bent on joining the SAF, wait till you finish poly, enlist and judge if the military life is really suitable for you. Don't get tempted by the paltry sum of money that they are offering you during your studies, it's not worth it in the long run.",0.5,0.5,uncommitted,neutral
nutuun7_0,Until I sian I guess,0.5,0.5,neutral,neutral
ml6l5ze_0,"I dont have other symptoms also im not trying to chao keng, also if im trying to chao keng, i wouldve been rsi-ing every day which i didnt. But still need to see what the mo say to my superior first thru the email",0.5,0.5,committed,neutral
jbeawss_0,"false information. had a big wrist surgery , mc 4 months plus until after ord . nothing,  
came back on ord day during mc to take cert, plaque and zao",0.5,0.5,neutral,neutral
i91zct0_0,ah sian i rather do non sign-on one sia if i knew but now i okay la in admin spec quite chill also,0.5,0.5,neutral,neutral
nehn6de_0,"Hi bro abit late but I always get ulcers too my whole life and have been finding ways to get rid of it until recently I chanced upon it may be because of the toothpaste. Try using Non-SLS toothpaste, I switched from Darlie to sensodyne and my ulcers decreased significantly. Although Sensodyne more ex but it's worth it bro give it a shot it might work",0.5,0.5,neutral,neutral
hzpme7y_2,"Went in 2 months eaelier, to be honest, it was well worth it for me. Depends on how you want to spend that time and if you want to bother trying to pass the pre-enlistment IPPT.",0.5,0.5,committed,neutral
iawp7zw_0,"Will be like VAR introduced to football. But VAR also can be biased by the VAR / on field referee; or make unforced error like not giving a “Clear &amp; Obvious “ handball penalty to Everton resulting in Man City gaining all 3 points and eventually paving way for City to win the title. All this committee Wayang Wayang only, the best part is They All Get Extra Allowance and laugh all the way to the banks month end regardless they come out with sound judgement or advice to the Court !",0.5,0.5,neutral,neutral
l2mrc2i_0,"Roughly a 30mins wait, it’s faster if you book in advance. Sometimes if I got a early vet appointment far-away I’ll schedule a ride in advance I think the fee is a extra $8 but worth it imo.",0.5,0.5,neutral,neutral
mp3nmul_0,"Lol, I applied for a job that wanted to see my COS but I never collected it when I ORD'd. Had to go all the way to Cashew to collect it and the company didn't contact me after the interview. Such a waste of time and money.",0.5,0.5,neutral,neutral
gbonm61_9,1) It's a tough vocation but very worth it imo. Not alot of ppl are gonna experience what you had/have when u become a FF.,0.5,0.5,committed,supportive
lipm5mt_0,"its damn sian serious. i am nsf everyday book out but my travel time is around 1.5 hours and i already wna kill myself because of the time i spend waiting. pasir ris to tuas is js so tiring, imagine u have to wake up 5am to rch work at 8am, absolutely insane.",0.5,0.5,neutral,neutral
hjoz4ek_3,I was a former regular and I signed on largely to fund my studies. Picked up the bad habit on deferment of thought and ended up suffering from severe passive thinking.,0.5,0.5,neutral,neutral
hkltzwk_0,Not pain n worth it. Clean penis for life.,0.5,0.5,neutral,neutral
e8f2ptl_0,"I can understand how u feel and where you’re coming from, but take it from me, I’m in my 30s and in the grander scheme of things, OCS isn’t worth it. Not an officer, but saw how my friend’s lives and well-being get affected because of their reservist duties... gotta go in earlier than everyone, come out later than everyone... gotta do all sorts of planning.",0.5,0.5,uncommitted,neutral
ghi2nci_0,Before pay increase mine was 800 plus. Sian peanut. Even the divers security trooper earns more than me,0.5,0.5,neutral,neutral
ldmr3fb_0,"ICT is such a waste of time. Especially high key or forced to stay in, when activities are done go home to join your family.",0.5,0.5,uncommitted,critical
lbtp1k1_0,"Short answer: no, it's not worth it

Long ass answer:

If you have a passion, it's fine to sign on. If you're in for the money, please don't cuz you will regret it.",0.5,0.5,uncommitted,neutral
lrpbc6g_3,Piece of advice bro: OOC from the driving course cuz not worth it. How to OOC?,0.5,0.5,uncommitted,neutral
cyjfpj5_0,"Channel that bitterness to positive things. For example, chao keng.",0.5,0.5,uncommitted,neutral
fpfvmai_2,"I see you have a few questions so im gonna try answering to the best of my abilities:

**What's the pros and cons of command school? Hows OCS life compared to BMT life? Is OCS ""worth it""?**",0.5,0.5,neutral,neutral
mhhhtyj_4,Depends on what you personally plan on doing. Majority of those on here will say not worth it.,0.5,0.5,neutral,neutral
l78g7uo_0,Best wayang doesn't matter LOL,0.5,0.5,neutral,neutral
ljpddyq_0,ns made me have the ability to sit and think of absolutely nothing for hours…literally.,0.5,0.5,neutral,neutral
jr8f4m7_0,"219, need to start being in ORD mood",0.5,0.5,uncommitted,neutral
hyg93sj_0,"You can think that OOC life is damn sian now, but trust me it’ll get worse if you up-pes again just because you want to cure your boredom. Similarly, you thought that combat fit life was so shit, so you decided to down pes for a better life.",0.5,0.5,neutral,neutral
d21zkd4_2,"Because of that, thinking that I'm a keng or some other reason unknown to me,  he's picking on me alot. Some of them includes

-asking me to book in when I have already gotten a mc of only 2 days from a government hospital (note not private) whereas my friend who took it on the same day doesn't need to.",0.5,0.5,neutral,neutral
njf2t2z_0,I served in a siong unit and enjoyed my time in NS and reservist but I cannot disagree that it was a waste of time especially watching people who didn't have to serve get a 2 year head start in the corporate world. In my case I started working with a base annual salary ~60k and now earning more .,0.5,0.5,committed,critical
pd43eh_0,"Level of difficulty regarding naval warfare system expert (electronics). I plan to sign on as a ^, but I’m scared of the electronics parts.",0.5,0.5,committed,supportive
m7x1vc2_1,"OP was asking if it was worth it to ""skip NS"". I presented my case based on the potential benefits of not doing so.",0.5,0.5,neutral,neutral
ijzcm1m_0,"Kinda like how I (foolishly, yes) smoked a moderate amount during NS but just .. quit without much drama after ORD and have been clean for over a decade. I really think the addiction is not to the smoke itself or its physiological effects per se, but to using it as a coping mechanism.",0.5,0.5,neutral,neutral
