chunk_id,text
j0wm3m5_6,"If I were to take a degree halfway through my service, would I be transferred to the track of SO? I really appreciate your comment!"
i9aqq9s_0,no idea. Probably new enlistees
hrwz00o_0,"If there’s such a clown, ngl, when he’s on reserve and has no MC, we’ll probably gather together and fuck him over and the tables would have turned. Call us petty but fuck off man, you don’t report to work 5 days a week, and get paid dk what fuck amt, and want to implicate others in the process."
itkcdl3_0,"Sorry for all the comments here telling you not to go ahead with your decision. Understand that they are coming from a place of care and concern, as most people in combat vocations have had negative experiences and did not like their time there, especially NSFs (non-regulars)."
da1at94_3,"2) What kind of vocational jobs the SPF provide? 3) I heard that there is a free driving class 3 lisence provided if we are posted to a certain unit(some neighbourhood police) , may I know if that only apply to regulars, or does it include the part time NSmen?"
e5tvp4t_0,"Saw and heard many sob stories. We emphatise, but we are just following orders."
krwod7m_0,It was a guy who is on reservist
18xw9dt_0,Infantry officer worth it?. I’m an NSF currently in OCS pro-term for infantry.
m46sa8w_0,MAY LETS GO IVE BEEN WAITING FOR SO LONG
m9qzv0_0,How does having acne impact NS?
irhu4mn_0,Go for it. My bunk at one point only had 5 ppl out of the original 15 due to fever and cough aka Tekong flu. Just make sure when u book back in u bring in snacks and charged powerbanks.
gg0nrc8_1,And also could you share where would I get posted to after my course ? Is there any chance to still be an officer or very low chance to be an officer and just start off as a corporal or what not ( not familiar with ranks and whatnot here )
jslbtlf_0,"Yeah I’m fully aware of that. Just hope I don’t get thrown to do admin/logistics as I want my army life to be fulfilling (may regret my words later on) but I really can’t see myself doing admin/logistics for 2 whole years. I’ve heard that they assign you vocations based on how many MCs you take or your overall attitude in BMT, any idea how true that is?"
kfyd1v7_3,"Then every morning 6am start 1 hour combat PT, which eventually climax with full SBO, dummy ammo, double bottles and rifle. We were wet to the core for breakfast."
n510bet_0,wait till u mix and work with regulars and they will open a brand new world for u to see lol.
jsojd8l_0,Give him Sign On papers
cf7hjbr_5,"A commander can no longer just bring his troops to conduct some exercise without jumping through administrative hoops. 6) Some of my regular friends who are clearing or just cleared their OC tours tell me that the mental strength of the NS troops today are a *far cry* compared to those of our time, mainly due to the regulatory restrictions now in place."
k5jxhu3_0,"Unless you from Medical Units where almost all our COs are Col (Dr), CO can’t do shit."
j4sycvb_0,"you will be jailed when u touch down, DO NOT COME BACK"
e0t5bwb_0,"My fitness is also bad(ippt pass before i entered this vocation,potentially ippt silver now) and i ended up in this vocation too idk why. Not silly la,I asked such questions too 3 months ago when I got my posting."
jf0rnwi_0,Wah Cb this just reminds me of how BMT “warmup exercises” more difficult than the actual pt sia wtf
no28b65_1,"The 37-year-old, who was an SAF regular at the time of the alleged offences, instead used the money to service his debts and expenses, said the bureau. According to the charge sheets, Song had asked several people for money between May 2021 and March 2024."
k0c7u21_1,"End of the day many regulars are not well educated and their job is on the line remember that. Their rice bowl is army, outside army nobody want employ them. So as long as their rice bowl is affected, rest assured they won’t touch you 💀💀💀"
ky1j4fu_0,the 5sir thing really got THIS famous meh... commanders also come liao
gu4slzx_0,"Sorry, but It's pretty much impossible, unless you up pes"
jlu0hjt_0,"btp, outfield and ippt are highkeys you could say, these you need do to ""pass"" bmt. route march soc cqb and those other arent"
hkb8if8_0,National service. Protests being banned.
dqqyxro_0,"Had a guy in my detail in BTP during BMT - he was trying to aim with the LAD, but the button cannot work or something.. He thought it was broken. He proceeded to call for help, SGT told him to flip the LAD switch to the constant mode,. Apparently the guy couldn't flip the switch while pointing his weapon towards the butt, ended up pointing it directly up, right in the SGT's face, with the weapon still at fire mode. SGT flinched, then fucking exploded, immediately ordered the guy to make safe, ground weapon and comms-ed the control tower. SGT check cleared for him, the guy went back and had technical handling re-conducted and joined another coy for BTP lol."
ldkeqyv_0,"Not sure but from what I have heard from people who have to regularly take psychiatric meds, they are usually Pes e9."
i7stbqn_1,"It's not like we can do anything.....

Edit: one more thing, was during vocational training. As I look and have looked as if I'm in my 30s although I was 20, someone mistook me for an encik while passing by the ops room. Mind you, I was wearing number 4 with literally no rank as a private"
igpnq5j_0,Most of the time ur gon bookin/bookout in CV so can carry any bag uw ah. Inner dri fit tee is depending on ur vocation and unit ig. If ur ASA prob can wear.
jyi4q43_0,"During BMT, the limited phone usage time makes it very difficult to connect with the outside world. Find a window and establish a mode of communication between both of you."
jagqobz_0,"I would say to pay well you need to find an engineering field which leads to professional accreditation like PE. I can think only of mechanical, electrical, civil PEs. Otherwise there's nothing distinguishing you from the hordes of other engineers from cheaper neighbouring countries."
mi9qvgz_1,"Not only will you be using that bin, the whole floor might also be using so your platoon mates will know and if your platoon mates know, the whole effing block will know. Also its for hygiene purposes, get a plastic bag for your used under garments or a ziplock."
mcbypvt_3,Just disappointing that the nationalism got so strong in this commenter's head that they felt the need to lash out to a stranger. Oh well.
hud4tgw_0,Could be system error.
g79jqcn_0,Hoho I was from Charlie and it is a whole different story.
fy7sui3_0,"Talk to your section mates, no need to talk about things you are not open/ready to share. Talking cock with ur section mates helps a lot since it kills time and takes ur mind off things."
lmeqmmu_0,"dont stupid like me bring extension plug, seargent ask me lend with them. anyways bring at least 3 portable chargers."
gk6a1jr_1,"Based on what you say you want, I think signing on as a man in the ADF suits you most. - The ADF is an all-regular force, and when you sign on the job fully encapsulates serving the country “as a soldier following orders of my superiors”."
iyf8oyf_2,"Yes it is, yall didnt introduce, cannot see yall in real life cuz in whatsapp, and you expect us to know ur rank from your name? That seem like a pretty asshole mive to me. And idt that is they are forced to be assholes, that person is an asshole"
e9sgrbw_0,Making space in Tekong for REC Schooling now!!
1c2vfy2_0,NS Vocation Choice for pre-enlistee
mp3eebz_0,I'm PES E and I got a hardcopy cert when I ORD-ed in the early 2000s.
i2ujbvy_2,"If your letter states Tekong, is confirm SAF BMT. Not SPF/SCDF BMT"
h4vnfdz_0,may I ask which vocation you are in?
k7oqkn4_0,"Singapore has been rabies free for 70 years. Regular testing is conducted on bats within our borders as part of a biosurveillance program, and nothing of note has ever been found. https://www.nparks.gov.sg/avs/animals/animal-health-and-veterinarians/animal-diseases-and-antimicrobial-resistance/rabies

https://www.nparks.gov.sg/gardens-parks-and-nature/dos-and-donts/animal-advisories/bats"
mtslpic_9,"With the powers of social media, it is very easy to somehow link him to you one day. As you scroll through his profile while you sit at the playground watching your son play, you can't help it but wonder what would've happened if you persevered."
lsirvr3_0,"I'm in mono intake 2SIR,  just finished confinement week. Any advice specifically for getting into OCS"
hsb5mlo_0,"SAF needs a constant supply of soldiers, whether NS or regulars to maintain a certain ratio of soldiers to non soldiers, similar to spf/SCDF. First gen citizens/PRs are not required to serve NS, not sure about second gen though."
l6smgs_0,"navy ocs - is it worth it. hey I’m currently in BMT, and isit possible for NSFs to enter Navy OCS without signing on?"
m7t4eed_0,"also, I consider racial slurs a minor harm that is simply reliant on mental strength and resilience. If it was an attack i.e on family then i would have said very differently."
jz41gk5_0,"Yes, a large part of the SAF band are NSF, but need to be downgraded + audition usually."
fl1tau_0,SCS Cadet in foundation term (allowance). As a new scs cadet in found term what is my allowance.. is it just 720 or 720+ vocation allowance?
g0jh6uz_0,Actually don’t understand why people be hating on the machine. Not all of them are bad there are a few where u can get away with just need to watch others go first.
1i7f7ni_8,"I was able to get my time down by a minute and 3 seconds. During the run, DO NOT STOP. No matter what you do, do not stop unless you feel like you are going to collapse."
f6yygye_1,"Heard the regimentation there quite strict also 😂😂. I’m posted to Intelligence for vocational training. In conclusion just appreciate your time in Kranji, because you will most definitely miss the camp after you get posted out"
l4a4n6z_0,He was an Officer. Few years back MINDEF published I think his speech when he visitted a commissioning parade. I think he was an MOS then.
gw1eknt_0,I suggest to get diploma first and talk to more regulars. Army isn't all fun and shooting stuff. Gotta experience it first then you know whether to sign on.
i62icvy_2,"Might as well take a sar21, matador and gpmg to go with it. Please la, if you're going to call someone's question stupid, think about your own first."
h6lsdqu_0,For me I tried to sign on with the SPF and they say that I have to complete the bond of 5yrs. The 5yrs consists of 2yrs serving as a regular then 3yrs service on behalf of your NS.
d8259do_0,You can use the emart as a member of the public. Mount Faber SAFRA is the usual place to go.
jszxfrb_0,May I ask why is scdf shit in many ways? Asking cause I also want to sign on
n2j3pm4_0,BMT bookout is standard for the first 4 weeks with the confinement week and wknd bookout. Depending on what vocation he gets posted to after bmt schedules can very. For example ASA vocation (at least during my time July 2022 intake) got home base learning for like a week.
hq1iiek_0,Hi i would like to know if you still have SHRO in unit?
11ng3y4_0,How to Dodge guards vocation
gr3ex18_0,Thank you for your reply. I was granted permission to do the interview in camp. ( online interview).
mc13x4_0,"More information about MSC Vocation. Hi, can someone tell me more about this vocation."
gfix1zt_0,"depends on your unit, but prolly yes"
yzekgk_0,BMI &gt; 42 for reservist. Anyone downgraded for pes b before? Just wanna ask as I’m going back for reservist in a few weeks.
jwexae2_2,"Let them solve for you, trust me quite fun too. But by doing that you will have the infamous called ""brain rot"""
gqo6zv0_2,"Otherwise, it will mostly be admin office job so i could see why it is boring. Nonetheless it is still prestigious and a very wanted vocation by many!"
d4u4j0a_0,"&gt; And what's your rank in NS if you don't pursue a military career? Depends on your unit, vocation, and corp."
1j3zrdr_19,"The stigma around online dating has mostly disappeared, but I understand if you have doubts about it. **Optimizing Your Dating Profile**  
There’s a joke that says your profile should include:

* One outdoor picture
* One with animals
* One with friends
* One showing your interests

There is some truth to this!"
id0gq5c_1,"Your own stash of black cord, clear tape, and markers? Or just really good personal food/drinks?"
gdalqpx_1,"So if you have the time to spare rn, I think just go w the flow lor. Don't worry, over time you'll slowly get bored of being bored and naturally find yourself itching for sth new to do."
m78ky0c_0,Can I suddenly say they hurt? Lmao
io9j4bg_1,"centipede 4d3n. cougar 1d1n

coyote I 2d1n but i heard first day is do rehearsals in camp."
drluszg_0,"Perhaps that one friend whom always stood up for you or did things with you that you enjoyed their company? Perhaps try dropping them a text saying you've returned and wish to catch up etc. Maybe through time investment you could rekindle friendship, and they could introduce you to their clique new or old. ("
kumv3iw_0,"Regular signing on without being on scholar track ? Do not waste your time. Only bother if you know you are going to fly through OCS,  been to an elite uni for your bachelor +lucrative scholarship"
i9b9hw8_0,"OP, you can consult a regular with the tab first before you do anything. But say you really want to, then you can ask your superiors (OC and above), or just call army recruitment."
kjsgo9f_0,we all know u chaokeng so just suck thumb and do
1bfa2lh_0,Posted to idti sea soldier
ndsqsow_12,"but, as your vocation isnt combat-related, your rank progression will be damn slow. afaik it's like 8 months from pte to lcp and must pass ippt, atp, good behaviour etc, and another 8 months from lcp to cpl."
hinge58_0,"first and foremost, he must be combat fit which means he needs to complete the enhanced BMT (which shldnt pose as a prob since he passed his IPPT and given Pes A)

second, he must go thru compass test and aeromedical test which is very tough according to my Sir. however, let’s say he goes thru everything without hiccups, they will then look at his GPA."
jz8vyhr_0,I love that the movie is a satire of all the book stood for
db0n97p_3,"Assuming a soldier is no longer good as a grunt after 30 years old, we would need to continuously recruit around 4k 18 year olds every year with no other attrition factors (resignation, injury etc). Assuming NS is 2 years we can extrapolate that 45k 18 year old men and women become eligible every year for the armed forces (i.e. half for years and double for gender). Allowing for attrition from other factors, that means the armed forces would have to recruit 10% of the eligible population EVERY YEAR, and convince them not to go to university."
fb77kjf_2,"You do not have to tell them everything but they need to know about your well being in order to further assist you if time calls for it. Your safety is paramount, not only to yourself, and is also the responsibility of your PC, PS and Sec Comd, so updating them is also necessary to prevent safety lapses on their side. **"
j2fq6wn_0,"Every one seems to say this with the assumption that borders will still be open, other countries will take you in as refugees. Or I guess you could take your chances with a sampan and try to escape to Indo or Malaysia, assuming they are not the aggressors."
gc62mav_2,Don’t do stupid shit and you’ll be fine. PM if ya need anything else.
cy627s5_0,"It sounds corny as hell but I really have some deep personal issues with drugs. My Encik in the army now tells me that a personal vendetta is always good because it keeps me going and that's what's motivating me now. Even if I get to be an officer of the law but I'm not in the CNB, I wouldn't be as satisfied."
l5bs80_0,"Possible PES C Vocations and what they’re like. Hey everyone, I’m a pes c recruit who’s about to finish bmt phase 1 in kranji camp 2 and about to move on to vocation training soon. What are the possible pes c vocations and what are they like? How’s the vocation training like?"
fxi40iz_0,"Was from the previous SCS batch. These are the few exercises that I can recall:
-We had 2 navigation exercises, Tenderfoot and Wanderer, which is basically when your section has to navigate across various checkpoints in Lorong Astana during both the day and night."
gzzaa0u_0,A pilots license is worth fuck all in ns just like how having a drivers license wont get you posted to transport. A mate who ORD'd before i enlisted said you shouldnt disclose any foreign papers you have if you dont wanna get marked cause some of the regulars see this as disloyalty to the country. I have a US pilots license and i never declared it to anyone while i was in ns
fqfrn9q_2,"I used to see different drs every time at cwc but now only one dr now. For psychologists, my first is a doctorate PHd (Senior psychologist) so more expensive . Psychologist (title) with masters is more affordable."
fyy2se4_0,"What you’re looking at is voluntary extension of service, nowhere will you hear it being called ‘extending service as a regular’. You also get NSF pay, not magically regular pay."
ftggn66_0,"At this stage I feel it still makes sense since we're still in a period of not socialising unecessarily. A lot of these work pass holders don't work with SCs and live with other work pass holders and work together in certain sectors (such as in construction) and as you know, these are the sectors which have resumed work. At the moment it still makes sense to seperate the two, but once we hit Phase II or III, then it probably would make less sense to do so."
dopcyhm_0,Is Air Force - air crew specialist a stay in vocation? For both regulars and nsf?
mhz8yuc_0,"As what the other commentator said, its not what they expected. Females are usually in commander positions since they sign on, and there’s lots of saikang and politics, regardless of office or outfield environment."
g9b6c2f_0,"You express interest, they will shortlist you for interview. Plus looking at your results, you have a high chance although I would recommend you to go uni and get your degree, then sign on ME4 rather than now sign on as ME1."
lxdwi95_0,"The issue that my fellow NSman and I have is Singaporean males are automatically conscripted while PR males have to serve NS to become a SGC after being in SG practically their entire life, whereas foreign males are able to become a SGC within 5years of immigrating and receive the exact benefits. In times of war and turmoil, do you think the female Singaporean population or foreigners turned SGC has a higher chance of deserting Singapore?"
gfaq93x_0,"Can't pick, you need to be selected. Though if you are really intent on joining you can sign on and try out for JSFST."
7lnc6e_1,Do i need everything from the packing list? And what else more should i bring/take note of during bmt? Thanks in advance!
k1u3cl4_0,U really always get to choose? Lol.
dr19x4h_0,Also my first time attending POP at floating platform. It was quite nice especially I since i'm going to ROD in 2 years and my dad was there. So 3 guys who served NS in the family was there.
htkqf2w_3,"I got used to it so much that when I was in a combat unit, I would even take my time to book out. My bunk became my second home."
naeqpv8_0,"Signing on is a very big choice to make, giving away 5 years of your life to NS, honestly speaking MP is a very chill vocation to sign on as, but it ultimately depends on you, I’d say why not you experience time in your unit wherever you are and decide from there"
j5ndkcu_0,"Yes, I’m literally slaving off like a regular on a regular basis but they get 5x my pay minimum."
jticf3k_0,all these moonlight comments bruh
jmtrrio_0,"Hotel is literally a hotel, towards the end of found term there we were practically sleeping in bunk most of the time"
howpzil_0,"I got TO as my vocation and has Combat on it. Can i know how much salary do u get as a private in TO

&amp;#x200B;

Sry to use this thread to ask the qn :("
e93dlxv_0,"Used to be from armour (tank battalion). Armour outfields, especially live firing exercises, are normally on weekends because they need almost the entire outfield area to be vacated when conducting the outfield. Probably due to the very large area needed to navigate/fire for the big vehicles."
dnbadf4_0,"SPF Neighbourhood Police Centre Officer, which is essentially the stereotypical police officer. Best vocation across all 3 branches of NS in terms of pay, experience and value IMHO."
hn1nv01_1,"If you're not in mono intake but you want to go commando, the other option is sign on. Btw for commando, they won't accept you if your myopia is 300 degrees or higher, based on what I heard from my Encik who was, and still is, trainer at Hendon."
ho28vlm_0,"My vocation in NS studies mosquitoes haha, hence I am trained to know about certain species of mosquitoes more commonly found in SG, as well as the diseases that it can spread. Japan climate is colder so mosquito eggs take a lot longer to hatch, that could be why you don't usually find much mosquitoes there ;)"
1lhpqrq_8,"it wasn’t the worst one I could’ve gotten based on my PES, but still, I felt the fear and dread return. The day I booked into my new unit, I already felt like something was wrong."
kaxbfs3_0,"I have enlisted already waited for 2 years though,to be enlisted..."
gmjn8b6_1,There's no such rule that restricts you from meeting another human being. Even if they are from a COU vocation. All you have to do is not tell them the confidential things your unit told you not to say.
rgp3z8_0,"QUESTIONS ON SCS FOUN TERM. Anyone able to answer these few qns i have about scs foun term

1. how to scrape thru SCS Foun Term, what conducts can be missed without OOC (eg."
l0e3lk0_2,"Fear of heights: That will be Apex Ladder and Balance Beam. This one is more mental, just gather some courage, place your foot securely, and keep your momentum going once you start."
g9u8s2l_0,If you sign on they expect a 5 year liability. After NS you’ll have to work for three years with the SPF.
l4agcby_0,If you want 2nd time you can sign on and serve forever
gimhtzs_0,"*** ZIPLOCK EVERYTHING. Itll definitely rain during field camp and you wouldnt want to risk getting anyt wet, esp your underwears and socks

*** RIFLE WITH YOU AT ALL TIMES."
g7rersd_0,If you want to plug it into the tablet make sure the usb cable only carries power not data.
kfj2hwj_0,Don't know what to do? Sign On! \~ My Encik
1ejq8ur_0,Questions about SCDF Posting Day
jii1ub_0,are ciggarates allowed to be brought and smoke in saf camps?. ive seen posts where ppl say they brought in cigg for the smokers and they brought cigg when they were in saf bmt but when they were thrown to scdf officer course they were shocked that they could not bring in cigg to scdf compounds
lrd9729_0,"Talk to him nicely, come up with an ultimatum. By right superiors are not allowed to borrow from their subordinates."
ibtnuv5_0,"Gentle reminder to NOT

* Share what a specific unit+coy does (Vocation and tasking). Especially so for C4I battalions 
* Talk about things that are OSA like the work of intel units, especially for the INT SENSORS AND SYSTEMS TPR."
ftobv8m_0,Mindef e-forum was the bomb. going thru 10 years of forum stuff and met up with a couple of liverpool fans from there to watch some footy together!
hz01uni_1,"Meaning MINDEF will know
2. SG doesn’t really want their citizens to serve in foreign militaries, so likely will say no."
10ghub4_0,What’s the biggest loophole test the system act you seen a NSF do?. sign on regular then ooc the long course when 2 years end….
xi4mnm_0,best vocations for scs pro term??
gm6yl8y_0,"Yes, confirm got live firing. There are 3 basic requirements to pass out, you need to do live firing, field camp and / or pass ippt to become a private."
l8laj0w_0,Hmmm cannot be leh because none of the above mentioned took place which led to such monetary clams
hmo0k2s_0,It depends on the context ar. If there is proof or tip off that the convo contain OSA stuff or maybe somebody want to chao geng.
nkxwz37_0,"Commando letter means you are being enlisted into the Commando unit. If so, you will go through a special forces training. And in the commandos, the chances to become a sergeant is very low and hard, and for officers, even lower and harder. Officer Cadet school is a command school, not a commando school. So unfortunately to answer your question, no, this does not mean you will immediately enter any command school."
nf6rp5r_0,shd be after u get ur beret (when u finish vocation training AKA u are vocationalised)
dfabxvt_0,"If you're enlisting soon, don't worry, you have 2 more windows for application. It's not possible for everyone, but if you get a vocation that is stay-out, consider buffing your portfolio by taking up some volunteer work, projects, or just learning some useful skill like cooking (not gonna help with application though 😅)."
lhubemq_0,"Hello,

Given your son’s hearing condition; there is a near-zero chance that he is going to end up in a combat or even combat support vocation. Command school is also out of the picture, sorry."
k1yblm6_1,"everyday i’ll just be like “fuck this shit la why am i here why must i do this” and when there’s a major event like outfield or some kind of special training these feelings will get even more intense. shit sucks because it made me feel like absolute fucking shit everyday and yeah the weekends pass like it’s 2h there’s not enough time to have a life

 it doesn’t help my dumbass ASA friends like to say things like “what is stayin isn’t NS 8-5?” “"
e2fbsiz_0,"Even in the extremely improbable event that your deferment does not go through, you can always apply for deferment on the spot, on the first day of your ICT. In such a scenario, the unit S3 would handle it for you."
ixxzbgp_0,Not called means nothing lo. I ord'ed in 2017 too and most of my batch guys have had a few cycles alr. Can't get higher tax relief and free holiday from work tho sadge
mk4n0m2_0,"Not too hard, just too high for my neck. Like my neck is 45 degrees like bruh it shouldn’t be"
cetcfvr_2,The mood I felt in Pasir Laba was usually uplifting and positive. The enciks are some of the most experienced WOspecs coming from different vocations in the army.
n5e29mr_0,"Should be can if they accept, SAF really loves sign ons, talk to your PC about it. My BMT recon PS decided to sign on OCS as recce officer and after some interviews he was accepted"
jlpvj42_4,"C9 vocations are also not limited to admin work although it is the most common posting. You also have chances to become a service medic, driver, supply assistant, security trooper etc."
hut1eud_0,"I now feel like making one for S3 branch as I was a dys3, but most of the things we do there could not be disseminated :("
hilx932_1,"Secondly, try not to eat the fruit bars and like some people said instant coffee as that will make you have more chances of shitting during field camp. Last, try to shit at least the night before field camp. This way in a sense is like ""check clear"" of your guts as you don't have much shit to shit in the first place."
l1tbcku_2,"We all joked he'd actually gone off to fight overseas...) It was a sad story, a couple of guys got teary. Later we found out he'd given explicit orders to our sgts that they were not to try the whole emotional manipulation thing cos it doesn't fool anyone anymore."
hmwh0hi_5,"This way 4/10 cycles will be spent during your uni holidays or in the early days of your career (whichever direction you take) and you're still relatively young and fit enough to handle all the stuff you need to do when you go outfield. The worst is really those suay suay 10 year never call back then suddenly call back, by the time you need to go fight ATEC you 35+ alr, shag bro."
jzr5g5x_0,What vocations are available for us to choose?
gbodq62_1,"I've seen a lot of people enthu af on their first day and on the third they wanna die. Besides, your life isn't really worth throwing away."
e77eczc_0,"Seriously though, I second this, at your age, you should try out as many hobbies as you can afford and see what sticks to you. Develop that hobby through your years and make friends along the way. At the very least, even if you haven't found a vocation you like, you know that you can still make a living off your hobby."
k6szg5y_0,"GRF is the best vocation anyone can get. Don’t listen to anyone saying GRF is shag ,coz spf works in a way where if u have nothing to do they will find smgth stupid for u to do."
ha4e81g_0,"Imagine now attending poly/jc/ite then after restriction lifted, enter NS  

Or you just ORD 2019, then preparing Uni, but every lesson Zoom. Losing a good half a decade of their prime"
mwt93v_1,"He received an SMS notice to postpone his enlistment from 7 May to 14 May. CMPB enlistment dates website also reflected this change. He was originally to enlisted on 7th (not a postponement from other dates). I'm aware CMPB had allowed poly grads to take leave/defer by a few days. However, 7 May enlistment was pushed back by 1 week. Wondering

1) If anyone orginally to be enlisted on 7 May received the notice of postponement?"
1flz0u3_0,What is your stay in vocation . What is your stay in vocation and what’s your book in book out timing like.
1krfm0m_0,Question about signing on
mu6nd7u_0,">reservist

SAF takes heat exhaustion very seriously these days, after several high-profile incidents a couple of years ago. When it’s Code Black based on the WBGT, they’ll try to postpone training."
i1d52c9_1,They still have a functioning government and cities/towns that have not faced the brunt of the fighting. The conflict while tragic has really brought them together as a nation.
iviaox7_0,some guy causing drama on eforums
fo5yhfb_0,"Not true for scs bro, bunk areas still same old same old no change."
sinkm8_0,Going to imh a&amp;e for my anxiety and depression for NS. So I pretty much decided to go imh a&amp;e to see a pyschatrist because I don't think I can wait for the appointment since the waiting time is so long and like my coy is going to pop in 4 weeks time.
lmw5itq_0,"Partly depends on whether you go to SI as a training institute or directly into unit. Most postings after SI don't even compare to the shagness of main combat vocations, although it may be comparable to if you are assigned to be attached to such companies/platoons. Such assignments will depend on the operational nature of the unit, as well as the availability of openings present for you."
jzzanni_0,Nope. Once u get st as vocation even the course best will still be posted to other camps as st.
jnisfqd_0,"get paid as per usual with your recruit pay. next month, they'll backpay the vocational allowance for the approximately 20 days that y'all are in your unit for June."
ibutcwz_0,You won’t necessarily be in FCTU tho. I was posted there on posting day but after NFM I got a new vocation
ieaiaas_1,"I have a friend who is also a dual voc driver in stagmond, who barely clocked 1k at ORD, but if you get posted to driver as a primary vocation I think it should be fine. Another thing I want to add that IF you really want to go SAF driving school, just know that the instructors aren't as nice as those in BBDC/SSDC etc."
ghd6gfw_0,"Haha tekong signal will be terrible either way when everyone is using their phones at night, really no point, just learn to tahan without internet"
jw43zn1_0,Book out from start to end only play that game with her kaki. 😅 Our age is quite close.
ims13sq_8,So glad im out of that place tbvh. I miss my upperstudies tbh.
i704fxe_10,"At the MPH, there is a damn long queue (at least my time lah). There are admins there who will check the vacancy of slots in the respective vocations and you can appeal to them."
n1tmzyv_0,Any medical pants Down exam is embarrassing. Can we talk. Hate exams like that
kybivru_0,"Your submission is removed as it's a question that can be better received at some of the following places:

* The Daily /r/singapore random discussion and small questions thread for simple trivial questions

* r/AskSingapore 

* r/NationalServiceSG for National Service related questions

* r/SGExams for Schools or exam related questions. * r/singaporefi for personal finance related questions. * Another subreddit that may be more topical."
mislts9_4,"He definitely was there by choice, since regulars could easily book out every day. Rarely did I see him go out of camp."
hgr7qun_2,If you're interested maybe you could take a look? People say that if you have background in C the course is easier.
l8tx9fb_0,I think it’s del monte. You can see the brand from the box where the bananas are placed in.
do5626v_0,"Lastly, remember that time passes much slower than it actually seems in an interview. If you need time to think, or string your thoughts into words, don't be afraid to just pause for a moment, or ask for some thinking time if you need, don't be pressured into rushing."
kqzvjj3_0,"idk what ur unit is, but highly doubt your superiors will let u stay in while u have excuse for it. Imagine if smt happen to u while ur in camp, ur superiors sure kena fuck cos u got medical excuse."
c3moiir_0,"Yeah, ""enough"" really depends on a lot and therein lies the rub I think. Easier to conscript everyone."
ezwjj7y_0,When did you ord? I was a gombak mp as well
n4abfw2_0,"Last held rank does not matter if it is an entirely different vocation or service, such as infantry vs DIS C4X."
1ej0wgn_0,unit question: can asa go to cyber ops?. i am pes e recruit allocated to asa vocational training.
nwv27py_0,So you’re lowkey admitting you faked the downpes?
ygjscq_1,"However, my IPPT is gold, so what are the possible vocations that I might end up in? Any benefits to trying to lose some weight to get Pes B1, other than Command School?"
jqv8323_0,Yup I do agreed with ur reasoning. But that doesn’t account for my commanders not meeting their own early timing
gg09jna_1,we were made to study many materials during the course. he was able to memorise the notes word for word.
eqvey9h_0,Then it is not that easy. They will ask you all sort of questions if you declared
ioe496z_3,"So don't get too worked up about the current batch of sergeants, if they are NSFs they will leave soon enough. It's the regulars and new specs that you'll need to build rapport with."
ouh5an_0,"Pes status because of spinal trauma due to service injury. I was diagnosed with cervical and lumbar spine contusion, with bulging discs, mild disc dessication and minor right foraminal narrowing in C4-5 and C5-6 level. I also had bulging discs at L3-4 and L4-5 level with mild hypertrophy and minor disc dessication, as well as annular fissures."
etx9d8z_0,"Defence budget includes IPPT payouts, ICT salary reimbursements for NSMen as well. Those tend to get recirculated back into the economy in one way or another."
gts3knc_0,"&gt;And I wish it wasn’t so, cos my own gpa is cui and I don’t have degree, so I’m speaking about what I went through... having such a hard time but that’s what it is 

I don't have a degree either, went out on a limb to start biz instead. These observations comes from the people I've talked to in the industries over the years."
i09vi6k_0,Wait 42 is empty? What happened to it? ORD from 42 6 years ago lol.
gok6hs7_1,Idk how support unit work. But most ord as lance cpl
i804zdz_2,"Whereas as clerks, I felt that there’s like no “community” or brotherhood cuz every clerk does different things and get “fucked” differently. As such, there’s really no one to shit talk and rant to about who will understand your experiences."
lvtsc1u_0,Need to sign on to get this role
167wx52_1,only heard of black tactical and some beach road guards. what do the rangers wear for ranger course?
hbpmtm6_4,"Edit: this therefore means that PES status is not exactly a clear indicator of what a guy's actual experience was like. They could have been PES A, in a combat unit, but tbh not really doing anything much or receiving much training (RARE but possible). Whereas a PES C soldier might be a clerk but did well enough to be internally received a ""promotion"" appointment to chief clerk (and thus promoted to 3SG rank without actually being to SCS), and during their time in reservist be a really pivotal/ meaningful cog. ( as compared to being a replaceble grunt)"
i62syml_0,Dsc clinic is covered
migqud2_0,"Bro, I'm a shit runner and improved my 2.4 from 19min (failed during bmt) to silver (11min) in a year. So hear me out."
h5dmkjg_0,"SBB is meant to be failed. However, towards the end of BMT, your commanders may not be as anal and just pass your bunk."
k03rdu7_0,Scholar as in SAF scholarship?
lcymhmo_0,"Lj la, btp harder bro, atp got aircon dont need wait all day, relak one see target shoot only"
1ncdwly_0,Ippt in BRT vocation (SCDF)
im2gpda_0,"Seaside security under Sea Soldier (Navy STs) is quite fun as we got our own boats to drive without much involvement of regulars. If you are willing to give up on having a sleep schedule, it can be quite interesting."
laah99n_0,"In NS, SA or ASA more likely will be doing a low level regular job. It’s the truth and it’s sucks."
m0u777s_0,"U can try ask for leniency like later book in, earlier book out. But if that fails and U need proper sleep, I suggest U revoke the status,"
j2whzpu_1,You either Cougar or Apache liao liddat. Then cfm Cougar?
12pd7lq_11,"Secondly, once they reshuffle me around to another unit, the period I heard is about 3 - 4 years or lesser (maybe?). Lastly, we all have other things in life to focus on, rather than this."
ijzgy5g_0,serve until brain spoil…
u75pcz_22,"Insomnia is slowly starting to return agn. I thought with office hrs, I'd been able to end my battle with it."
h4rv9g7_14,"1st Coy’s OC once said something that I really liked, just gonn share it: “Don’t compare welfare, compare standards!” All the best!"
lbr2vrv_0,It's SAF's way of getting new people to sign on
hcx8pot_1,"I'm guessing you're a Bravo Batch if I'm not wrong. After crossover you'll go through this phase called ""training coy"" where you'll build up your physical fitness and go through a build-up of outfields, all to train for EX72 the Red Beret. As Bravo Batch you guys will also be going through your ORNS, basically the coy's vocational training (you'll understand once your SM talks to you about it). After EX72 and Red Beret you'll turn Ops (i.e become ""OPs coy"") where you'll focus mainly on ATEC preparation. I feel that as a battalion boy, your SM and OC will be less regimental with you as compared to in PRC, because you're no longer a recruit/private but a corporal/sergeant instead, someone who will fight alongside them during ATEC. Nonetheless, standards and discipline still have to be adhered too so just don't fuck up the trust they have in you."
jsubtl6_0,"Wah, wish that they were this strict in my camp… a lot of people just smoke in the toilet openly. They don’t even try to hide it."
hd5sbgw_2,How many days of mc can I get? Being in camp really creates too much stress and pressure to my mental health. Please help thank you!
1ffwac3_10,so i asked my PC. got to know i got taken out of command school for reasons i dont know.
h20qea7_6,"Timings will be pushed back 1hr if there is PT which is always conducted Monday, Wednesday and Friday. All the MEs in my depot super nice and friendly, they basically carry the whole section and do the super hard task."
h4vgw9s_0,Sign on as commando maybe 100% chance to try get in.
eky3tz4_0,9 x 7 = 63. so yes. unfortunately they're paid in emart credits so...
fxgjcb6_0,"Alright, so ask yourself then whether it's worth it to down-PES or up-PES so close to ORD. Keep in mind, you're one month away from the 6-month mark."
lwlxrnh_0,The first time they gave was like a few years ago???
jcyddza_0,"He's asking you to sign on, can become a BG like him one day."
i0l0j61_3,"I remember opening up to my encik. His reaction of rolling his eyes and looking at me like i trying to CK, really fucked me up."
e841so5_7,"I brought mine [here. They used to carry in green.](https://www.camperscorner.com.sg/product/fox-river-primahike-crew-khaki/)
3."
14chg7v_0,navy supply field vocation. just got posted to this vocation heard its handling ammo stuff.
mgtt8tp_0,i m likely with armor cos i heard HQ is for the lower PES people
iwbd3qs_0,"https://www.todayonline.com/singapore/jail-driving-ban-saf-regular-injure-motorcyclist-2016496

Indeed. Just last month a 30yo kanna 10 weeks jail, 5 yrs ban despite a clean driving record and side-crashing a motorcyclist while trying to avoid a chain collision on highway…"
mcovzh0_0,yeap all is still good as of now
hv5cyrc_5,"Yes, there's some level of seemingly endless pushups, squats, rifle PT and all that but mind you, it feels way worse than it actually is. Heat is a bitch."
icygvjf_0,"Ah i remember the 1st day, i ask my Sargent if i need to salute if i enter the officer office."
dqzi1vy_0,"saw my ICT schedule for next week, ""draw arms 0400"" smlj lol well played. why am i still here? just to ｓｕｆｆｅｒ"
hnq750x_0,"Exactly. A lot of the guidelines in SAF are outdated and don't make any sense, and it's usually only the CSM or some SM who even enforce these. No NSF actually cares about some of these outdated regulations but simply due to the fact that it's there, we can't rly complain if SM charge us for it either."
1mtilt6_0,MDES Army Engineer sign on
1e4jbl7_4,"Sources are, visits to said squadrons (i can't rmr which ones wasn't interested at that time haha) and talks with other regulars. I know being a RSAF regular can really allow me to make a name for myself due to the credibility but.. basically skill issue haha."
nhia71_1,"I have just finished infantry pro-term at Pasir Laba Camp, posted to ITI, literally searched through the whole Reddit but couldn’t find anything on it. are there any veterans that have been posted to here before?"
jqzbbxk_0,"Hey OP, ex stay in suppose to have same amount of rest when they reach home. U may consider to talk to your commander about this if you stay wuite far away."
h3nszn4_0,"You can actually raise this up to the chain of command, you could give him one last chance and tell him how you feeling, if he still doesn't change, follow the chain of command."
gpw4osj_0,It's fine if you've already decided not to pursue a degree. The sponsorship has more benefits if you sign on with it as early as possible.
gu50qbe_0,"Actually what does ""free time"" mean? Does it mean we are confined in the bunk and just stay there, or like we can roam around and do stuff?"
hrw3xqy_0,Had a section mate 30 years of age. Was in Malaysia doing business.
zmjsam_0,Packing list recommendations
16hn2wh_0,Seeking info on Signaler Role. Hi guys i found out im assigned to the role of a PSO signaller at my C4I Signal Batallion.
10pthj0_0,How to stop admin bottle from spoiling from the top and leaking water?
dydfid0_0,"More technology means more entry points for hackers... Government invited white-hat hackers to break into Mindef and managed to find 2 critical exploits, this will surely add more"
nwvrp3q_0,"The better vocation for MME would require you to have a degree or secured places..  Diploma qualify for EOS so, no need degree..  and You would want to think really hard to go wospec route if you plan on getting a degree..

You can sign on under EOS as a diploma holder, but don't take the sign-on bonus if you plan on getting a degree and take the study sponsor instead which cost a lot more then the sign-on bonus."
l948c59_0,Eh probably depends on vocation. Was skinny af before NS but as a firefighter just need to eat more and the training will kick you into shape soon enough.
11waus8_0,"Why only recruits can cut botak. Not me personally, but I overhead the regulars saying how we shouldn't cut like bmt and at least let some hair grow out."
1hfyzes_0,"OOC OCS what is the process?. Hi there,

I just started OCS yesterday, however, I need to OOC due to an injury."
gr0o7h8_0,Can always try and sign on now. Just go apply.
yfm3sw_1,"I’m a 22F enlisting on 16 Nov and currently training for IPPT. I rarely exercise before I sign on so I’m in need of fitness tips on how to improve the 3 stations &gt;&lt; I’ve been exercising for the past 3 weeks but currently here are my scores(?) for each station,

2.4km: 16mins 
Push up: 20 (I know weak) 
Sit ups: 28 
 
Would appreciate if anyone here be it male or female can give me tips on improving my fitness level."
ffwmsbk_0,"What I can tell you is that you don’t have to be friends with your section mates - just don’t be an asshole can already. In unit though, try to make friends because you guys will be stuck together for the remainder of your NS  + reservist. That and adopt a “just do and fuck off back to bunk” mindset, don’t argue unless safety breach until really jialat like commanders making you do shit that you’re specifically excused from doing."
k158ajd_0,during my bmt I only had rice and a bit of chicken or whatever parts of it thats cooked. Most of the time chickens partially raw for watever reason.
ij9i9ae_2,Not exactly chaokeng since I was actually injured. But yep
jp67l4j_0,"passing ippt doesnt correlate with switching of ""vocation"" (i forgot the actual word to use). it just means you get a 2 month reduction from your NS"
gvm4fqo_0,Hahaha. I can see that happening. Thanks for your help.
kg9lru0_0,still duty what unless you excuse night duty
hk1sco8_0,"Moreover, being PES E(?) he wouldnt even get to do stuff like grenade throwing during BMT."
n4cygh0_5,5. Everyone that sign on goes to command school.
1e0zkru_0,"Weekly questions and discussions - July 11, 2024. Use this to ask smaller questions or for discussions. * Downvotes are strongly discouraged
* Please be polite
* Join our [Discord Server](https://discord.gg/jRSWjdtQg7)
* Read the [Frequently Asked Questions](https://national-service.now.sh/faq) too

If you have any issues, please [contact the mods](https://www.reddit.com/message/compose?to=%2Fr%2FNationalServiceSG)."
i0w6p1m_0,"TIL SAF is the world’s No.1 Business school, producing more GLC Senior Management than Harvard Business School and other top global institutions put together."
1hzybgx_7,"any commands i should know (they're in malay, right)? trying to learn them ahead of time since i suck at learning new langauges :skull:
5."
hn10wac_1,I think you need to check with SPF or SAF on this. sign on part you can check with SPF career side. better ar
n49goab_0,"This is military. There is no ""fairness"". That is a civilian thing."
k87b5qn_0,"depends eh, some spf regulars have tattoos as well"
j3uih8u_0,Both actually. OOC due to downpes and after clearing the issue I asked the MO to uppes me as I plan to sign on.
int2s12_5,"Some are like family, organizing many meetups and bonding events. They are friendly to each other and the NSFs can be very close to the regulars. On the other hand, there are Rotas who draw a line between NSFs and Regulars."
1d9voki_0,Conditional Police Warning in regards to SCDF vocations
jg2vy0d_0,"I think it means that if you gain or lose weight, they will delay your enlistment date. Not recommended to lose weight, during your enlistment that day they will weigh you again and if they find out you have lost weight they will delay 2 weeks to join the b1 batch. Pes bp is the best privilege, I came from bp as well and the training is very chill because they cannot force us too much as we are “fat” and all the best for your enlistment!"
lecbhdf_0,I think for regular units. There are alot of outfields or training.
mjs620r_0,"When you doing demolition in a solo mission, you can see which colour wire?"
mbu7k4g_2,"If you successfully down PES or become OOT after being given 84d LD, you will become a soldier in transit, you have to stay in your current camp until they revocate you to another camp where you will likely perform SA/ASA duties until ORD or they recall you to finish your BMT. 4."
elcno46_1,"The middle option is out of training (OOT), where you have a less severe conditon that you may recover from, but not in the 4 months in BMT. OOT personnel will help the sergeants' unit in admin matters, setting up water points, scouting camp grounds etc. After a few weeks OOTs will be posted out to support vocations usually"
1jez2n3_2,"One day, my pes status got updated and I got a permanent E9 for the physical condition, which then I took a screenshot of and showed anyone that needed that information. What I did not know was a month after this PES change, there was another PES change presumably due to the ADHD."
lf2lqh1_0,"Firstly, no guarantee that you will be a Tekong spec after SCGP. Tekong Spec is a posting that only a minority of specs get posted after SCGP, most will get posted to unit, or other training institute."
l4a5hnx_0,Not all. There are man in RSAF also.
hbwwoiw_0,Go chance for intel vocation aswell
1293p4b_2,7 months to Ord. Is it worth it to go see the Pcc to see whether can Pes F or just tank it through.
m5q0fs2_0,just be patient. i got after 14 months only.
ke6kyrr_0,"That one time it was CAT 1 and the IPPT was conducted in the car park, it was the stuffiest place ever. Thank fuck i wasn’t the one participating"
hmwxano_0,"idk where in the system they mess up, for me to get this pes and vocation  
And last time in NS times, i alr got the memo from the specialist outside thus the MO gave me the unfit for recourse BMT memo. Now if i got out and get the specialist memo, its going to cost me money liao."
1ivyojp_1,"i just collected my A level results the past friday and i have been looking at a few career options for myself. i’ve been passionate about becoming a paramedic, but am unsure of how i can sign on."
hettxeh_0,"Has anybody signed on in the middle of their NS, or die die must wait for 3 months b4 ORD to sign"
k4o64k8_0,If you got HIV I think you can ORD and ROD loh. Why would you be charged for getting STI? You are free to engage in sexual activities outside of your working hours.
eyuq0t6_0,"Woke up tmr morning, realised he was on guard duty the whole night. One row of 4 closet beside my bed
Knocking of the closets, worst part is that the knocking come closer after each knock. I didnt even dare to open my eyes lmao."
nucwxi9_1,"Tbh, medic course is pretty easy and the life afterwards is way better than most units (unless you kena Sembawang medical centre, I would kms if I did lol). The only worry you will ever have as a medic is liability. Just pass, act dumb and avoid liability/issues... It rlly isn't that hard."
jwans09_0,"No need do anything. Mental condition is all just mind games, just do more work and you'll forget about your problems already. - my encik"
j4c82nr_0,I don't think SOL is informal punishment leh. It will be recorded within the military system.
lq29e0n_0,What if yoU’Re a rEGulAr? 😞😫
1plncze_0,"OOC from BMT - downpesed to c9, where will I get posted most likely?. Hi, just want to ask for advice."
i1ccl3c_0,Supply spec not under SCS. SCS are for combat vocations only. Supply is under the combat service support command (CSSCOM) formation.
l3u2ulo_0,"Hi, whatever you decide on realise that it's not the end of the world if you change your mind. Sign on, hate it?"
hu9vo01_0,"Does DXO count? In my camp there was a DXO who looked really young for her age, drove a sports car to camp and walked with a crutch so she really stood out plus she also had pleasant personality &amp; a sweet voice to boot."
lqrtdi7_0,"And within the army, himars, signals, armour"
woddw3_0,"PES C9 Air Force vocations. Hi guys, I’m curious as to find out what vocations are there in the Air Force for pes c9 soldiers like me. Are there any vocations which would qualify me to get a vocation wing patch?"
ibubufv_1,"being posted out of mono isn't easy 
3. the number of people posted to scs is very high, and quite a few people being posted there who definitely don't deserve to be a sgt

i wonder what the amount of people gg to command sch compares between mono inf and other normal bmt coys.. perhaps because its mono then more ppl choose command sch in hopes of getting out but didn't expect them to send ppl to command sch so freely.. thought 2 sir had a manpower shortage lol"
dmfg4ly_0,"What is your vocation, if you don't mind me asking? Fellow Gedong NSF here."
lmcblvp_0,Hoping for the best then
kv9dd6n_0,"phone the lowest regular commanding you, whether it's pc or oc. They know the policy that before you report, you are under them still."
iyvtzwk_0,"yep, what op on this comment said - it’s about how we see this period in our life after all, you can choose to see it as a gap year where you don’t have to think as hard (for most vocations), leadership opportunities for some or even just places you can volunteer to help or make connections that can last you a lifetime. anything but seeing yourself as the victim, see it as time you can use in certain ways"
d9vk3nk_0,"90% of the guys who served NS will know in some form if not all the swearing words in English, Mandarin, Malay, Tamil, Hokkien and Cantonese, at least..."
iiwpqku_0,"Bedok camp, you'll get to see
 

Armor troopers/commanders (Certain vehicle in Guards)


Artillery troopers/commanders (Mortar commanders pro-term in guards)


Logistics troopers/commanders (Supply base)


Transport troopers/commanders (1.5 Ton and 5 Ton tunnels for Guards infantry troopers)


Lightstrike company (Lightstrike operators)


Commando troopers/commanders (Lightstrike Vehicle drivers)


I don't know about other camps, but Bedok camp seems to have a wide variety of the ARMY vocations."
n3cnes5_0,"Yes, heard of such cases. but not so early on in your career. And it also depends on vocation"
e7k19wf_0,Check your heart probably. Friend had a check before enlistment.
14eo5k3_1,"The location I planned to go is Maju FCC, however when looking at it, it seems like Maju FCC is inside Maju Camp? Google map directions is confusing me so if anyone could share how to get there, many thanks."
f55cyfc_1,"on 03 Nov 2018 evening (SGT). Furthermore, in response to [MustShareNews's subsequent query about the leaked photos](https://mustsharenews.com/nsf-death-bionix-land-rover) showing the crushed Land Rover, Mindef said that *""they have yet to confirm the authenticity of the circulating photo[s]""* -- apparently trying to insinuate that the photos are fake, &amp; with the latest charge, that the whistleblowers are troublemakers."
k57yxlq_0,knn u everyday sit on chair also tired. those everyday run in jungle also nvr complain shag. guniang
jvqdr5p_1,4) I don’t think so. For NSFs the only navy vocation that has you go back to army for training is underwater medic.
gcxy43j_0,Cannot be go alone mah need ask my section also bro later all kenna extra
nkac610_0,sign on life and ns life is different. spec/wo life also very different from officer
jeihygs_1,Drinks are cheap so they can be provided for free. Credits can be accessed through 11B.
gyllzdx_0,my ICT on 15th just got cancelled
ejsonxr_0,"CFCs are like 3SG-lite, more responsibilities similar to 3SG but lower pay than 3SG. No additional 5 years ICT but the small increment in allowance over CPL is not really worth it."
ne3duxi_0,"Dear Embarrassed-Bother-8,

Your [post](/r/NationalServiceSG/comments/1ngefje/how_to_maximize_chances_of_getting_dis_vocation/) on r/NationalServiceSG was removed by the Read The Rules app because you need to submit an acknowledgement that you have read the rules. **Please:**

* **Take a moment** to refresh yourself with the community rules in case they have changed."
lmcu8gg_6,I just stood there. Blank faced.
dk2e7up_0,Does that mean u ORD alr?
g249vtc_0,"The point here isn’t about comparing between vocations. Sure, anyone would want to stay in air-con environment mouse click excel files than to bash through a fcking jungle with Alice pack and fck ton of stores."
j6x2uge_0,some of the regulars were attached to afghanistan and iraq
gzl6jyq_0,"If you are already facing issues with completing your tasking and having anxiety issues, what makes you think that going back to the army will be a better solution? Also can i check which vocations are you looking at and the scheme you are applying for?"
ieogelg_0,Boomers prefer to la kopi at kopi tiam the whole day lol
hn0zsof_0,No. SPF regular training is at HTA.
l65va5t_0,04/23 batch was the test subject💀💀 8km in the morning is split 4km - leopard crawl throw dummy grenade + CBA - 4km. 16km will be on mainland starting at east coast area.
jiq7bmo_0,"Former regular here

The only vocations that provide NSFs with any relevant transferable skills are ASA (clerk), Logistics, CLS (combat lifesaver/combat medic) and Driver. Pretty much every other vocation teaches skills that are useless in everyday life but necessary for that vocation. Furthermore, leadership skills from ocs and scs are not transferable to civilian life, since you aren't so much taught to lead as you are taught to convey and demand obedience, which falls flat on its face outside a military context."
cyguth4_2,"Had my book out times fucked up because of minor mistakes and my fair share of physical pain because someone in the company decided it was a good idea to watch porn during lights out. For all the negatives like shitty regulars and shitty work, it did provide me a once in a lifetime experience of being a soldier even if it was just the underpants version."
h0a877m_1,"10min flat 2.4 + 8 mins flat SOC is average timings in my active unit Coy before ORD. There is also reservist hell for those that has no time/effort to maintain their physical fitness/endurance. I understand that NS vocations are random, I just need to present my perspective to ya."
fxiqf3x_0,"What the other comment said - You'll have a lot more regimentation than usual vocations, however the tradeoff is that you don't have any outfields. PES doesn't affect the training you get because you're gonna be lumped together with other who are from PES A all the way to B4."
i155p8y_0,Nope I’m not from ocs
mhz17el_0,"If your intentions is to sign on to go OCS, you should voice out to your commanders and they can help you. If you aren't planning to sign on then... no point in crossing over I guess."
l6fwvrh_0,"Oh, but doesn't FI have a GRF component in their training also? ( Unless the outside TRACOM type works different I suppose) Did you put any other frontline vocation in your preferences other than transcom?"
iculofk_0,I think tiger balm also helps
17bti7f_0,"Weekly questions and discussions - October 19, 2023. Use this to ask smaller questions or for discussions. * Downvotes are strongly discouraged
* Please be polite
* Join our [Discord Server](https://discord.gg/jRSWjdtQg7)
* Read the [Frequently Asked Questions](https://national-service.now.sh/faq) too

If you have any issues, please [contact the mods](https://www.reddit.com/message/compose?to=%2Fr%2FNationalServiceSG)."
1ag9bh4_2,Not to mention along the corridor people are just in underwear or naked. The clerk should have warned us.
m66o7zl_13,9. Is it true that some races can never get certain vocations? Thanks in advance :D
ejiafam_1,"They don't even care about your PES status anymore as long as you don't give them/have problems, but they will still take note and ask. Source: was regular and a pc, asked a lot of men to do it nice nice 🌚"
j7o802s_0,Recording audio is strictly not allowed in MINDEF/SAF premises. This can land you in hot water if your superiors would like to make life difficult for you.
i273mmk_0,"Knowing how the system for reservist call up works, there's no link."
i070vdi_0,Slack for two months then see where u get posted to at the end of ur course
h14j7wk_0,My frame got one guy OOC say driving anxiety or you could just fail all the test and they should revocate you…
gbg3kp6_0,"No swimming. I have a friend in PES E, no need to even lift a finger for physical activities."
dnkkd8n_1,"First off the regulars and active NSF will be deployed before the active NS men and the reserves and, what we are currently going through is peace time training, obviously in times of heighten tension training will be stepped up. Same goes for the psychology defence levels, every country will start psyching up their population and get them motivated in times of war which in turn will make the NS men take their training more seriously."
ehuejo1_0,Confinement week of BMT. We were discussing about where we want to be after BMT and some of them said they hoped to go to command school. That's when one of my sect comm came in and said told us point blank that standard batches have a no/low chance of going to command school.
mzntkxd_16,"Makes NS feel more fair and purpose-driven for the younger generation. Aligns better with modern threats (cyberwarfare, hybrid warfare, civil emergencies)."
hzf1vhq_0,"you work for 4 - 4.5 hrs everyday, you still use your phone in the office and you want to complain about 1 MAJ giving you a hard time. i think you must have brain damage or something lol theres no way you are being serious."
mi1gh85_8,"You’ll need to command and control your guys to achieve a goal and it’s not easy at times, especially when the specialists have more expertise than you. If you want to find out more, do contact ARC and see if you can get an invite to the army experiential program to see their assets and talk to regulars! Most regulars I’ve talked to are generally willing to share what they don’t like about the job and I think it’s quite insightful to see the ugly parts of the job."
15bvwhj_5,8) How much wet wipes do you recommend to bring? 9) Wet wipes or makeup remover for camo?
go06suj_0,oh nice free data haha how much and how often? anw I was thinking of getting the corporate mainly because my phone's battery is detoriating rapidly and if I manage to get the corporate discount i wld be saving some money but thanks for ur suggestion will take a look at gomo!
d73rj63_1,A group of tech advocates regular invited by singtel to testdrive their unreleased tech products. That's all the salt i got...........young padawan.
cqfbu19_0,"We can learn from the model in Switzerland. Females should do National Service too, but they should have the option to do things like community service, etc. instead of purely military vocations."
jop9ye5_0,1. Confinement week is only for 1 weekend.
lq3crnj_7,"Go call counselling hotline. Go and seek help from your love ones, your family, your siblings, or even your bunkmates."
fqkiik0_1,"Some NSFs do live in condos( I work full time and I still cant afford to) , some go on holiday (I cant really afford those either) and almost all have smartphones. Indeed they are what they are: LUXURIES."
1i4a3nh_8,"The sound would occur right after I woke up, followed by the coughing from my bunkmates. Finally, it was the last day of the week, and I was relieved to be leaving that bunk."
fcxh58w_1,"Btw those who are fortunate enough to enter mono intake, there are also many ways to escape mono; for the daring ones yall can try for command sch. You will have a chance to try other vocations once there"
hrm563a_1,"Throw rocks or use bayonet to charge? Or do you still need to do things like dig shellscrape, route march, IPPT and SOC? Might as well directly send to a support vocation."
1irhzya_5,7 hours of uninterrupted rest on that schedule was sufficient. Not counting the mini naps I could take during the day while waiting for something to happen.
lbesokj_0,"with ur mindset, no wonder pes f"
leirfsu_0,curious if your academic grades do play a part because my peers told me abt it…
k28g3wq_0,Disc bulge is pretty clear cut. Show MO specialist letter and MRI.
g3fjo2g_2,Don’t do already and have no gall accept the consequences. IPPT back then is six months once.
ergf28s_0,"To clarify, i agree with the general sentiment here, but...

&gt;having them fall 12m 

The fall was only about 1m, just that the water was 11m deep. [ Picture here](https://www.channelnewsasia.com/image/10719020/0x0/1600/1233/51b3af9d2af88f24a1e616f483419238/lx/scdf-nsf-kok-yuen-chin-s-death--a-timeline.png)

Considering most people usually float, and that it is very easy to forget how deep the water is when all you see is the surface, it wasnt as outright stupid as pushing someone into a 12m fall as you put it. Still stupid, though."
lk4lnrb_1,I live a good life during NS. Reservist was good too but not as good as NS.
n1ec93t_0,You are comparing a conscription vs volunteer only force. Guess who have a higher morale and who doesn't.
hh75ojg_0,"Your OC has no say either, have to wait for CPC side to post u out"
n74zf4k_0,Lint roller. Super helpful for clean the dust off especially top of locker
ipb9u1z_0,"No they're not stay out, they're on MC. My OC knows about my excuses. My superiors all know my excuses."
g6b7ssp_0,"my vocation is civilian

ordlo"
kikrfou_0,Refrain from food first see what your bf the superiors say then give. Essentials ppl here alr give luh lol
5fwjd4_0,Which vocation should i choose during the pre-enlistment screening?
hxsleff_0,sounds like my vocation/mate tbh.. LMAO
l8j2mbj_0,"No clue, only written as sig opr for reporting, any way i can check?"
k9lf1i4_2,"For CDO, SFQC n Ranger is not necessary for NSFs. Both vocations will be shag, and tough in different ways."
1427jyc_0,Information on how HORRIBLE the NS system is
i0wa0mc_0,Ng eng hen personally passed it to me. It was very very honourable to meet him.
gmmdc4a_1,"If he punch back, fight back. You are gonna get hurt but it is worth it in the long run."
l55uqyk_0,"all 3SG from any vocation have almost the same pay, other than your 13mth bones at the end of the year, all other bonuses are given based on performance."
g30r71n_0,"For more impt vocations (ocs, pilot, commando,etc.), they’ll definitely look at your computerised test score as well as family and educational background. The rest are probably just random and asking you to express your interest is just a formality or basically to make you feel good."
dafblrw_0,"OCS looks nice on your cert if you work in a Singapore based company, it teaches a lot more societal work ethics (albeit bad ones as well). It pays 2x normal men pay."
hzxbnu7_0,"2 types of extensions, STC and VES

STC gives regular pay, but there’s a limit to the number of ppl who can be on STC in a unit at any one time

 VES can be approved without limits, but they will continue to be paid NSF pay (commonly see this situation where officers OOC and have to recourse OCS and do not meet minimum service requirements, so they have to VES)"
jsyjmnh_0,Every man who's gone thru NS knows that Malays make up the majority of NSFs in SCDF and SPF. Which makes no sense given the demographic makeup of Singapore.
gchgdfg_0,form is just illusion of choice. has no real impact on ur actual vocation
dxg3dod_2,"Any how many of them are fighting fit? &gt;Now imagine you cut the NSFs and NSMen due to demolishing NS and somehow try to inflate the amount of regulars to an 'acceptable' level - say, on the US levels of percentage, which is 2.2%."
jixyidn_0,"Yes, appt no idea just wait for them to tell you you have an appt via text"
idruzev_2,"While some companies hire top chefs to cook at the office, you’ve got the cookhouse, if you’re ever allowed to use it. Medical? You get $500 per year for outpatient while corporates get access to top specialists at private hospitals with an annual cap of several thousands."
hical2l_1,"SAF may sponsor your masters with a SAF post grad scholarship immediately after your bachelors if you earned first class hons. If you gain a non-SAF scholarship to pursue a masters, you can apply for leave of absence to pursue your masters but subject to approval. Say if you are working full time in the SAF after your studies and want to consider doing a masters after a few years of working, your application will be subject to organizational requirements - what you study must add value to the organization if you want the SAF to sponsor. PhD application is rarer, because most jobs in SAF don't require a PhD. Heard of air force sponsoring their engineers to pursue PhD, but other than that a regular with a doctorate sponsored by the SAF is almost unheard of."
pqh24t_1,"I was given pes B4 due to asthma but im capable of high intensity activities as i have a background in sports and have barely any asthma attacks since i was a kid. I would like to figure out my options when i sign on as i see myself in saf as a career. I have already considered the burden and depressing environment into my thought process and just wanna figure our my options, as i may request to up pes again once im  enlisted"
notlzd7_0,"A lot depends on one’s disposition and also one’s circumstances before NS. It also depends heavily on your vocation, unit, commanders and peers."
kxv58a5_0,"You mean BMTC 5? Learn how to do admin work 😹 dont need to worry much. Just need to worry about what to do during all the free time u have, maybe sweep a certain spot in your bunk for 15mins or eLearning 😹 jiayou"
jvjwcaf_0,"PES C2 cannot sign on bro, you don't even get to go command school. DXO and MDES schemes both have minimum education requirements which you don't meet."
iw3c0b5_3,"Sir like you said to me, if I see you outside in the real world no matter what I’m doing I’ll definitely make time to come and say hello. I will never forget the talk and the kindness you showed me. Also in my current camp there’s a regular ME2 who’s super nice to us troopers by giving us snacks and talking to us, seeing her always feels like a breathe of fresh air haha Air Force regulars built different for sure"
ipfjvmh_0,"For command school, anything other than being posted to tekong isnt a good life. So ur going through 6 months of harsh training and then betting on whether you'd have a good next year or a bad year"
i3h48ea_0,"he does check ur peen after the questions he'll ask ur pull down ur shorts, ask when ure done, look, go back to typing, then ask u pull back up already and leave"
hmqdtl_0,"Vocational Training for Pes C. Currently in PES C BMT phase 1, wondering how would vocational training regimentation be as compared to in KC2 and where are the common camps for voc training."
ly4cdt6_0,"MDES scheme is totally different, mid career highly likely can sign on. Pioneer magazine has example."
mchviz8_4,Lastly you can't just tell them that you refuse to serve NS because you fail to obtain other country citizenship. It will gives them more bullet to shoot at you.
dra90iv_0,Ahhh thanks. Still a bit bummed I got this vocation as a pes B2L2....
kvkt49y_0,"To lead to excel to overcome, amirite?"
dee5940_1,Will I still stay at SCS or will I be posted out? What vocations are there for Pes E PTEs?
etbmyzu_0,suggest you change your mindset instead; why not take that extra spare time and learn something outside of the army? e.g. you can learn driving yourself outside. serving ns doesn't mean that you can only learn things directly through your ns training/vocation.
mumxzis_0,I was at the scene and saw many unsung heroes who tried to help the victims before the police and SCDF arrived. Kudos to the young man who brought a fire extinguisher to douse the fire that was starting at the truck that had gas cylinders. Also heroic was a middle-aged guy in a maroon polo shirt who spoke to the trapped driver and told him not to move.
k8rrw95_0,Uh not quite sure what you mean. What I meant was hopefully I ord before construction really gets started and before it gets noisy and dusty af. For more context I ord in 6 months.
hhgktlz_0,True. Well it’s up to the government/mindef whether he’s considered not a security issue to serve in the army
fypjp2n_3,"I suppose only select manpower personnel would have the answer to this. It'd probably help if you understood the job scope of the vocation that you're applying for and that relevant skills and values required, then you can show the interviewer you have said skills and values."
iytwpu0_0,"Thank you so much,was really scared to go to ST as I was expecting admin"
hwn72gi_0,I'm sorry to hear about your friends passing. Please stay strong !
fqp053q_0,"Call the MO office and tell them your dental ffi date is postponed till after your medical ffi date, and give them your dental ffi date. Chances are they'll say to reschedule and ask them to do it now over the phone if possible. If they have any other suggestions you can try those first if you want."
nfw684b_0,"Could be even arti. Ie mortar platoon, support company"
hfyr6w5_1,2) Is it possible to sign on AFTER I ORD with a diploma at the age of 24? 3) Are there any cases of someone being rejected from the AFE role?
hjwwflq_0,the #1 vocation that makes ord the most satisfying
ft8dse1_0,"Mono intakes has its pros and cons, and every mono has its own culture. Few things to take note, just cause he’s in a mono doesn’t mean he won’t be able to go to command school. Additionally if he doesn’t go to command school he’ll most likely be spending the rest of his NS journey with his section mates. In mono, there are no trainers, his superiors (Section commander) will be his first year commander until the second year section commanders and platoon commanders take over."
lezqevt_0,"converted from NSF to regular awhile back. my take on this will be: if you dont always chaogeng / take mc, do work properly, dont chinchye, your NS life will be shioks as you will be given alot of opportunities n fun stuff to do & it helps to boost your testimonial."
n4gs5j0_3,"You will experience 9 weeks of BMT, and then command school. All regulars are routed to either SCS (NMI if you join the navy) or OCS."
17hcphk_0,"Pasir Ris SAFAG storeman camp ops. hi, does anyone have any experience in this vocation?"
n0qem1l_0,Depends if your vocation is combat and etc.
nsi1epr_1,"I remember the previous CSM's last incamp was to stand at the door of the out pro room and shook hand with everyone. This guy is a real CSM I tell you, stood by the NSmen when regular do stupid shit in Thailand (yes regulars are dumb fucks in my unit)."
fr9rjtd_0,"there are two other wings taking INF so theres still a chance to get there, depends on your vocation choice preference and luck"
jxskgzk_0,"Cool, never heard before that the gripe people have with regulars is that they can't reach sufficiently high levels of education. More that they're just incompetent individuals and the whole army culture attracts certain kinds of people who can't succeed outside."
i21ng3w_0,"ORD 

Get through my CS degree

Become CEO of Google 😏"
mi1id07_0,Most likely give to that fellow sign on.
i3ci2l0_0,"Use steamer / iron to straighten it , but you can leave it as it is to look like a laojiao and scream owadio to the new guys"
ldohip_17,"don't risk yourself using phone after lights off then kena extra or what then cannot see her during weekend (not worth leh)
* communication is key la! don't feel that you NS liao."
g7dgcfc_0,"I doubt there are SAF vocations that allow you to climb to 3SG. If you are a Man, you will stay a Man throughout."
kk9n5xb_0,"“Encik, where got time sign on”"
b8nbpe_2,What do we do next? I have no answer as I enlist for NS in the next month.
ft9mznv_0,"bmt yes but its the easier version. no ippt, enjoy the relax vocation of clerk or storeman"
e8s46ph_0,"May depend on who it was reported to. A case also happened in my unit, the victim complained to the OC and the thief got 1 month DB and posted out to another unit."
gg71k0r_0,Whats the difference between the white and gold versions? Some years diff batch of divers get diff versions
myby5nz_0,Outfield and reservist quite unlikely
nw5lxwk_0,"A colleague of mine is a proud ASA staff. Asides from free time and no need chiong sua he attributes his excel skills (pivot table, e.g.)."
i43ubzp_0,"If i am not wrong HPV vaccine for males are only if doctor deems you need one. This is at least late 2020, not sure if HSA changed anything."
jvvlhx6_0,Specifically your FIs (field instructors) they’ll be in charge of your discipline and your drills (your marching). Almost all are NS as it’ll be a waste if a regular who signed up to serve the nation full time were to be given the task of training new police officers. The regular force is  already short staffed on regulars and putting one in Training Command (TraCom) is just not logical.
m1trwu7_1,"On POP, about 20% of my batch were posted to M Div and I was unfortunately one of those. In the end, I spoke to the higher up and eventually exchanged with one of my squadmate. Those who went PCG eventually got transferred out after serving 2 years there."
i1xrkd6_2,"But it's way more than that. Conscription is a big thing, of course, but feminists (again, based on my meagre knowledge) have argued for a whole host of discriminative practices. Things like reducing benefits from serving, or gender quotas in universities and companies."
1ihxkz0_4,"Any other vocations I can sign on during BMT similar to this? Your inputs will be greatly appreciated, thanks all! :)"
gcoduy1_1,"The main difference is the time the notification is sent out, and how long you will stick around. Adv party comes in earlier, but usually end same time as main body."
givpdw9_0,LCP is 4/5 months after bmt. CPL is another 6 months aft LCP and u need to pass IPPT
l3t77tb_0,got see any angmoh regular so far?
frftlaj_0,Isn’t the PAYE also 2%pa or am I missing something?
j28280h_0,"Conditioning is a treatment, get along with it."
l0p7v0y_0,Walk it off bro it is what it is can’t change anything
e40gkty_0,Is NS necessary? National Service ensures that we have a pool of trained civilian soldiers who can be called upon during a time of crisis or war. These NSman will augment the numbers the military regulars provide and ensure that we have a large enough military to carry out the necessary mission.
nbdma0q_0,"Which makes it even worse because an ex-PM who ran our multi-racial, multi-religious country for decades can still spout such nonsense. In fairness, he was on ORD mood at the time so maybe he wasn’t thinking that straight."
ln6vnuy_0,If you didn't put EOS as an option i'm quite sure they won't even bother offering it to you
jnn7qmu_0,"Bring nothing, expect everything"
hsa5si_0,"Will I OOC from my Combat-Fit Course?. I’ve been in this new combat vocation for a few months, but I still am unable to adjust well and mingle with the people in my section."
i8thdxj_1,"Get Pes A or B1, 24 months, fail IPPT, get a shit stay in combat vocation or

Keng problems to get PES C9 and below, serve 22 months and get a stay out ASA vocation? Please think it through lmao"
h1effu7_0,"Don’t want to spoil too much but the training is indeed shag, you’ll get to experience things quite different from bmt and you’ll have a more unique vocation compared to others ;) enjoy"
jn3qa81_0,"Yeah, treat the girls like princesses and they will be princesses. In today’s society gestures like snubbing or ghosting which are relatively common among them often go unpunished even if not socially acceptable"
nlry2vu_0,"Dear Informal-Loss-6831,

Your [post](/r/NationalServiceSG/comments/1oi0f4n/bmt_outfield_starts_this_week_heres_what_you_may/) on r/NationalServiceSG was removed by the Read The Rules app because you need to submit an acknowledgement that you have read the rules. **Please:**

* **Take a moment** to refresh yourself with the community rules in case they have changed."
ksz9wjn_1,Seems applicable since my service and decades into my working experience. F is expletives.
m1zt7jw_0,"Sorry, but your post was removed because it belongs in the [posting-orders megathread](https://www.reddit.com/r/NationalServiceSG/comments/1hczcpr/posting_order_megathread/)."
fh7kwmx_2,By right they will get you to do the medical check up same time as your peers. If not I suggest you call and ask them to prevent delays.
lbjyobq_0,Ocs is more chill but during the 9 month training u needed to have a more bond session with ur gf is about hard but as a spec u also can’t really to choose to become a tekong spec is based on the requirements of the active unit and ur vocation . But for spec in every vocation it can fulfill ur needs that wanted to pass the knowledge down to the man or the rec
fx2l4k3_0,haha didnt think about that. Thank you.
7nnnfg_0,How I spent my NS allowance after getting into my vocation
e7sxjel_1,"The SPF doesn't go around to every single bar in Singapore and count the number of people inside the bar. Anyway, if you still believe I am playing the victim angle."
nhonik3_0,I talked w my pc n oc and they kept saying signing as a spf regular is difficult and id most probably be transferred around 6 months before i ord or maybe even after
lohlku0_0,Mixture of shame and feelin like an outcast sometimes. I did use this as motivation to do well in ite after pes f. Now im in poly and i always have the urge to finish everything i failed to do before
j6bijmc_0,"oh but i have yet to finish POBC, i had a friend who downpes from A to B4 and had to redo his pobc"
lxp3cr6_0,I am thankful to be in 38SCE now. The culture here is great.
e7bu1o8_0,this is essentially the “one-BMT” thing they started awhile back for mono intakes to have their BMT completed in tekong rather than their respective camps. Of course with the exception of certain vocations as stated in the article.
flcwnxc_0,https://www.cmpb.gov.sg/web/portal/cmpb/home/ns-vocations
dyb0k7e_0,The best thing about clerk life is taking MCs after u get an understudy and chain those MCs until ORD.
ovsao5_0,"What are the admin/infocomm vocations in SCDF like?. Do you find free time to pursue online courses, etc.?"
ho3l94j_2,"You will not be able to see the full breakdown of the tender, so you can only estimate roughly, unless you have friends working with the contractor company, in MinDef managing tenders or you can ask your superiors as they should have some knowledge about the camp's budget. It is unlikely to find your camp's tender on GeBiz now as well because the contractual duration can be years, but you can keep a look out if new tenders are released. If you are wondering how the bidding process is like, there is a tender closed recently on GeBiz (DEFNGPP7121101222) and pending for award."
k62xrk3_0,like a few months before? they just said not ready yet. I emailed cuz i had 1 month notice period for my job.
fp1puew_0,Weekend is not always la. Weekend is they might call u back so you might be like sleeping then call u back
hdnujl0_0,then y u chose to take the jab. my section mate was dint take it
n2d9r1w_0,Have fun dude. Sch V was fun as hell for me during my BMT. But heavily dependent on the ppl you are in with ig.
k8gt4xm_0,What the… I never heard of those terms. Can explain in laymen bro
jjauodf_0,"oh, then he has to chase the s1 for it"
h6a9peo_0,"Just buy and try only bro. Its just $10.. I'm a pioneer batch, been using tpg ever since its trial."
ltmwvxs_0,"Ah yes, the solution to foot rot and sweaty feet. Regular restocks for emart credits!"
gzn3yb1_1,I've had a friend who was one year late in uni because of it. Best go chase them for the appointment.
gijkee2_4,"I don't really have experience in it, but I still have some time left before I enlist. Is there anything I can do now to prepare for the SIT phase while I wait to enlist?"
nubu1nb_0,"ARMT Tech is split into HASA (heavy arms small arms) and Turret. OES is a training school under Combat Service Support (CSSCOM), and is stay in. After vocational training in OES you’ll be posted to an Army Maintenace Base (AMB) in 1 of several camps to do your OJE (on job experience)

HASA will do sar21 and the FH2000, will be stayout after your OJE (at least that’s what i heard)

Turret will do either Terrex/Hunter/Leopard, you’ll be learning about the turret system in your allocated vehicle, and some electrical components."
lq8fwdw_0,I spent my 21st birthday in Outfield.
gzrwqtg_1,"Since you are excused from loud noise, high chance will not go combat vocation. Probably will just be a clerk, storeman or any other vocations that doesn’t expose you to loud noise."
fk2a1nx_0,"Not super sure,  but just to check, when did you enlist and are you vocationalised? Might be these factors. I received 590 cause 40 went to safra Haha"
jbdo33j_0,"Was from Coyote P2, our sergeants were really chill and training included periods of HBL(was home half the time during the weeks of learning ASA stuff). Exact schedule would differ but the last week (POP prep week would probably be the only seriously busy week). The tests are generally easy if you listen in class and take notes."
izj8rl6_0,"I believe regular need minimal rank of a specialist? Otherwise, correct me if I am wrong, for rifle coy stuff."
ikib7yt_1,"If during those, lost, turnout bunk turnout stand by universe due to one negligent guy maybe misplace his phone (then say lost his phone), how? But some maybe is lecture or theory maybe la, depending again on vocation and unit, maybe have to put silent or turn off."
hwmiq1l_1,Chars and stuffs....I don't remember they could. But things would have changed since I orded years ago.
l2u8qre_0,Outfield complain complain complain but when come to SIT test suddenly got energy and very gung ho. To be fair he wanted to sign on but still
g0ss7h2_0,"Haha yeah

I remember during my time at HTA (SPF BMT), there was a visible rift between the Company Commanders (all from SAF) and the Fitness Instructors (our version of Taking SGTs). Kinda nice to see the politics haha"
kr400n9_0,"If an NSF did that, he is gonna have a great time with his Sergeant Major. Won’t say how I know this but the tolerance for the SAFVCs are WAY lower than the NSFs or Regulars get."
fr3bf5a_0,"just curious, so after 5 years, you are ME2-1 already?"
jtct6zr_0,"Others have commented on the transition to vehicles part, may not be that bad after all."
k4jby9y_0,"One of our regular when I was serving told us he once whispered knnbccb to a hooligan and when the hooligan kicked up a fuss and yell why police scolded him, he was arrested for raising his voice at a Police officer. Lmao."
hzckw7j_2,"Nope...

&amp;#x200B;

Second, Regular in-charge of NSF/NSman have KPI's. Such like having low count of report sicks. ("
ly1fmpq_0,hello MPs this one here
difn8n6_0,"&gt; ""We raised the question - if (an NSF) is the next Steve Jobs, should he spend his two years of conscript life as a rifleman or should we better employ him in cyber? ""The answer said: If he is combat fit he should be a rifleman in the foxhole, and that's the way it should be,"" he said, adding that these were ""non-trivial"" challenges to overcome."
nb71aze_1,Finish the time and go get further studies or work outside. SAF-diploma level work is rarely recognised in an increasing degree-heavy workplace for progression.
jj6s8cn_1,"The SI card will be sent to you via mail to mailbox if approved. Alongside will be a letter, as well documents. The documents will provide you will the instructions/next steps."
14kyenb_0,Does c9 Ord person need field bag?. Context: Ord 3years already and haven't been call back yet.
lj7gtyn_0,"Sorry, but your post was removed because it belongs
in either the [enlistment](https://new.reddit.com/r/NationalServiceSG/search/?q=enlistment%20megathread&restrict_sr=1&sort=new) or posting-orders megathread."
hqe91yb_0,"any advice on how to start for beginners? heard that it's kinda hard  but wld still want to give it a try,ty"
gf68pvd_0,You do know you don’t get to choose where u wanna go right? Don’t think u wanna go into SOC. Either Sign on or pray bro.
k3di1sb_0,oh thanks! how do i show that my QDL conversion would be unsuccessful? because i just got my class 3/4 military licence and i know i definitely can’t convert to civi license due to my vocation (i’m not a transport operator).
14p8nzg_0,If I signed on as a WSO(FTR) is there a chance that I’ll get mono intake bmt?
154tbwv_0,"Just enlisted in dragon company. Realised sergeants are quite chill, is this applicable for all school 1 or just dragon"
dwx8ywl_0,"Before punishment. Encik/ sgt asks me: 'One, three and five. Pick a number.'"
jnr50c7_0,Your post was removed for not following [Reddiquette](https://www.reddithelp.com/hc/en-us/articles/205926439). Please do read it for more information. Specific Rule Broken: doxxing
i758vgu_0,Teenagers also can think for themselves. But singapore age of majority is 21.
n6dwq4m_0,Why tf did people downvote op
hyz34sw_0,Nein. Safety violations
nlr2j09_0,"Immediately after POP is 1 week of block leave and once that ends, stay-in/out depends on vocation and unit. Usually PES A/B1/B2 high chance stay-in unless lucky, PES B3/B4 vocations got slightly higher chance to stay out"
j8r6mhe_0,"&gt;I find it odd that you think the neck breaking is horrifying, but you seem to support the penalty

Let me clarify a misunderstanding, the part I found horrifying is that the moral-math for determining whether capital punishment is viable/necessary includes monetary cost. I do find the actual execution to be horrifying as well, but it was not what I meant. As for why I support it, it's similar to why I accept factory-farming and a bunch of other distasteful policies like national service - because I accept its necessity."
kj61ct3_0,"You might, but restricted from certain platforms because of height. Only so much room inside lol. I’m 180, and it was a tight fit on most."
ebhja2d_1,"I'd recommend to take the obese BMT since it's **really** *really* lepak. Especially the first 2 months. But if you really want the 2 months off, I'm not sure, unless you can cut before your enlistment or CMPB date."
lwnxokf_0,"You must register, then wait to be called up for medical checkup. After the checkup you'll be assigned a PES and you'll see if you still need to serve or not"
1goowzs_0,"MP Pro-term experience and unit life after SCGP. Got posted to MP spec, what can I expect from the training and stay in periods (3 in 3 out etc) ?"
wxhpsa_4,"Even ME4 etc, i'm not really interested as well... :0 And if I were to go get a degree first (priv degree most likely unless I super duper lucky got into SIT or SUSS for instance),change my mind and decided to join back SPF, I would have already ""wasted"" my time and year, because I could have just went for SPF in the very first place :/ that's the thing which is bothering me right now. I really hope u guys can somehow get where I'm coming from, pardon my broken eng."
nww9ysk_0,Seen it more from the higher rank regulars than the sgts so idk what darkest timeline ur camp was
tgyc2d_0,An MP encik call me bro... Was drawing keys for him and he called me thanks bro. I was Shooket. There was also once a MAJ call me bro too
mwngron_1,"You have to understand that between the duty rotation as an Officer (which btw if one of your colleagues is OL/LL, good fucking luck with that rotation bro), the secondary tasks you have been appointed to do, the powerpoints, the excel sheets, the constant pressure by bosses, the expectation to perform well because you’re not a scholar and promotion is never guaranteed, you are living an endless cycle of misery and repetition IF you have no passion for the Navy. Huge emphasis on Passion. Not trying to discourage you here to sign on as manpower is extremely short right now but, please for the sake of yourself and those you love, do your research."
17u937v_2,"To that end, the focus of my Self-Study mainly revolves around various online courses e.g. CS50 alongside preparing for certain admission tests such as MAT SAT and ACT, or perhaps retaking a levels if my results are not up to standards. Also, perhaps some competitions or volunteering or whatever to beef up my portfolio."
gowiwq_2,what vocations am i likely to attend? is it basically PES A/B1 or closer to PES B3/B4?
wkb7qk_0,"Signing on but highest education only N’s. So to give a general background, my highest education is N-Levels and I already wasted 1 year(dropped out of HNitec Event Mgmt)."
lst97g7_2,1. ⁠Was signing on as WOSPEC worth it?
kxc5j60_0,">small fuck NSF

Woah woah woah, be careful with your words man. Being a NSF is a very important job. The sovereignty of singapore depends on NSFs you know. Millions of singaporeans depend on me to protect them."
jl9fowc_0,"The reason why it sounds so good and enticing is simply because, you just reached adulthood, finally the age to enlist, you're now faced with the reality of how important money is, since young parents pay for everything and now you realize how much it all costs. And to add the NSF salary in, $600 a month, for 2 years of your life, and especially if you come from a not well to do family, you will be desperate to save money, then suddenly before POP recruitment come talk. ""When you sign on with us and commission as a specialist, you will receive $30k in your bank""

Confirm u steam when u hear $30k cus all along you've been earning peanuts, so it's either u get a lot of money or you waste remaining years earning 600 a month."
1cbt6j9_3,I've tried looking up some arts-music type vocations but I've only found the MDC (music drama company) and they say that you have to be PES C or not combat fit to even be considered (I'm PES B2) which just makes me feel worse. Is there anything you all can suggest or tell me to get me to feel more fulfilled serving NS and look forward to these 2 years?
l7hkti7_0,"Never been through one but from what I heard is very chill. common question are why you choose the vocation, what are your interest, any knowledge about air warfare etc..  Don't know about airforce, but friends who sign on with the army had 1-on-1 with the recruiter which is like 2 friends talking cock, but scholarship interview is way more intense facing like 5 senior officers with deep question..  One went through interview for navel officer also got interviewed by a few officers but very chill..  like why? do you like working in small space, the life etc..   

I would suggest to just read up about air warefare, maybe search those from RSAF and the US airforce and there should be a lot in youtube (for US)..  and just in case you're asked..  more or less know who are our enemy."
hxu59u4_0,"By right, yes. During BMT, there's one portion called FFI test, where passing IPPT is a requirement for you to even participate in that test. By left, if you are a scholar material or 'white-horse', or planning to sign on to C4I, IPPT is not a must to pass. You will be surprised that there are a small number of people in OCS that is excused RMJ."
lw247hs_0,"SA at MHA HR management. Mind you this was a few years back before the stand up of a whole dept (HRSC) so pretty much this whole depts job was under this one SA. He would do everything from hiring to finance to awards, payment, promotions (for both Nsfs and regulars) and has one of the highest clearance. Reports str to director and sits right outside senior directors office. Yes he’s now a regular and is my colleague"
ki0mq6r_0,"if you dont plan to see a private doctor, start the paper trail as early as possible and just see a polyclinic doctor to get the referral. this process takes a lot of time and if you start after you get your vocation you may have to spend a month suffering if it’s a vocation you dont like

If you want to play safe, start early and get a stayout memo from your referred doctor first, then you decide whether you want to get it endorsed by the MO."
1guq67n_0,SIT new posting to SAFTI MI
lsiik8t_0,Does a KAH like a company OC get extra allowance for his responsibilities? What’s the ballpark range for a LTC?
h0esjmu_0,"It’s normal to feel the regret in the first few stages, many regulars go through it and is only when they pass their second/third year, they will feel more used to the environment and culture. Reading through your post, there’s one obvious point that can may be the causation of your whole issue with signing on; you are still a cadet in training and haven’t pass out."
ruzdd9_2,"Constant nightmares of extra duties, and a sadistic superior have been haunting me for the past few months, and I feel like there's nothing more in life to look forward to

&amp;#x200B;

To be pedantic, I do not currently have self-harm tendencies. But tbh, I feel like I'd eventually head down that path...severe lack of sleep and constant surveillance have been detrimental to my wellbeing."
x3onw5_0,Possible to sign on as a Naval Diver?
meic9xh_0,"I hear you, and I can see why you feel this way. BMT can be incredibly tough, and it’s completely valid to feel overwhelmed, especially when it feels like the odds are stacked against you."
ki8eu4m_1,Meaning it will be after apr liao. Dont think I want to volunteer to extend just to complete my 10 cycle. Just treat as sway lo :(.
h7kzsg4_0,"PTP focuses on gradually building up your fitness so you can mainly pass IPPT, so usually they don't start so strong as most of the company can't pass. I don't think you'll have any problems coping with the training assuming your ankle is ok for physical activity like running."
gokd3fq_1,"Don't get go hung up on the ""what ifs"". A relationship can't progress if you constantly think about it ending. Wish you the best."
n71eh1s_0,Not to sure either but the kidney thing was actually found only after I enlisted so maybe that's why
109ozht_0,"opinion on people who chaokeng to do as much as they can within this 2 years. Have a friend who makes &gt;3k a month, but he mc all the way, is it worth it?"
cwkg1uk_1,"On NS, some vocations such as ASA doesn't have any prior job requirement because you're practically starting without any skill expectations, in which case is not wrong if you don't know your job well. Most vocations out there, however, require some prerequisites, such as commandos and NDU servicemen needing to pass their courses."
kokf75c_0,is it the low jia hui girl from tiktok? the one who got beef with the brooke girl
nb9s2hp_0,20k/month enough to confirm not get called back
e6wmoqz_3,"These are the people that will stand guard at the guard house, checking everyone that goes in and out of camp, etc. For this vocation, after BMT you'll go through 1 month of ST Training at Clementi Camp."
k96vpjt_1,"1. Charge Office Officer - Assist your SPF regulars with the administration duties of the PICs like, sealing their items inside sealable bag, counting their properties and valuables, giving them food, processing bail etc

2."
ibmc6m7_0,"I remember seeing it somewhere, from far may mistaken abit for 2LT haha 

However I do agree that instead of phasing it out, they could have used this as the rank insignia for PTE or give PFC to vocationalists who have finished their vocation course as a sign of recognition and to differentiate from REC"
kfef2n1_0,NDU can only brag at swimming pool
hkbl9r9_1,"As you don't have SOC, IPPT and your field camp and route march is shortened (4km instead of 24km), there will be lots more free time because you simply don't have to train for those things. Bring more portables and non-gambling card games to play with your bunkmates!"
hlvvwki_0,"Just look at how medical personnel are being treated during the pandemic thus far, u think its really worth it to save this nation? Im srry but i agree that some deserve to die literally"
1l922ou_2,"That’s why I’m thinking of applying for VSC — not just to serve meaningfully, but also to get a clearer sense of what the job and environment are like before fully committing to signing on. I’ve read that VSC officers can gain exposure to real operations, and it seems like a solid way to test the waters. But I’m curious:  
  
\* Has anyone here gone through VSC and then moved on to sign on as a regular officer? \* Does VSC experience actually help in the selection process or at least give an edge in terms of understanding the job?"
joosxxa_0,"B2 is up till combat supp only, technically considered not combat fit. Also, what is CPC and how do i contact them?"
g6la6x7_0,"Just ended found term, currently in infantry pro term. 1. Yes and yes

2."
lx8j2ed_0,"As a teenager back then, I didn't like the idea of having to serve 2.5 yrs plus reservist till 45. In fact, I hated it but it is something that a majority of physical fit males have to go through."
jr9p4ay_0,Which era u from? lol.
m2a7qh2_0,"Yes bring everything. Better to be safe than sorry since you will be there for the next few months anyways. If needed, you can either supplement or remove items over the weeks, but for CLM with the confinement and everything rushed, it is best not worry whether you brought your helmet."
foxrcdi_0,"eczema and dust allergy very likely can downpes, the gluten allergy no, they will just likely tell you to watch what you eat since its hard to accommodate a special meal just specifically for you and all the other people with specific allergies."
khgf0sv_0,The negative sentiment likely revolves around the fact that NS is typically around the prime years for many (19-21) with some exceptions. But at this age most are expected to pursue higher education or even enter the workforce.
hv3u64j_2,"CAT 1? Same as always just wait it out, just this time you’ll wait it out in the jungle area."
np49tqx_0,"maybe most of the people that tell me dont sign on was expecting it to be all sunshine and butterflies. honestly, i know mentally ill be cooked but i believe it’ll pay off at the end"
mplp29x_0,"hi bro, what’s the exact mc quota? i took 5 days of mc and not sure if ill get OOC from phase 1"
lm5074s_3,Is life only about money and getting all you can? Or do u have a greater purpose?
jni7w5c_0,Jackpot bro. Enjoy your two months there
17c4r4r_1,because we wanna go to ed sheeran’s concert however he is afraid he have to confine bfr the overseas exercise. also for infantry he will be going for 2 overseas exercises in total right?
i44caju_0,Been here for more than a year.
nlz5nsl_0,BMT is not a good/accurate representation of what military life is like especially as a regular/officer/ME.
i5l657e_0,[CHECK THE MINDEF MAINFRAME](https://www.youtube.com/watch?v=smOpL_gxTAE)
ky7h0hb_0,I have a low key ict in July after not being called up for about 18 years. It says 4 days ict no 4 head dress with full battle order.
h0vqxs6_0,"Iirc generally it should be 2-3 months, but it depends on the timeline of the battalions, different units have different timelines. Also since CSB has returned for infantry, I think CSB will be conducted after Rot 2. ( correct me if I'm wrong because I was active when CSB was on hiatus so the units during my time all didn't have CSB)"
ia2wp38_0,But any reason you want to go ocs?
dy7rw9b_0,"I’m not from Guards, and I don’t know what happened in this case specifically, but why would you think that wouldn’t happen? Training programme wise the regular PS and CSM are the ones deciding on what to do, and I doubt nsf 3SG will be able to carry out such an event without further approval. From my observation only the regulars will be given responsibility to decide what to do and how to do it, the specs will only mostly be following orders."
gaa9ria_0,Damn shiok leh! got book infinity pool?
h5vye42_0,"Got it. I’ve informed my superior a couple days ago, will gently nudge him in a day or so!"
1cx59i1_0,How to sign on as Regular for supply ? What is the criteria?
1eokdt8_0,How is CSLC like and what to expect?
lwowfgc_0,"ur OO is literally just a sort of... counselor? he genuinely has no power in anything you do or where you are in the army, he's just there to talk to you and get you adjusted and back in the game or at the very least cope

the most your OO can do is talk to ur OC about you but posting out is not a possibility lah even ur OC cannot post u out even if he/she wants to"
ml52vm7_0,"yes got aircon, got maid for each soldier after Ken Chow mother feedback"
jxttrxx_0,"There's a famous article that I had read recently about IT/ICT management, it's called [""dead sea effect""](http://brucefwebster.com/2008/04/11/the-wetware-crisis-the-dead-sea-effect/). The Dead Sea is located near Jordan, where salty seawater can flow in from the ocean but water can never flow out except through evaporation."
dvry2oe_0,"1.You are posted to HQ 8 SAB
2.Your vocation is AFV OPR

Got posted out from Guards BMT.. What do I expect from this vocation?"
jo8muso_0,"U want aim to sign on, aim for officer. Make sure ur GPA in poly sibey nice, can go local uni and get some kind of scholarship."
um7sio_1,I can't seem to find it online and any idea if the any emart sells it? Thanks in advance
gsr5ppk_0,"In tekong now, can confirm this looks similar this morning while route marching 😂"
d3j8ign_1,"Those who end up as support vocation generally want to swap with the combat vocation and vice versa so I'll leave it up to you to determine which half you prefer. But to answer your query, the army doesn't discriminate those of pes fit status"
h9uyeze_0,"Saf band is made up of military experts (ME) so yes, regulars"
kaxfn4y_0,As a BMT sergeant I used to make the letter giving part of field camp extra sentimental to see who would cry. I once achieved a 90% cry rate with one of my platoons 🥲
lgf8yq2_1,Who will charge into battle to kill another mother's son or daughter? ( Malaysia has conscription for women). Certainly not the people paid $800+ a month to get collective punishments and do menial work daily.
f8usm3b_1,"Built in factory zeroed optics, as opposed to a picatinny rail with optics that would be an armskoteman's nightmare to manage. Slow rate of fire for conscripts who won't be able to manage their fire like special forces or even just regular soldiers can."
zkrxm3_0,Financial assistance in SAF. Would like to know what forms of financial assistance I can get as an NSF aside from comcare and the SAF DWS/MWS schemes?
dh8lliu_0,"where got

i support universal conscription and fixing the fucked bits of the women's charter just as much as i support gender equality, marriage equality, and freedom of speech

i also LLST serve 2+10 years like u leh"
1bw9hgu_0,Uni interview during first week of NS
lfrq87k_0,As someone who went through PTP. I ENJOYED it.
12kadfs_0,"How hard is it to get into OCS/SCS and sign on as a pes BP recruit?. I am currently in BMT as a pes BP recruit who just graduated from Polytechnic and I am 20 years old, my outfield is coming soon and I was just wondering if I as a pes BP recruit can make it to OCS/SCS."
mmjrhkh_0,Thats prob yr everyday from now on
jnhf3i9_0,"Got NVL Warfare Sytem Spec(trainee), anyone know what time to report?"
let3215_4,"Maybe I'm lucky with who and where I work with, but it may be subjective to you. Remember noone forces you to sign on, but if you want to, keep an open mind and try enjoy the process."
j9w6iht_0,Ready your ass to stand while doing admin work
l4vktft_0,What it means to for ord cert to be long? Due to?
lm9bfwc_1,"And that's just the tip of the iceberg. I don't use the label 'retarded' lightly, but he checks every box for me to call him that. Dude was confused when a key named 04-02 couldn't be used on the second floor."
mi9icdm_0,"i was told

By right, those that complete JCC regardless of vocation as long as you are a participant of the course and complete it you have the right to wear. By left, ask your sm or oc

So i asked my OC, 2ic, SM and 3 PC enciks all approved so i bought 1 for myself."
1nbbnjc_0,PES E1 Life (asking for my friend)
iqdcz2i_0,You will need to schedule your tests on weekends/PH. You wont have the luxury of taking leaves in found term
jfz4865_0,October 2021. Before I enlisted and then had a falling out with my closest friend half a year later...
cy1boex_0,"so i take it that OP assumed there's only one camp in the whole of singapore,

where all NSFs, NSMen and reservists are trained in one single vocation under the same group of people in command

yeah sure i myself had it fine in one unit at one camp, but my other friends had shit in another."
1p84aps_0,"Possible PES B2 Vocations from BP BMT. Hi everyone, will be POPing next Saturday and will get posting orders on 12 Dec.

For context, I am a PES BP recruit reclassed to B2 (sadly due to the inaccurate fat test…) but accepted it after awhile."
1af76kd_3,I called my recruitment centre if I can change to ME4 instead ? She told me cnnt because I alrd sign on ME1 but if I do solid in current training phase will go ME4 ah.
gar5peq_2,"You need the weekends for recovery, and unless you're really hardcore about cricket you'll either be too tired to play or you'll tire your self out for the next week of NS. So you need to take that into account. But it all depends on your vocation after all, if you plan on going command school, just know that at least for your first year of NS, you will not have that much free time and will spend many nights in the jungle or doing duty in camp."
mqn0kt1_0,Go for wisdom tooth extraction
kssrqtv_0,My Pinoy HR along with majority of my coy (S pass workers) will always make it a point to diss locals whenever we go back for ICT. And we’re supposed to defend people like them.
zhtnh8_4,Is army related to spf?? I’m actually confused 🫣😬 How do I enlist into army and sign on with SPF?
mve8gga_0,"Lol not that bad i dident buy anything new, your cage and lbs ,field pack ,assult bag all just wash with fire hose if u have i scrubbed everything got a bit of dirt they really dident care that much. My uniform just normal wash lor went arnd mid of last year before i ord so standard should be arnd the same."
i54pv4h_3,"do sound off if you're genuinely feeling unwell though, theres always another day to train. good luck!"
letml9h_0,"Should be easy

One of the acceptable ""defer ICT"" reasons is started new employment within 3months"
nss5i6_0,SCDF maintenance vocation. Hey guys!
ja3vjvx_5,"Ok cool, lets say you somehow really have geass or some shit and manage to make everyone unconditionally go on strike. Cool; the govt might actually do smth about it i guess."
jp5lazj_0,These have been indoor and outdoor. Then add on that I've been a motorcyclist all my life (cars are boring and slow to me)and always had loud pipes and listened to rock through earbuds whilst riding. According to [this Tripartite PDF](https://www.google.com/url?sa=i&source=web&cd=&ved=0CAIQw7AJahcKEwiop6Gx_df_AhUAAAAAHQAAAAAQAg&url=https%3A%2F%2Fwww.tal.sg%2Fwshc%2F-%2Fmedia%2FTAL%2FWshc%2FResources%2FPublications%2FOthers%2FFiles%2FGuide-to-Noise-Control-in-Music-and-Entertainment-Industry.pdf&psig=AOvVaw11PxowKZv3zc2-YNDqPKPL&ust=1687561123189129&opi=89978449) the max dB in Singapore is 85 dB.  Given this low limit I would think as a casual visitor to these you are absolutely fine from a hearing loss ...but you may not like it that loud.
ksvkeoj_0,"Yea, served with many Pes C Supper Supervisors (CQ). To answer OP's qn,   
yes you can become Sgt but is dependent on vocation."
ijkk6lq_0,"If you're already like this and on the fence, be a man. Commanders need to be sure and certain they want to be commanders."
hwhpdg1_0,It’s not recommended to take a MC on the day u receive your posting order as that voids it and you will have to wait a whole round again which might be close to 2 months?
p131kc_0,I have a crush on a regular
13uiww3_0,All national servicemen to get up to S$200 increase in NS allowance
e4wyql5_0,Oi who eat chicken before IPPT? should be after..
ku0xo49_0,How you chao keng! Teach me leh!
jbnncp0_0,"Well.............there are words way worse that are thrown around in NS(CCB, KNNBCCB).... but yea recruit lowest lifeform no human rights one teehee"
k05skr_1,"1. Daily life/workload as an C4X, like what do you learn and do if you sign on."
gclu4iw_0,"Oh really? Dont doubt that they might be, but I still think saf are still pretty cautious with who they put in their vocations."
hcb5r8a_0,"nowadays, not too bad, compared to the stories i’ve heard"
ienmxf2_1,"But even then your mileage will vary depending on your vocation and unit. So this brings me to my last point, if u really cherish your free time then go be a clerk, you have more opportunities to take it easy (although there are unfortunate postings as a clerk as well)"
ftnts1c_0,"Ops Room during Police NS

  


Pro: My TL is the nicest soul to us NSF. If you do your job well he'll leave you pretty much alone."
ji52rlz_1,"Failure to enlist means you haven't been assigned duties and vocation. Your crime was to fail to fulfill your duty as a male, *civilian* citizen."
exarrmz_0,"Not hard. &gt;But I feel like if females were to get same combat vocations as males, they would probably require a higher IPPT score to compensate to carry the same heavy loads

That's not even true. The females in my combat vocation do not have any higher requirements. They just have to do the easier IPPT."
1cru1lo_0,"Questions regarding School 5 Vocational Training . Was on MC for more than 5 days due to knee injury, most probably OOC liao cause I think my encik very by the book one ... Just wanna know what will happen to me after my batch pop. Like will I still stay in School V after the block leave and wait for posting or my posting will permanently be at School 5?"
hx8d4ub_2,"We cannot tell you your chances cause we arent medical board. Play safe, declare. iirc Intentionally withholding medical condition is a chargeable offence."
hbwlx9i_0,"Nope, must confirm sign on and sign contract. You halfway back out or whatever doesn't matter."
1md5o5x_0,What will happen on post out day(last day of PES C bmt). This fri 1/8 is my last day in Kranji camp.
ji2cf3p_0,Oh yah the part where you mentioned cut down on the no. of officers so you mean let's say if I degree sign on then my chances of getting in is low compared to last time ?
egscko8_3,"NS obligations are the most complicated issue... but again I'd wager that this stems from the traditional mindset that men are soldiers, women are child bearers. Putting aside conscription (whether boys or girls both should spend two years of their lives in the military is up for debate), I know girls who wanted to join or did join the military, served BMT etc, and they have faced stiff opposition and snide remarks from relatives and acquaintances ""why so tomboy, later no one want to marry you"", ""ah girl, you sign-on army then how to have kids"". And I am only speculating on this point but I wonder whether the notion that women *should* be having kids (before their fertility is up oh dear) plays a role in why women are not required to enlist. This is benevolent sexism that apparently benefits girls (most girls dont do NS after all), but I would like more girls to be able to choose this path without the shaming from others (again I am purposefully ignoring conscription here). I think the mentality on girls in the military is changing, partly since we need the manpower."
g6woyne_1,for the recourse it depends on what your vocation is. if it’s like infantry then cannot because then you cannot be on par with your whole company as their training will always be ahead of you
1dfgexg_2,"My vocation is as follows:

- Posted to SIG INSTITUTE
- Vocation is SIG OPR
- Reporting to CSE ASA

Could anyone advise, will this be a combat fit position, stay in/out, or what can i expect to be doing in this course? tia!"
lmvq8sz_0,what is the vocation about? Pls help xD
ky4lcak_0,Just pay attention to your own fatigue levels and rest when you can. Rest management is crucial for safety.
n4reqlz_0,"Science related still got chance for ME4 scheme. Even under MME scheme depends on service that takes you. Usually end up Army Medical Service (can’t reveal much but they will need more ME4s)

MME - expect to tank projects + outfield + training + function as trainer."
ds6hnam_0,Why the information System guy deleted his comment on the ns vocation thread?
14uklut_0,ME4 Ammunition Sign On Army. Hi just wanna ask is there a relevant degree i must possess for ME4 Ammo? Need some help here
erimtxf_0,"&gt;He then told Sergeant Siti Nurdiana Khairuddin to hold on to Keak, as she was trying to cross the road with incoming traffic. should have let her walked into incoming traffic smh"
qq2yos_3,Also heard from sgt that freelance can but not sure where you could draw the line. Anyone enlighten pls?
mv1fnr_0,"OCS Pro Term Express Interest. How likely are you to get the pro term vocation you request for at the end of OCS service term? Has anyone experienced requesting one pro term, but being streamed to one that they didn’t like?"
ivjcqvu_0,I agree what skill should i learn?
11du0qj_1,Not saying I am going to do it. Just out of curiosity :)
db9iwgi_0,"CQMS is glorified saikang warrior vocation, good luck  
You are stuck in the middle of CoC, so a lot of shit goes to you to handle  
Men fuck up, your fault  
Officer/encik fuck up, also your fault  
If your RQMS or QM got work to do but they don't feel like/want to do it, they throw work to you and you bo bian  
People don't want to sign your forms or make excuses and avoid doing work from you  
Also got office politics to deal with  
  
At least that's what it was like during my time in Hendon, lol  
Pray your men like you and your superiors are decent people or your life will be very hard"
igesvu1_0,"Excuse Firearms, Live firing, Explosives, Grenades, and Sharps."
xn7umt_2,"Also, what intake will I be? as I heard that only odd intakes have SOC as one of the vocations."
1pi2jlv_1,"For Context:

I've recently been posted to Paya Lebar HQ as a non-front line vocation based on my 2nd choice of my selection. My 1st being EMT I thought would be easy pickings as I met the required PES status and had a background in healthcare."
fqhe00k_3,"Mortar: Basically alot of theory in the course and about 1 or 2 outfields in the course
 After you are trained in your vocation, it will be rotation trainings . Pioneer: Learning how to do CONN Wire and play alot with explosives ."
y4f4rx_1,Fell out twice during training. Will this affect my pop? Or is soc not a requirement to attempt?
ms928nn_0,so you're saying this is offered to everyone? Even if there's no plan to continue further studies? My friends signed on as specs and are getting 2.7k only
s579e3_1,I also have another question. What are the chances of recruits being enlisted in mono intake and are there ways we can go to other vocations if we happened  to be in mono intake. I am pes B ptp
jsvokxy_3,"what I can tell you is that typically you would want to request to see the MO in BMT and explain your situation to them, and they would most likely refer you to a psychiatrist. You wont officially be PES F’ed until you have legally changed your sex and have a doctor’s prescription for HRT so keep in mind this process could take as little as a few months to a year."
1js77rf_1,"I am currently graded PES E1 and I am about to enter NS soon. I would like to kindly know more info on the following: 

1) Will lifelong friendships and brotherhoods for life still be possible?"
popd66_1,"Secondly, I live all the way back at pasir ris. Lastly, all my PC and PS all say, ""That camp is very very run down, beware it is haunted""
Did anyone from 1 guards or 3 guards serve guard duty at Dieppe Barracks before? What is the experience?"
fhri0gm_0,"POP photos are out of camp pics so they are allowed. But then again, is needs to be obvious that they are not in camp pics otherwise have fun arguing with a mp"
fbpbtfg_0,"Also, if ure in enhanced batch you only serve 1 year 10 months as opposed to 2 years. Downside is youre likely to get more siong vocations after BMT"
k9cg23i_0,"Considering that the incremental rank allowance increase is small, I am not sure if the increased responsibilities per unit dollar is worth it."
mu9zrwc_0,"getting boy-ed abit earlier will seriously help you become a more competent setcom for the rest of your NS journey. tahan abit now, probe to yourself that u have the mental strength and trust me you’ll reap the rewards later"
1ofogr4_0,ifartedinthelift on tiktok is annoying. does anyone else find him annoying or is it just me?
gy1n537_0,"It’s more theory based, almost every night need spend 30 mins to study but got a lot of admin time till lights out. First few weeks theory then followed by practical."
lh3h369_1,Thats what makes me proud to be singaporean in australia. That someone can go back or visit for the first time and feel safer outside or just drop their things at a kopitam and not have to worry. I worry some parts of sydney i park my car im not sure if i have wheels when i come back.
m3u82pa_0,I see but what's the reason tho ? If Army and Scdf quite relax with recruits having Tattoos why police don't ? Because in other countries they allow police officers to have tattoos. Is it because tattoos mean you are in a gang or it means you are bad ? Just need an answer no right or wrong answer
hk12pin_1,Not to say you got plenty of opportunity to earn extra income and attend online lessons. As long as vocation requires stay in is opportunity lost but in return you get the wholesome vibes la.
nt9udh4_2,I’m diagnosed with MDD and I know the stigma and the permanent record it carries. But if you’re struggling already by hours… I don’t think you need to worry what might happen years down the line.
grxgdya_0,"Err I don't think you'll be allowed to take up combat vocations without completing the combat fit BMT. Cos u literally learn most of the basic combat training in BMT like outfield experiences, etc"
issbrxp_0,"Don't give me the physical argument, Israel has been coping fine, and women can absolutely do most of the NS exercises, we ain't wrestling 100kg people to death. Maybe IPPT standards would need to be adjusted tho) How did we decide that number?"
mxwka9r_0,And you are missing the point of my comment
njkdop2_2,"don't intend to pursue degree for now, unless opportunity strikes. i pop in early December, can i find out more on the sign on process, job scope as an aircraft technician, career progression wise? TIA\~"
haetpda_4,"Tbh, it was really a horrifying moment for my friends and I. And it's totally different from exercise. And I can assure you, nobody was fooling around back that."
fsu0uv6_0,"Spf or any police force is not perfect but instead of throwing the baby out of the bath water, focus on reforms. The American criminal justice system, it's elected district attorney and police force needs reform. Removing them then good luck to you"
fbio8kp_0,No you just got a welfare coy?
l6b7blm_0,"agreed, as an ex ammunition technician, it’s 8 to 5 for me apart from 3/4 duty per month which requires you to stay in camp for that day"
gg3eqm2_0,"I think we can say that what you’re currently doing is great, if he’s not too tired or has the mood to go out during book out, bring him to eat good food maybe :D"
ngsv34l_1,* **Submit your acknowledgement** by clicking the 'Read The Rules' option in the main menu of the subreddit or the menu of any comment/post in the sub. Once you’re done you can try submitting your post again.
htsi5ro_5,"Can only trust the memories come back during refreshers and JIT training. Just don't get too tensed up on the day of live firing, that you forget everything."
g9mnhnd_2,"Being 2 years of NS, meeting many people from different backgrounds, and form such a long term friendship, spending the entire day together (If you stayed in), you learn the ""truth"" of each other. Wouldn't want to do it again, but with this lifetime brotherhood I've found, I don't regret to have went through with them."
da9d1n3_0,"If regular, [yes](https://www.mindef.gov.sg/imindef/resourcelibrary/cyberpioneer/topics/articles/features/2011/jun11_fs2.html). NSF no."
ladz4fv_0,No. Make up pay makes up for lost income.
pubvjp_0,"Interesting interpretations of acronyms. We all came across tons of acronyms in the service, and many times we like to give them our own meanings, for easier reference / understanding."
gzmfxw5_0,"Well an update, I POPed alr. You're right, I had to redo my CQB but for only half a day and I completed my IFC by going to field camp. After that BMT was actually alright."
jhcttyz_0,"Your in luck, I just settled 3 military weddings this month. Write in to your S1 branch, they have to seek approval for you from G1 army, I forgot."
gw19ijv_0,Sure you can get MC from IMH. But is there an end goal for you? You wanting to take for long period or just a brief break?
i077p91_0,Do these specialised transport vocations also go for the driving course? Or is that only for the TOs?
e8hs49j_0,"For me I started part time job hunting a few weeks before I ORD and continued the process after that,so every week after I orded I had a job interview(basically a meeting with the job agent who will tell me more about the job scope) on monday until I found my internship. In the meantime I spent my time learning basic programming and went to the gym,pretty boring tbh"
gk4a5nn_0,"A story I have:

I knew of a regular who was like you, from good JC, good grades in uni, scholar. They were in the force for about 5 years and got disillusioned and just tore up their contract."
co0642g_0,"if money is urgent, and you feel like the disciplined type then signing on may not be too bad [if you do it before enlistment then you get the added benefit of full pay during your 'NS']. i heard many people got to do their o levels, diploma, degree while signed on."
lnza98l_0,"My cwo mentioned before but I guess it's if you intentionally do it more than once, thank you"
1kfkmp9_1,"Speaking of POFMA, there were also no POFMAs issued during this GE. When the foreign interference issue occurred, PM Wong also conducted his press conference in a fairly neutral manner without attacking WP (and yes I am aware LHL later accused WP of reacting too slowly to foreign interference, but that's 3G)."
kwc9qvi_0,What's ur condition? suicidal thoughts or attempts? What escalated the condition that dropped ur pes from E to F
lpk1x02_0,u should also take note that if you do up pes (unless you sign on) you won’t necessarily get a paramedic/EMT vocation. Not sure how accurate [this](https://www.reddit.com/r/NationalServiceSG/comments/jnvclq/everything_you_need_to_know_about_enlistment_in/) is but upping pes opens you up to becoming a firefighter too. Not from SCDF though so maybe someone else can elaborate further.
go3i6px_0,"Wow! I thought only Polyclinics are FOC, thanks for the info."
j6vvm92_0,"I did the same thing when I was an NSF and even with my CO's assurance, the complaint was made known to my MT warrant. He then proceeded to make my life hell literally."
isxy7sn_0,But you really gauge for yourself. Do seek help if you really need to see a counsellor / therapist to deal with it.
d2cox6j_0,Because he had a pending charge when he ORD
gyc2e7a_0,"Uhhh sorry to disappoint, but I'm a different kind of spec, I'm an admin spec, meaning I didn't go through SCS at PLC, it's a different course in KC3."
ioduxd8_0,Dont rsi. The mo are damn retarded
gc0fp3e_3,"However, the headquarters overrode the decision and give them an A score instead. However, I would say that the interesting folks within the commando unit seem to be only the NSFs. The regulars/officers I had interacted were polite and respectful."
l5vds5l_0,same lmao. i disrupted on 080823 to go uni
lknii0v_2,I would considerr them as a vocation of their own. None of the ASA would consider them as our own.
j4xxqvz_3,But I do agree that the way the NSC doctor responded to him was quite unprofessional. The least he could have done was explain why he did not want to write a memo (even if it's just to indicate the diagnosis if he feels there is no grounds to recommend statuses).
ntygg1v_0,"I actually have one friend who is about to enter ns and he would talk big about entering like commando or guard because he is pes b1, saying that his ippt is better than most guys but refuse to tell us and I just find it annoying about these kind of talks

But tbh my female friends don't really care so I guess it's true"
hkav5a0_0,"this is typically for people serving ns in the police. i believe for regulars, soc will conduct recruitment and tryouts on april and september every year(?) so as long as you're a regular, you'll get a chance to be in soc even if you don't get in after your pobc"
kq3mb3_1,This will be my 'first experience' as a NS Man and from what I know for ops manning it is a way of preparing us in scenarios such as if a war were to break out. I am currently a Uni student and understand that it's not possible to defer from ops manning unless I have an exam or something of that nature on that day.
j71btyt_1,"This whole process will take months. Alternatively, you could go straight to any hospital and request a consultation with a specialist. You’ll need to pay private rates for your first consultation (100-200), but subsequent ones can pay with 11B. 

It is up to you, you may get statuses but downPES isn’t guaranteed."
h1srn5d_0,What course did you ooc from?
evpefui_0,True lol. Oh well ORD dk how long alr anyways
jycnloi_0,Senior NSF is fucking wayang all the way man. Just take your MC.
iep0e0a_1,It’s not military specific. You can also say getting into a soccer team and working as a team to win demonstrates those qualities.
e9wgqu8_1,"Which was why it was created to attract more engineers regardless fresh sign on or mid career change. So if you have alot of experience in engineering can easily cross over and hold a Marine Engineer position on board which is already an ME3 post but doesn't quite have a direct equivalent in WOSPEC/officer rank schemes. Marine engineers can also go up to ME4 rank which is close to full LT rank, so to allow civilian to straight away cross over to hold LT without going through OCS would probably ruffle some feathers."
1iwuio3_2,"I ORDed as a LTA under GBAD and I want to make a transition to ABM and I would appreciate it if anyone can explain to me some details like:

- which are the different bases
- what are some of the rough things ABM officers would be trained for
- progression path - what are some appointments senior ABM officers can look forward to

Bottom line, I know I'll be signing on under AWO but as of now I would like to find out more on ABM to have a better understanding of the job scope. I more or less understand what are the TORs of a GBAD/ATC officer but not so much on ABM. Once again thank you for whoever replies 😊"
ddneh7t_0,"are you even malay...because if you are not, it's kinda weird that you sounds so pissed for whatever reason...

most guys (including malay bros) considered NS as a liability....so most doesn't care which unit or vocation they got assigned to...all they care about is complete it and get MINDEF/SCDF/SPF out of out back....."
jz39isr_0,Yeah if u sign on got still got chance. Take Sir Ignatius Wang as an example.
1kr16kw_2,"Also, my MA is at a different camp from my ICT camp. Should I report sick on my 1st day of reservist to give the memo to MO, then cancel my MA which is on the 24th? Or should I just try to use the memo to apply for deferment for this ICT and go for the MA on 24th?"
gy1x3de_1,"But Pes E vocations... mostly might be slack la but if you really sia suay like my colleague, he Pes E ASA but everyday come office stress af. Do work also kenna nitpick and scolding, don't do work also kenna threaten to be charged."
g0yazp5_8,Better to get help asap. Your superiors and the medical staff there have seen so many cases like yours.
e6jlcw3_0,"Spend the two years actually finding out what the financial industry is like. Saying you want to get into the financial industry is like, if I could draw a parallel to NS, saying you want to sign on army without knowing what vocation or  what role you think you're suited for."
jqhprpk_0,"He missed the "" tembah"" , now must ""tambah"""
14bi9a4_1,"just finished bmt and currently under my 1st week of vocation training and im starting to already develop alot of mental issues like serious anxiety and slight depression in which i never had before. fell sick on the 3rd day of the week(when lessons are finally conducted) and i really felt like i couldn't even keep up in class and all, and i get serious anxiety now knowing that im way behind with the class."
i96b1za_0,No he never ooc he just completed ex72 like last month ish
gxcsyry_0,"Having vocational training helps (since they just let you continue the job). If you have no vocational training, doesn’t matter whether you go through bmt or not, default will be rifleman unless of course you downpes to non-combat."
g6ustsm_0,Air force or navy officer . Signing on as Wospec or spec won’t be that good in the long term
dcz03p7_0,"Personal experience from 15 years ago (hwah, been thaaaat long ago le ah):  
  
Entered enhanced BMT, did everything but failed IPPT, went to unit as storeman. 1 year later, went for combat recourse BMT aka mingling with fresh recruits as a LCP, passed IPPT in recourse BMT, became an RP."
eicdab9_0,I know Someone even better omegalul. Say oh I can definitely do NS and go PES A if not for my surgery downgrade to pes C! All those bullshit omegalul.
ilv9hvb_1,Second would be sign on and get in as DES now and slowly climb and aim for DEI. Am I right to say this?
k5slg0l_0,Not even mindef wishes you???
nvd6gkd_2,"in terms of difficulty Regular > VSC > VSCC 

VSCC does not require u to take IPPT/ PES status but still need to go for medical check up. tho majority of applicants VSC/VSCC do not get through the selection because of medical! just apply for it if you’re interested!"
cy17tn8_0,"Road sweeper:

&gt;-Peak physic -Getting paid -More time to think about what you wanna do
.Check

Trash Collector:

&gt;-Peak physic -Getting paid -More time to think about what you wanna do
.Check

Road Maintenance Crew:

&gt;-Peak physic -Getting paid -More time to think about what you wanna do
.Check

National Service

&gt;-Peak physic -Getting paid -More time to think about what you wanna do

Hmmmmm"
lf35b6m_0,Part and parcel experience BMT getting GID is package
gyu4uh_2,"I've been suicidal for the past 4 weeks and it got even worse after enlisting. There was a long waiting period for the counselor, I fell asleep during that time and forgot the main issue I wanted to say."
g0qt78n_2,All other personnel don No. 3 on office functions such as meetings.
1pv591i_0,"How do SAF units award promotions for men?. Context: Many have attained rank-ups through differing requirements, and SAF upholds a certain standardisation on what units should base on to promote men to higher ranks (ie LCP, CPL, CFC). Unfortunately the lack of standardisation across units/vocations have made this set of standardisation way off the charts making many troopers to be fairly uncompensated for their efforts."
13gccmu_3,"but now that i’m graduating, i don’t think i’m mentally strong enough to continue in a combat-fit vocation and be tasked to lead others when i can’t even take care of myself. could i get some advice on the following qns:

1."
fkk4ztl_1,"If still cannot, will be dispatched within airforce as ground based staff. But if after fail fighter, and you think you don’t want to be regular anymore, then will be put into OCS. Remember.. Pilots all officer."
id1ealy_1,"Pay is $4,340 - $5,300
(Which means take home pay is $3,742 -$4,240)

If worst case scenario, I don’t get accepted to either, I will just try and apply some mediocre lab jobs. The Sergeant role helps with financing the near future while the inspector role helps with long term financing. ( IMO)

And if anyone has experience as a female who has applied for either role?"
mo1ttm3_0,"OWADIO OH , 2 years very fast"
hxorsdk_0,"Maybe. But as a start perhaps I think he can look for something like fei yue family services or ask camp paracounseller for referral to reach out to some family services in order to attempt resolving, or at least mitigate the situation."
1fea4mg_6,How is the work-life balance in these roles? 3.
jnhpo0q_1,moi is old batch. Mandai hill probably 16c4i? prob do UIP first.
hs1os9k_0,take home dozens of thousands of dollars that should otherwise go to the nsfs to recognise them for sacrificing 2 years of their prime to be shit on by regulars and the public
lnuop7f_0,This all vocation are stay out?
hyxaxtu_0,"Ukraine is using reserves (and now armed civilians) too. Morale makes a huge difference; defending one's homeland is always much easier than attacking in terms of morale, and this just gets magnified with a conscript army."
hx5ol57_0,"Imo no. 0 not necessarily illegal iirc (given how I see some ppl cut damn short but never kena anything)

Be warned doe if u cut too short ur scalp more likely get sunburnt. It is NOT pleasant at all"
fvyuilm_0,"I have a similar story. Back when I was in NS, during bmt I got twice the pay during the first 3 months."
mcw7xnr_0,yoo 22km is crazy. commando really built different
xdsbwc_0,"guys, im in scs found term now what are the chances of me going infantry proterm? Is there a way to get other vocations?"
lbvjvcw_0,can we bring a friend along with us
kcr6ckg_0,"Yes you can

Source: I'm from the same vocation"
l22rkl9_0,"RG camps are 5 in 2 out
24/7 camps are 3 in 3 out"
kxm563v_0,"It Depends on vocation and posting there are literally people that're posted to office as an storeman and didn't have to lift anything. Also do really you think I don't know that people have to work even when they're pes e, I've served 3 years ago and was appointment on every saikang job a storeman could have and more while being pes c with shit legs and health condition. NS food is honestly okay for bulking up or for training purposes sure not the greatest for Olympian but it's not the worst."
laut51e_4,"Finally mastered the water drinking regime for NS, half full water bottle (600ml) every hour and regularly, it is really good as I don’t feel bloated anymore after 2 days. Do pm me if I miss out anything or any form of discussion."
j2ko2p5_0,What pleasure do you derive from being back in the army. Do you want to sign on? If not just live your normal civilian life and screw NS lmao
ng2hfjg_1,I dont have any friends that actually signed on so no one to compare notes with. I only have a few personal reference points.
hpsv7hh_0,"Hey man people are willing to help can DM me if you need someone to talk to. Correct me if I'm wrong

So you went for CMPB checkup told your issues there and have been issued PES D as a placeholder PES."
m9a88an_0,"Can Also show your cock to MO while RSI-ing, to prove your heat raah .."
i8a1cn_0,Bmt tekong field camp 5d4n
yj7kxm_1,My main worries is that I would not have time for my family as a regular in the RSAF. Would I be stuck in camp and not able to see my family when training to be a UAV pilot? What are the working hours like after I have completed the training?
fseizdw_8,3. Bring a lot of hangers.
jf5hced_0,ya. sign on sgt in saf also not as good progression as sign on as lieutenant.
himm8ll_0,"Best answer will be from the recruiter during bmt when they come by. From what i know, GPA does matters and it will affect whether or not he gets offers an contract."
x5f1vu_1,Like civil attire and bag. Or better to change everything? Cuz planning to cosplay asap Thank you.
kumpvmh_0,"can shit in the jungle during outfield, no problem"
lolzpx_0,Skipped national service.
16zco9c_0,Strange desires are making NS life awkward
12lv39o_0,scs recourse worth it or not?
howcmu2_0,maybe can consider getting those waterproof dressings so as to minimise contact between ur sock and the wounds. but make sure to change it frequently and not dress it too tight.
ksnjwur_0,"Interesting, always thought that Ranger was more important than SF tab for career advancement. See pretty much every CDO regular with Ranger, but not as many with SF."
p4a3jr_2,"hope this helps! :) &amp;#x200B;

**1."
m0uuy4i_0,Army life isn't just for everyone. If op decided to sign on who are you going to stop op from sign on?
jp1vwcp_1,Those who have served all know how a person's attitude in the army accurately reflect in the real world. Think we heard enough excuses about how these 2 years fucked up a person's dealt hand.
fkt6oy9_0,"For TPT OPR I heard you're paid only extra $50 for vocation pay under the new scheme, so makes you essentially ASA but more shag. Can anyone clarify? Cuz you'll do combat roles and all or is that not true :v"
hxftrgs_0,"wear helmet and stand on a chair, im serious, we have to clean our fans"
lo1sylz_0,Personally I also wish that I could be a sgt when I was NSF however I was unable to la. I failed my command sch FFI.
iw520jb_0,"U will only ooc if the trainers dont like ur face - facts
I have seen people absent half the time passing out, people who failed soc passing out, people with bad peer appraisal passing out."
ksnyw63_0,Inb4 immeasurable by dollars and cents eh
nsgoh3x_0,"Almost everyone that I know... Went on to become: Gym Trainer, Insurance Agent. Don't ask me why...."
gv5c160_0,"While you can find a job in banking, it's quite unstable, banks hire and fire all the time, and you'd probably be stressed with every financial downturn. You would be in the same boat as those regulars that sign just for money, forever looking forward to the day when you can earn enough money to get out of the financial industry and open your own business anyway."
k14k9el_0,"NSFs get less than 2 weeks of annual leave per year, 5 days of which r forced to b taken right after BMT"
wfvewp_10,"Anger is a very powerful emotion, and is one of the strongest emotion at compelling us to take action. It is thus quite beneficial if you can channel the anger of NS towards pursuing the goals you find personal meaning in, and turning it into drive and motivation."
g2fvw33_0,"Nothing to worry about anyways, just means your prescribed vocations requires higher than normal clearance for a NSF."
k0a4meb_0,"After ATEC 2 is cleared, unlikely to have major outfield. Usually its range and training for deployment e.g. Close combat stuff, body armour familiarisation, how to protect key installations etc."
myz37ck_0,"no lah dun anyhow, is lower chance not 0 chance. chill MMIs is clementi"
j4aimo6_0,If im not wrong sect 4 i think
lt522a6_0,"Yes, as long as you never sign on the line on the official short term contract, you have no obligation to the SAF."
ky3l9nb_0,Thank you for advice and sorry for the late reply.
fy7yegw_0,"like this is the route that guys who get their gfs pregnant go, if they urgently need money to start a family. or if the family can’t afford to send all the children to uni, the eldest child would sign on. btw i’m not a recruiter, i just thought SAF jobs were a safety net and they accept almost anyone"
n4uudd9_1,2 days means a lot to so many NSFs and regulars. Thank you for your service!
ev13vou_0,2. ** Military background** \- A significant number of us here have a strong military background due to conscription (**N**ational **S**ervice) here.
jys86pc_0,I know someone who was an inf officer then sign on as scdf sgt lol
geded3a_0,"Depends on which pes you get and what vocation you get. If your fitness is good, nothing will be difficult for you. All the best man"
m2mwqwf_0,"Have you downPES yet? If not, that is why you haven’t received posting as vocations are PES based."
dhrs5kl_0,"""get posted to a unit"" does this refer to enlistment day or getting posted to a vocation?"
l5uvt84_0,Tekong. Conducted Stand by Bed for the recruits.
kvl92o1_0,"National service. Where the whole country of 6m, take away foreigners here working/studying, take away naturalised citizens who DON'T have to serve, and as well as female Singaporeans. At most only 1m or 20% of the country's population serving to protect the remaining 80% and you call that national service. What a joke."
htr8s2o_0,Looks like someone can’t read 🤣 but thanks for making my day ol’ funny one. Just calm your proud pussy down and you should be alright with the 2 years of NS.
mqfl5i_3,what to expect? cos need to go for operation.
hcaap0l_1,U will go through a 3month course at OES with a mix of practical and theory lessons from civilian instructors (from ST Kinetics) Its quite chill except that some of the sect comds/regular trainers can be quite anal about regimentation. There used to be a stay out option after the first few weeks but have been hearing rumours that it will be a full stay in course cos some ppl have been abusing their stayout privilege.
ivhxzc4_5,"Keep going, it'll be over before you know it. I've heard our vocational training is by far the toughest out of the pes C/E vocations but unit life is wayyy more chill than anything else out there."
ijepqkw_0,"I worked in a gay pub as a part time waiter during my polytechnic days as well as NS RoD leave. While it's a gay pub, it's a very normal place and no hanky panky stuff."
1p1uht8_0,How are vocations decided? And normal bmt practices?.
1lrjipi_0,Posted into IFA ( what is that). Im a recce spec that just got into IFA specialization.
hedjyxh_7,If he doesn't give you the answers. Just do it.
p8k6ob_0,Must you get gold for IPPT to go OCS?
hepdiq5_0,regular saka culture also pretty toxic tbh
gx54vh1_0,"So many votes and yet only 1 comment before mine. Enjoyed my time in unit after i OOT, especially with work from home from April all the way to February and in a stay out vocation"
lflw6e3_0,"Too much chikara bruh...
😅"
iq2p566_0,"It's almost like you didn't read the article at all. &gt;
HIGHEST PROPORTION OF MENTAL DISORDERS

&gt;The Singapore Mental Health Study in 2010 and 2016 focused largely on the adult population in Singapore. &gt;Findings from both studies showed that young people aged 18 to 34 had the highest proportion of mental disorders and were more vulnerable to developing mood and anxiety disorders, said Dr Mythily Subramaniam, assistant chairman of the medical board for research at IMH."
lx7k4fz_0,"It's either you get permanent down pes or you keep taking status for the non-critical activities. There are a few items you need to clear to pop from bmt, that includes your outfield and 24km march amongst others."
luau66f_1,"If i am you, i would have just find someone better or more matured, alternatively, you could highlight these things to him that you are dissapointed with, and give him a clear timeline (2 month) and action needed to continue the relationship. All the best to you."
m9fdzry_0,1 month of nerfed bmt + 1 month of vocational training
ctzgkmn_0,"IMO SCS is not worth it, OCS or man. Specs just get fucked from both sides."
gpvgbra_0,eh same batch bro POP LOH
n536hc7_0,"Idk what answers you are expecting but talk to him, if still can’t get a common understanding then break up lor"
ikzi3ia_0,Sure. Working in health care and what not is commendable. But at the end of the day who's getting paid peanuts by force and who's getting paid rightly with choice
i3acid0_0,"yes, those vocations are rare, i think my entire batch had only 1 or 2 who went naval base? part of the reason is that air and naval bases require slightly higher security clearance if im not wrong."
mt9fjfq_0,"Some Home Team (SPF & SCDF) Regulars w SGT/SSGT Ranks (Encik / Ma'am) r temp / perm demote to CPL if unable or unwell to clear NAPFA within allowed time frames. Sad but True & Happens

Source / Own Experience: Served NS"
jcpg5ye_0,Dem you gotta charge like 70% of our army then. All the regulars I know cheat de.
ijl7ms6_1,if straight crash to ground will be worse. last i heard he leg fracture and awaiting ct scan but dun take my word for it
hfc0klr_0,So when i join the same batch will be the same thing? Like taking the oath and all?
glle6xh_0,Alright and once I got it who should I show it to?
dulh5o8_0,"LHL wanna ORD in peace, he won’t shake things up too much. But eventually our government needs to decide what they want to do with the LGBT law. Popular and rich startups from USA and Europe will be looking at SEA to setup HQs with diverse teams bringing their own family, Singapore will pick the route of high GDP and modify the marriage laws so their union can exist."
fnnu51d_0,NSF? book out lo! why not happy?
jq0ctvd_0,"not food delivery rider, not grab, story was like 10years ago  


was a chao NSF, doing some outfield topo thing. So i was walking along, when the people in front suddenly ask if we want to order mcdonalds."
13aks09_0,"How is GBAD (ground based air defence) like?. how is GBAD like right now? especially for personnel operating SPYDER and SHIKRA, is it chiongsua or tough?"
efb0mum_2,"Those who were part of the guard duty of this time will remember that they issued you a hand held spotlight which was so powerful you could see the light beam in the sky. I tried everything; shaking him, I shone the light beam in his face and even poured water onto his face but nothing would wake him up. Eventually I even picked him up over my head in the panic and threw him on the floor and he wouldn't wake up."
ikn5pyk_0,"Is probably to avoid distraction, if phone lost is also an issue. Unit that allow their ppl to carry phone probably is for contacting their regulars n etc."
jm7gsfr_0,"can’t hear shit, i took SAF earplugs for live firing shove them in my ears and fell asleep, problem solved, i’m a thinking soldier now, proud that after 1 year of service i still have my brains thought i lost them by now"
jg7gc18_1,"Especially if your case is adjustment disorder, which is almost always temporary, unless it deteriorates into one of the more chronic conditions like major depression. Even for work, 99% of jobs are still open to you (unless your condition is one with frequent and uncontrolled psychotic episodes), aside from a few very strict ones where mental health declaration is mandatory due to on the job risks."
g3j2gl1_1,"The same reason why those first national servicemen went in and served the nation is the same reason why throughout the next 52 yrs,a few million had done the same. Swear to the same oathe to protect and defend Singapore with their life and to never surrender or give up the fight for its survival."
gtx6y5i_0,"if its the eliss machine, for your first push up lower yourself slowly till you hear a beep and a vibration as that will be the standard for the rest of your pushups and that makes ur pushups easier as u dont have to go the full way down but it takes some time to get the hang of for some. most people find running the hardest so try to max your static (pushups and situps) and you dont need that good a run time to get gold."
jzmny89_2,Also! What vocations he will most likely get if OOC? :/
i6f9f5c_0,"Was in Brunei for a year long ago. NSF and regulars all live like one family. Good times, though Brunei can be boring."
ir4hdgq_0,Provost will just ask to see gallery and browse thru from start to finish. Normally the hidden and recently deleted folder needs to be cleaned up too.
jr47ym6_0,Please enlist first…. I had a friend who declared first and it pushed his enlistment date to 6 months later… not worth it. Just enlist and declare whereby they can then downpes you accordingly without extending your ORD date. Take care man and enjoy ns.
10i0cj3_0,is guard duty on public holidays 12h or 24h?
kqcqgzy_0,"Lol bro, your encik very nice already to ask you for official letter. You're in BMT. No one takes leave from BMT unless serious issues like compassionate leave etc."
muc9uu3_2,super long battery life too. one change can last days if not weeks.
fqfc8b7_0,The current intake are not in camp and their ORD is also not affected.
n3ydmcw_1,"Heres AU and CA links. # 

# 🇦🇺 Australia — Department of Home Affairs (Skilled Migration)

**Character Requirement (Section 501):**  
👉 [https://immi.homeaffairs.gov.au/help-support/meeting-our-requirements/character](https://immi.homeaffairs.gov.au/help-support/meeting-our-requirements/character)

✅ Australia *does not automatically reject* applicants who served time in military detention unless it involves serious criminal charges or repeat violent offenses."
ic2l771_0,"Not too sure about what you will do in Khatib, but one thing's for sure: the food there is definitely better than tekong cookhouses"
fwzg4ky_0,"Hi! From my experience, vocation-wise, those in PES B4 can be EMTs in terms of frontline vocations."
g8jtunb_0,"Yup better to sign on first so that you can go in SPF. If suay suay kena army, also can sign on during BMT but must be fast. If not after BMT cannot sign on liao and you will stay in army"
mbevfly_11,There are vocations where u need show ur interest during bmt itself then u will have a chance. Ask around ur commanders abt it
di21wm3_0,"It depends on your unit timetable and vocation demand. If your camp is the relaxed kind that allows you to book out daily, you can consider part-time studies."
homn3r0_0,"I heard PSCs who qualify for OCS will come back from their studies, go through it as LTA and commission as CPT because they have degrees. Someone correct me if I'm wrong, maybe this is just specific to SAF scholarship holders?"
jz6zre1_2,I don’t see how you are so relaxed about it? Ultimately this is a fault on your end.
1ifv2vt_3,"I feel kind of lost, as it seems like I was the only one upholding these values. Was talking to a reservist person who said that back in his days they did a spotcheck on an ME7’s phone and found child porn."
leo1d8l_0,Encik's grandmother told him
i09xe9r_2,"Still infantry-based, and minimal LSV-related training. Alternative names i'd heard for AIT is Guards AIT (GAIT) and Guards Vocational Training (GVT), but they are the same thing."
1dmkkkz_0,Vocations In SCDF For PES Unfit
me5d3ds_0,Whataboutism isn’t a great argument here. NS is a separate issue and should be discussed at lengths here and I support fairer conscription requirements. This however isn’t relevant to the core issue of our government allowing money laundering and getting angry at related but separate policies is detrimental to this discussion and only makes you seem inflammatory.
1pkhbdt_0,"Question on Vocation as ELECTC TECH SVC. Hello, I got my vocation as a ELECTC TECH SVC as a PES C9 , with excused RMJ and Heavy Loads , what are the things to expect? Also is there any chance of revocating, or must i speak to my superiors in camp?"
ermb9ni_0,Eh don't be a fool. ORD cannot count by days UNTIL YOU HAVE HALF A YEAR LEFT.
1cqwx5a_0,Overseas leave when can clear immigration?. On Fridays rules say can leave Singapore after 5.30pm but for overseas leave can I leave after 5.30pm of the day before the leave or 0000hrs of the leave day? Eg if I apply wed leave can I scan passport Tuesday after office hours or can I only scan after midnight Tuesday night/Wednesday morning?
dd81dse_1,"Rome vs Carthage for a start. The roman army was made of out citizen soldiers, in fact they hardly needed conscripts as there were a large number of volunteers. https://en.wikipedia.org/wiki/Roman_army

"" Thus the army's character mutated from a temporary force based entirely on short-term conscription to a standing army in which the conscripts were supplemented by a large number of volunteers willing to serve for much longer than the legal six-year limit."" ""Regular annual conscription remained in force and continued to provide the core of legionary recruitment, but an ever-increasing proportion of recruits were volunteers, who signed up for 16-year terms as opposed to the maximum 6 years for conscripts."""
hdcfqme_1,"The purpose of this is to engage your posterior chain. If done correctly, you should feel a slight tension in your glutes n hamstring muscles."
nci8n8i_2,"It’s not summer camp it’s army. Why I say vocation matters, in some units, sergeants are the middleman who eat most of the shit, in other units it’s the officers who tank the work and responsibility. I’ve met sergeants where all they do is chill and bookout, but they don’t get treated like men bc of their rank. So there’s pros and cons of being a sergeant and officer. It matters more what your vocation is."
jagj50n_1,"From there, we redeploy those who are surplus to other vocations; cross-train the NSFs/Regulars to meet the operational requirements. (2) MINDEF/SAF needs to set aside more time for the training of Dual-Vocationalists (DV) or an emphasis on a multi-domain soldier."
i8x1uf3_2,"Or, just make it the KPI of all the regulars. Mindef genuinely caring about well-being of NSFs?"
iewqjsf_0,Need to see the world from an administrator’s view
msqcjb6_0,"Things to do depends on your orbat and estab. In some vocations, you can be a 1SG section commander, so your role will remain the same from 3SG - 1SG. At my side, you can even go up to MSG as a section 2IC (my vocation have officers as sect comd), so it really depends."
1e62fl1_0,Questions about down pes-ing
jagfysq_0,Depends on unit and vocation.
qgot6l_2,i’m back to square one where i feel hopeless and trapped. i was hopeful that my excuse stay-in would allow me the chance to cope and deal with what i’m going through.
hsunt1_5,Anyone here received a message on WhatsApp about an online engagement session for the pre-enlistees and their parents? Above are the questions that I have regarding enlistment at Kranji Camp 2.
kj5r4cp_0,Yes for driver vocation it does and so does weight
e3l7nqi_0,"save up and at least get a couple decent pairs of full-grain dress shoes (versatile styles like [plain toe balmorals](https://smhttp-ssl-39255.nexcesscdn.net/wp-content/uploads/2014/04/Pediwear-Collection-Black-Cap-Toe-Oxford-True-Budget-Oxford-at-109.50-GBP.-900x589.jpg)) that you can alternate so they don’t wear as fast, and a (matching color leather) belt that doesn’t look like part of an upper secondary uniform. 3. there are shoe/pants colors other than “black”, but swinging all the way to the other extreme can easily result in catastrophic failure"
imcn77l_0,People finding ways to screw each other over and some blur cock making job dificult along with people with high positions being rude and controlling
lcz4qne_0,"I know one regular who is a PR, signed on as a supply spec (non combat vocation) but that only because she got a diploma cert. Sorry to say if you minimally don’t have ITE cert (which already has slow progression) you have no chance to sign on as a PR. maybe at most ADF."
emu3jo6_1,"The next 5 weeks you will be learning regarding your vocation. If you pass all the test, you can become a 3SG even if you are PES C or E. After 5.30 when the lesson ends and if you stay-in you got nothing to do."
d349xvk_0,"A follow up elective in T7, **Advanced Optimization**, will go into this with greater detail and will cover questions such as job scheduling, or maybe timetable scheduling ;) If you think your timetables are bad, the scheduling process is probably worse! **Operations Management** (T5): In some industries, the holding onto of excess inventory/suffering a shortfall will be subject to penalties and/or other related costs."
frnjawv_0,"Would love to read more on the perks of the scs/ocs ppl

Ah I see, haha I'm not planning to ooc la just wan get into a p chill vocation. If I get into a shag vocation as men then maybe downpes LOL"
kfhqr7o_0,"Sugar isn’t the enemy, it’s just the quantity and type of sugar. Carbs are also sugars but are necessary for regular life and even more so for performance endurance training. Granted, complex carbs are better and it should be preferred but complex carbs are still sugars and they’re important."
mh00i7b_0,Compile pictures of hair styles you fancy on whatever social media you use - I use Insta. I've gone from mohawk to topknot to NS recruit and now I'm on like Jap/Korean medium-long side part.
lntf0ba_0,"Bro I swear almost every post I see you, your saying some snarky passive aggressive reply... Who hurt you bro?"
lkg98cu_0,Mindef definitely alrd has contingencies in place to evacuate personal and alternative training grounds in the event Taiwan gets invaded
jogah28_0,"enjoy your excuse camo “benefits”, tbh it saves alot of time, camo on and off not fun"
hnusdes_0,"I haven't done that, but I've gotten a memo from my CGH orthopedic doctor to give my MO, so i think it would be the same. Idk about reporting him, I just want to get the fk out of there"
ioiwz05_0,"Down Pes. There was an actual training death due to smoke grenades, very serious thing. RIP PTE Dominique Sarron Lee"
ljj8g8w_0,"Thinking of signing on to guards as a female

I've been thinking of signing on since sec sch days bc its smt im passionate abt and like the job isnt always deskbound, + there's experiences you wont get anywhere else. Im currently 17 F in poly y1,, i applied for ewos (guards vocation) and idk if i can get saf poly sponsorship haha 🥲🥲

Not just applying bc of money but bc i like to be outdoors a lot and trying new things + to me its meaningful to serve."
hdz4yup_0,"Just get ooc due to physical injury...high chance post to transport even if no downpes. However, if you have mental issue, you can never be a driver. Why would they put the safety of others in the hands someone who has mental issues?"
i38198p_0,"I agree that the VTOL will be useful for Singapore context where it will be easier to just use our roads for repair and service of aircraft after our runways have been covered with potholes and debris. However, there is another area of concern which is the absence of an internal cannon. Due to having to design the variant to have VTOL capabilities there simply isn't any space left within the aircraft to fit an internal cannon. This means that external gun pods would have to be equipped changing the aircraft from stealth mode to beast mode. If they were to stay in stealth mode they would have to only rely on missiles but lessons learnt from the Vietnam war is that it is still best to have a cannon."
hl3iou6_0,Works better if you're stay-out but I would say driving license. My vocation sent us for stuff like food hygiene certification etc but that's even better because SAF paid for the course 😂
kftrllm_2,Speaking from experience. But yes that buffer is built it for the above scenarios that some strays are really hungry and unit forgot to indent so they walk in to grab a meal.
fx66buo_6,During this 3 days u will be digging as well. Just a shell scrape.
fek8vjm_5,"1. Inform them of your intent to sign on as part of the SPF, they will likely fight to get you in as they generally will have a manpower shortage."
i4ow86p_0,don't look forward to the day you ord but look forward to every end of the day :)
c42ze3q_1,"Once in OCS, only candidates from Delta Wing + female cadets who had 'signed on' and have been in OCS Sierra Wing since BMT are considered, but most females end up with the SAF Merit Scholarship (SMS). This reduces the number of eligible medically fit males to about 150, but in all seriousness, only about 50-70 are really still in the running."
kcmi0hc_1,"It does not magically turn someone into a noble and charismatic leader, it really requires effort from the individual. Certain job postings, specifically the civil service will ask for your vocation and rank when applying to them, though it is not a deciding factor."
jl0qrf7_1,No harm taking up Log officer. A lot of planning and you will have Regulars to help you up. Be prepared to first to move out and last one to call it a day.
ir9c651_0,Follow your chain of cammand first. If all else fails safety hotline is the way to go.
je9w7e9_1,"Personally wouldnt recommend signing on while still studying as i feel that u wont have much time based on experience. Graduate then sign on💪🏼💪🏼 also once u commision, it will be a mandatory GRF role for a few months/years for all regular officers."
e3ihpru_1,"&gt;During the show, celebrity chef Gordon Ramsay praised his entry of roast lamb with beer-battered cauliflower and reduction of lamb and beer, calling it a dish ""worth travelling 17,000 kilometres for"". &gt;Since the show started airing, Mr Sashikumar has become something of a celebrity chef himself."
iavqvtf_0,I mean there's nothing definitely wrong with having a second mobile phone in army if you have the money to spare. Backup Incase your phone spoils.
hy3592b_0,"True haha i admit my mistake not saying as example.. I wonder if nationalism died down throughout the generation. In this time of crisis even in war, National service and even our tax funds help us to overcome to stay as a nation."
ggku1cf_0,"Both Specialist and Officer cadets will go through a ""leadership"" phase before transitioning to vocational training. But ah boy ah, focus on O'levels first."
kw26rma_0,"Your Wing Comd ain't gonna take the time to recommend vocations just based on 3 months of your performance that's usually down to mindef allocation and your preferences. The current batch of CLM will have the most choices of vocations cept for Arty, so just put Infantry as your last choice and armour etc etc on the top choices. -NSK"
j2vil1h_0,Excuse malay. No racist intent but I’ve seen it before
lvqhmtb_1,"Have an entire battalion of NSmen die in training
4. Declare a Lee Dynasty for life
5."
n1n6084_1,"OCS + SF selection + SF qualification + Ranger will be very tough and are not for the faint of heart. Do have some sort of ""backup"" plan for other vocations you would be fine with"
hvxapia_3,"Just man mode and serve out the rest of ICT till MR, enjoy your time with your buddies. There's many other ways to have your dad be proud of you. You might not know, maybe you land some form of opportunity that you one day turn it into a successful career or business."
la18c1n_0,Hahaha. So give the man a fishing rod ? He can fish off the deck
tpili5_0,SCS motorised Infantry experience. This is just a summary of pro term SCS in Motorised Infantry just in case you cadets have no knowledge of what it is all about. I could barely find any information regarding this SCS pro term vocation.
17iwbsf_1,"somehow it circulated to my sister's friend before reaching my sis. Worried that the punishment would be non camera phone/ surrender of phone for entire coy/unit etc(not gonna expose myself) DW to sabo my entire unit/coy  for this sickening retarded guy, frequent phone checks(likely)

Most faked up retarded guy I've met and it's one of the many dumb things he did

Would be grateful for ur advices🙂"
fbovc78_0,HAHA that was also what I was worried about
lhpokyp_0,"Hi. Doesn't matter which Force/Branch/Unit/Vocation u post to (SAF, SPF, SCDF). Even Regulars, NSFs & ORNSMen post to other SAF / SPF / SCDF / Other Branches due to Manpower Needs."
gwrainf_1,"You also mentioned that you hate outfield, then i highly doubt that command school is for you, because there’s a good chance you may go to infantry

I think you may have the impression that commanders life is “relaxed” because you are still in BMT, but depending on your unit , some commanders are treated the same as Man. * Only way to drop out of command sch is OOC which is pretty difficult"
h17zl40_1,Mine was impacted quite late as compared to the others. I saved $2k out of pocket because 2 of my wisdom tooth needed surgical removal. You can do 1 extraction per week and serve up to 4 week MC instead of extracting all the wisdom tooth and serve 1 week MC.
i8san01_0,"https://www.channelnewsasia.com/singapore/saf-review-pes-system-deployed-more-roles-servicemen-250551?cid=internal_sharetool_androidphone_16052022_cna

&gt; The review comes amid falling national birth rates and a shrinking pool of national servicemen, with the SAF announcing as early as 2017 that it was reviewing vocation deployment criteria to tackle manpower challenges. Manpower shortage is not just an anecdote"
lk574sn_0,"The active wars show how \_\_atrocious\_\_ conscripts are in war. Russia, which has a similar mixed conscript-regular army, has lost 87% of its initial invasion force by US estimates."
exdw5cq_0,"&gt;most, if not all, of these deaths occured in NS. I'm not 100% certain, but I think most of them were SPF regulars."
hf2ad8j_0,"Mostly body weight exercises, cardio and conditioning exercises depending on your vocation I think."
dak1ev3_1,"A few helpful links:

* Official Recruits Handbook published by MINDEF *[Ministry of Defense]*: It's a few years outdated (2012) and some important things like the IPPT *[Individual Physical Proficiency Test]* system has completely changed, but it's a good start. https://www.mindef.gov.sg/dam/publications/eBooks/More_eBooks/RecruitsHandbookApr12.pdf

* Pioneer Magazine: An official regular publication by MINDEF."
kifzcp8_0,"ME4 Airforce engineer would be the best for you, a lot of females sign on as me4 AFEs, it is quite feasible for females to sign on, but of course this is a contract(probably 3 years if u don’t take uni sponsor), so think carefully"
miy7zig_0,I'm still serving NS and so far I'm doing alright! I have not faced any discrimination or being looked down by others especially from combat fit NSFs!
jc9qo46_1,"at the start of my boyfriend's bmt, i spent a lot of time glancing at my phone to see if he had texted me but most days, he'd only be free at night and only for a short moment. maybe use this time to find out more about army (i recommend the 9 weeks of bmt in 9 minutes video on yt), so that you'd understand what he's talking about."
ijoeaqe_0,if i dun find chio dentist i wun ord
fn20lre_0,The MO just kept on scolding me and telling me to go clean the bunks further until there's no dust. He wouldn't entertain me at all.
mcyn1y_3,Commanders are really nice but sergeant major can really be nicer. End of story.
n6p281c_2,"For more guidance check out [this tutorial post](https://www.reddit.com/r/ReadTheRulesApp/comments/1ie7fmv/tutorial_read_this_if_your_post_was_removed/) on the official r/ReadTheRulesApp subreddit. Thank you for understanding. Sincerely,    
u/read-the-rules

^(This is a bot message and replies will not be monitored)"
lwuhjf3_0,Damn.... hope things goes well for you 🙏
na7b2ji_0,was once like you. But in the end i nvr up pes even tho q a few regulars say i got spec/officer potential.
m9s5rxx_0,"If you don’t mind , which vocation are you from?"
frkunwg_0,Man I used to spend so many hours doing guard duty in that small shack near the start of the runway.
i67wqgb_0,"Like outside stuff, friends hanging out etc while you are enlisting in"
fm1lcl2_0,Hmm if you had adjustment disorder severe enough to require downgrade why now want to sign on? Not saying it’s impossible but just sounds like a complete 360 to me so you should consider very carefully if you might experience recurrence of symptoms and even you are coping better now which is possible signing your life away is a big deal so try first and make sure no regrets!
hm1kg0u_0,"Yes. I'd expect a number of NSF/NSmen to defect or run to another country regardless of who's the aggressor. Reason being that people were forced into NS so even with whatever propaganda the government feeds them, they'll still want to run."
jx4imcq_0,"The gaslighting is crazy. Break up with him, get together with me. I’m civilian alr, he’s not."
gkpts2s_1,"Fellow NSFs don't really make fun of each other unless there are specific people who really try to make life living hell for the others by exploting his medical status (and I mean, taking back to back MC for months). Once in a while, you get fellow soldiers who are quite mean, but as the regulars, we do try to ensure the unit doesn't break out into a fight."
111wwoi_1,will be taking ippt test in school but unsure whether it will affect my vocation. current ippt score is a pass. will getting a silver/gold get me a higher chance in getting into guards/commando formation?
kajijac_0,Use emart credits (and cash if not enough credits) to buy new sets of uniform. Inform your commanders for controlled/issued items such as helmet and LBV.
jxx6wf3_0,U jealous ur parents dont love u ah?
iokl6qf_0,"Recommendations:
- CANMAKE Mermaid Skin Gel UV - 01 Clear ($18.90 for 40mL)
- ROUND LAB Birch Juice Moisturizing Sunscreen ($35 for 50mL)
- ANESSA Perfect UV Sunscreen Mild Milk ($41.90 for 60mL)

Just to highlight that my skin is very picky when it comes to sunscreen as I can only use alcohol-free ones but I have oily-combination skin type so if the texture is too thick/heavy I get really greasy. Those three are not that cheap if you compare them with some other brands but they’re the ones that checked my boxes while still being affordable to me. :’)"
g3l9zce_0,"Everyone happens to be on ops, even during bookout"
jenuv30_0,"ah yes, destroy your iPhone 14 Pro’s cameras just because MINDEF tells you to"
g9ljsl1_0,"hello, from 03/19 batch of IntOCC. There's a lot of pride involved in the vocation, especially after slogging it out through all the outfields and long nights of planning."
e93650q_0,"It's already caipng. Mindef and Foodfare, one pocket in one pocket out."
n2ppir3_0,"Thus I was not sent to tekong, but to Kranji Camp's BMTC school. After BMT you get your vocations right?"
na9617f_2,"For more guidance check out [this tutorial post](https://www.reddit.com/r/ReadTheRulesApp/comments/1ie7fmv/tutorial_read_this_if_your_post_was_removed/) on the official r/ReadTheRulesApp subreddit. Thank you for understanding. Sincerely,    
u/read-the-rules

^(This is a bot message and replies will not be monitored)"
g9c9bnz_0,"Yeah it doesn't actively broadcast just like nus wifi, but if you can learn how to use nus wifi, can do the same for tekong"
tbgmtf_0,"To aspiring pilots/awo wanna-be. EDIT: WSO\* not AWO in title

Hi, I created this post to share my experience as a pilot trainee and maybe share some information for people who aspires to have a career in these 2 vocations... just a brief summary, I did end up getting shortlisted as a pilot trainee after passing COMPASS test \[DEC 2021\], spent about 3 months WFH."
1j6c2t3_0,SPF VOCATION: NS CYBERSECURITY OPERATOR. Does anyone know what they do?
fmdqmtg_0,"Adding on to whatever u/Harbinger_Reaper said, SAF has too many officers now that if you sign on with just an A level cert, you are doing yourself a disservice. Also on top of that, some might say that SAF is an iron rice bowl etc and that might be true."
gzlpbyt_1,"After I came back, I found out from bunkmates about a bunch of rumors that the block we were in had a bunch of spooky incidents, like one where a recruit found a weird altar under his bunk bed and had to remove it. Luckily I left tekong soon after as I ended up ooc-ing to gedong due to other reasons and didnt encounter any other spooky incidents during the rest of my NS."
h9dal0i_0,"Do sound out. they have a strict rule to try not to rebmt you unless your condition is server, then u may be downpesed and join a less intense bmt."
nby06iw_0,"Dear Tiny-Search8568,

Your [post](/r/NationalServiceSG/comments/1n67ea4/home_team_diploma_sponsorship/) on r/NationalServiceSG was removed by the Read The Rules app because you need to submit an acknowledgement that you have read the rules. **Please:**

* **Take a moment** to refresh yourself with the community rules in case they have changed."
fw1ka7e_0,"&gt;bashed like this by his past acquaintances online so widely

Bashed by his past acquaintances (work and non-work)

Bashed by his past comrade (NS and reservists)

Bashed by social media warriors. ( NS-people and non-NS people)."
f5e9zc1_0,I eat everything and anything .. dunno which my frnda would like bro thats why
gvb70qe_0,Specialist appt dont have ?
ggkpsdf_0,"Hey, mind if i ask a few questions on the process you went through? :) I’ll message you"
1l7pyqu_12,"**TL;DR**: NSF with lifelong anxiety/depression, diagnosed with adjustment disorder. Mental health is affecting life outside NS."
ymy3v8_0,"Elaboration of what ETI does. Can someone explain in detail of what to expect/look out for as I just got posted to  Engineer Training Institute for my PRO term as specialist, tqvm!!!"
k5i632g_0,anyone knows 15 nov 23 which vocation for ptp bmt?
mh097gt_0,"if your IQ is too high you will not be Pes A/B, risk of psychopathy grows exponentially. ideally you want to score 1-2 sd above the mean so that you don't get put with non-verbal autists but also not with non-verbal yalams"
h104yfu_0,"The following persons shall be persons subject to military law and this Act shall, subject to such exclusions or variations in relation to non-uniformed servicemen as may be prescribed, apply to them:  
&gt;  
&gt;(a)	regular servicemen and full-time national servicemen in the Singapore Armed Forces from the time their liability to report for enlistment or service arises until such time as they are lawfully discharged or released;  
&gt;  
&gt;(b)	operationally ready national servicemen from the time that they are ordered to report for enlistment or service, whether they have complied with such order or not, and while in uniform or performing service in the Singapore Armed Forces or the People’s Defence Force pursuant to section 14 of the Enlistment Act (Cap. 93), and while called out for mobilised service pursuant to sections 16 and 17 of that Act or when called out to duty in aid of the civil power;  
&gt;  
&gt;etc. So technically doesn't that mean that the moment I ORD to the time of first ICT/mobilisation, military law won't apply to me unless it is also a civil offence?"
1gussk3_0,What opportunities are there to sign on?
h8o0pm8_1,"Request a specialist appointment asap, or book one yourself if you are able to afford it. Your health takes priority over anything during the two years. It’s not worth it to destroy your body during the two years, let alone so early into your time"
dvryzx4_0,"No outfield, but there's a small route march. Unit life is awesome compared to the combat peeps. 8-5 stay out (unless you damn suay posted guardroom, DB or Gombak) free canteen use, pretty chill life."
kcsteq_0,"E1, what kind of vocation ?"
hrgncmj_0,Basically PTP enlists 2 months before Enhanced. They do about 9-10 weeks of PT before going through regular BMT syllabus.
mygc9jo_1,usually gold bayonet will go to regulars as it is more beneficial for them to get it. Good luck with your journey in transport formation and as usual i will end with FOR TONNER AND LORRY!!! TRANSPORT!!
lev4rw1_1,"If you're in tekong, it's not worth trying to tahan until you end bmt because it could result in permanent injury and future complications when you're older. I mean at worst you'll be stuck in bmt in limbo for a few months, but tbh it should be much more chill compared to going to a combat vocation. Once you go to a vocation like infantry, it's hard to get out because manpower branch is lazy and  you'll probably be stuck doing admin work or something like that."
jmnzdok_0,"The smoking corner is the Great Unifier in NS. Over there, no matter rank age race, all equal."
h7j8iq2_0,"Print a paper with advice, then next time you see this again will have QR code of all evidence db, video, picture all time stamped etc"
kc2isiv_0,Your first paragraph is inaccurate. Yes 85 out of 195 countries in the world have conscription on paper in reality only a handful actively conscript a large portion of their population.
kp0ck6k_1,"He signed on and is undergoing the selection process… if at anytime he fails, he returns to serve the remaining time in NS wherever they post him. He succeeds, then it’s a 10-year contract to be an Air Force pilot."
efidto9_0,I only got to try the halal food a little in Tekong before i was posted to airforce where theres no halal food at all. I think its the spices. It makes the dishes taste nicer.
gyetq1y_0,"The view when i was inside tonner&amp; bronco during outfield, lucky there got 1bar of signal to use phone"
iu8pv0e_0,sell insurance more than sign on sgt HAHAHA
ki35xrk_0,"As someone working in an MNC, I don't know of any reason why someone would hire an able-bodied male who has to go reservist every year over an able-bodied male who doesn't have to go reservist every year if they are equally qualified and have the same chemistry with the team. Character development is extremely important but surely there are cheaper ways to do it than wasting 2 years + 10 years of reservist."
j22fffa_0,"enlist first, you can get subsidy of $40 when you bring the physical receipt (must be purchased after date of enlistment)"
jzyyu2j_0,good advice. and sign on asap if you’re sure it’s what u want!! before uni is the best because backpay is 60% and not 100% (at least for SAS)
m93j8dk_0,"so long as u intend to sign on as regular officer in any of the uniformed services (MINDEF/MHA), got bond to serve

if u finish the full distance of the bond, good for u -> loyalty bonus? with the duration of the bond, u get different postings to move around the organ. try see whh one u like as a ground staff, do staffing work etc

just as impt, try to get them to sponsor u do further studies so that as the old saying goes, will help in your career path in the organisation ie promotion etc

on the other hand, if u r still in a 50-50 to deliberate to sign on or not  
why not use the 2 year NS stint as a preview window to see if the job scope(s)/R&D culture is something u r able to find sync with --> months prior to ORD, approach your manpower unit or its equivalent to express formal interest to sign on and they should be able to point u to rightful direction

use the 2 year period not to just slack/chao keng etc or whatever nonsense  
  
can network or speak to your RO or HOD to get some understanding on the organisation/work scope -> bear in mind your level of responsibility will b much more heavy as a regular vs that of NSF (that doesn't mean u NS boy mean can slack any old how do)"
jlw77vi_1,"if you do so, you will be posted out when the 3 month period ends
2. your rank will be PTE throughout FEP unless you choose to sign on"
fm7hi7j_0,"Cyber NSF Scheme -  [https://www.mindef.gov.sg/oms/c4i/vocations.html](https://www.mindef.gov.sg/oms/c4i/vocations.html)
2. After NS take up Undergraduate Scholarship -  [https://www.mindef.gov.sg/oms/arc/our-scholarships-undergraduate.html](https://www.mindef.gov.sg/oms/arc/our-scholarships-undergraduate.html)"
muuj5p2_0,"Fk you complaining about ""offs need to be earned""? You think others getting offs for free?"
hxu1l9d_0,I’m 158 and am a regular :-)
j9k0r97_2,"It takes specific timelines to equip and mobilize our civilian reservists, even with our very well rehearsed planning and excellent turnout rates. In an event of a military crisis, Nsf are/will always be deployed first for very practical reasons. They are the most well trained, are versed in the most current doctrines/strategies/sops/equipment, are (arguably) physically fitter and more disciplined than reservists etc... I thought all the boys in green knew this?"
jl54ym2_1,"Practice your breathing (take deep, slow breaths instead of quick puffs to reduce stitches). Train your core and legs as well, so that they are more powerful and you don't get cramps so easily."
h3g3ny6_0,Its basically just SA. Dont choose if you have the choice to go somewhere else
ld4pvmx_0,"16.5 years old sign on under poly scheme, after OCS, get LSA to NUS. Local ‘scholarship’, but not really count as scholar-scholar la."
hiqnbm4_0,"Hygiene la, less hair to trap dirt and sweat. More cooling also."
hdknkvd_0,"No, one of the legal ways. Remember to tell them the reasons."
gas27ui_0,"The question they will ask can vary from scenerios as a Police officer and describe what's your being as a player as team. you got to know the answers that sound reasonable to them because it will affect your chances of being accepted and if you can answer it and they agree with it then i say u gotten their slots of being a police officer, otherwise , no."
go6rnle_0,"Call up CPMB, or maybe sign on with the Volunteer Corps (Yes that's a thing)"
ltdw1fe_3,"Talked to the naval divers doing airborne course, they said the cdo vetos (like ranger/sfqc) is much harder than cdc. But this is expected cause cdc is done by nsfs while rangers/sfqc is mostly regulars."
ids8h18_0,"I mean if they really anal and wanna check, they have the rights to comb thru your phone. I suggest u use a diff phone all together for your weekend gigs."
lu84gp_0,Mono intake to air force?
jfmyut_0,"Working Overseas after leaving regular service. Would like to ask in general if there are restrictions to working in a foreign country after leaving regular service, maybe due to sensitive intel, do they make one sign non disclosure etc?"
1gz9r6a_17,"Cleanliness and hygiene: Can't emphasize this enough, during your time in BMT. ALWAYS keep your area clean, whether it be your bed, corridor, or toilet."
gi6arti_0,If it mob manning then you have to check now lah. Most unit is 4ntm. Or check with your batch mates see if they recieve the same thing.
hwcs90f_0,"Sadly, the way NS is works is that they send you to vocations you do not want. Sad, but as such Its NS"
e9gjvhg_3,but what of all the other incidents where its just mindef investigating itself. hopefully the 5 nsfs get a slap on the wrist that regulars usually get.
gloh5m9_0,"I am, because of a moderately serious peanut allergy (‘mild’ anaphylaxis level, if that makes sense - I’ve never had to use it but I generally keep an epipen around). I’m PES C, and while my vocation is definitely not combat or combat support people from my platoon with the same status and no other issues went into vocations like signals and service medic. I do also know of a couple people with allergies who were PES fit, but I really can’t comment on their situation."
hdyoox8_1,My experience is 20 years old. But some things don't change.
jjkj1br_0,"Thanks for the follow up! Well, I don't really know if I will be assigned to the same vocation or not."
1pop980_2,"I cannot speak for earlier batches or how the school was run in the past, but in its current form, the environment can often feel toxic. We are frequently reminded that the goal is to become good officers, not merely good cadets."
hqa51gs_0,Got one time I covid contact so 2 weeks cannot go out even for food
iuii5e5_0,I have a upcoming manning and it’s my first time . So will they message you which unit you have to go for manning or should I go to the unit where I served after my vocational training
hm1c6zm_1,"Adjustments Lower/Higher can be made for those who Stay-Out, Specialists, Officers, Good/Poor Performance, IPPT Pass/Fail, etc. How I propose this $84,000 to be distributed; 2 possible options:

  
Option 1) Current Recruit Base Pay: $630 a month X 24 Months = $15,120

  
The Remaining $84,000 - $15,120 = $68,880 can be apportioned and distributed at several Milestones:

  
\- POP  
\- Completion of Vocational Course  
\- Graduation from SCS/OCS if applicable  
\- 6 Month Soldier/ 12 Month Soldier/ 18 Month Soldier/ 24 Month Soldier

  
NSmen IPPT/RT Half-Day Allowance Remains Unchanged as it is low enough to discourage people from profiteering from it。 \--------------------

Option 2) Recruit Base Pay: $1,500 a month X 24 Months = $36,000  


Why $1,500 per month?"
1bly8l5_3,\+ I don't have a home in SG so is it possible to stay in camp? and sometimes go out just for fun because staying in all the time is mad tough.
16f0l0q_2,"furthermore, I’m pretty physically active so the physical aspect shouldn’t be a problem for me, I’m more worried about the emotional/mental aspect. so,im unsure if I’ll enjoy military life. i have considered like the pros and cons about signing on such as having a stable career and medical care in exchange for my freedom as a civilian but i still can’t make up my mind 😭😭 would really appreciate if any regulars could give their input !"
fkjz67c_0,orders? sorry dont understand ;o
n62uy3o_0,Reach out and ask how’s it going. Take genuine interest in some army stuff.
jobdj9y_5,"i do argue with my s/o once in a blue moon when i feel that i was taken for granted or when he felt that i am not spending enough time with him with my love language being physical touch and words of affirmation and his being physical touch and quality time. however, logically it is always solved with both of us compromising our needs and wants. all the best girlie, if you need someone to talk to js dm me!"
1lqqh88_9,i really dont understand why these fking regular commanders just want to fucking make NSFs life worse. cant u just calm the fuck down and not powertrip? istg these fkers sign on cause they cannot powertrip anywhere else.
nik3k51_0,Nandos peri peri sauce
ea1ghs0_1,"It then lies on the responsibility of the MO to determine if the case is genuine or not, and hence some become very sceptical of all MCs. In the end the ones being penalised are the ones who are genuinely sick or injured, because of those errant abusers. It's the same as car or medical insurance...those who suffer are the genuine cases, because of those abusers who cause the price to be jacked up"
frcbde0_0,"Infantry is definitely one of the more intense vocations out there as it's very physically demanding. One-BMT means that anyone who is supposed to go through the ""normal"" PES fit BMT will do it at BMTC Tekong, unlike the past whereby mono intakes will report to their unit camps for BMT ([more info here](https://www.mindef.gov.sg/web/portal/mindef/news-and-events/latest-releases/article-detail/2018/march/02mar18_fs8/!ut/p/z1/rVFNc4JADP0tHjjuJOAicKS2o-2I9AM_2Iuz4iK0sijsaP33DU4PvWinM91TNnl5eckDAUsQWh7LrTRlreWO_qkYrLz4fjhG7kxjN7ExnCfJxL2bPs68AcxBgMi02ZsC0qrUG5WzrNZGaWNhUVfKQq1OLZN6w9SRsq2FO2lUa1ijdkq2ihIO2r6FlWyywkJ0KLD9Vd76Hfc-KzeQ-lyqjPcD5no8YNx3kElFkevamMt1nrkDCYvfxAoq45UXIvWLCyR-4SObozOJo1eXGILAT_DZwZH3DbjBkZIG77oGDxbHUp1gpuumovu-_XHFMcLTRcKNLcmz8v1wECEZ0znxaWD5787QEKeJhtGW5EtTsFLnNSw7OA3r4LD8Cd9Xld8_s488euhzsT6fwl7vC7fC2pk!/dz/d5/L2dBISEvZ0FBIS9nQSEh/?urile=wcm%3Apath%3A%2Fmindef-content%2Fhome%2Fnews-and-events%2Flatest-releases%2F2018%2Fmarch%2F02mar18_fs8))."
kepgvlz_2,"I know people who indicated NO for the VA and still got thrown into NDU/CDO anyway, I was one of them by the way (got thrown into CDO). I don’t think exam grades really matter that much cos my grades weren’t that fantastic."
1d9gm92_4,"Kung Foo’ who randomly appears on cloudy days and passes down the chillest vibes ever, the ‘Morning Demon’ who becomes the most CBA’d person I have ever met when a certain threshold of sleep has been achieved, and RF who is here to pass on ‘infantry is fun’ propaganda (we are not falling for it)

BMT was still shag but thank you all for making it feel less shag. Some of my funnest and most rewarding experiences in life have come from BMT so far. - From a Sg/Australian PES B2 recruit about to POP that you guys don’t know who"
hiqo4tl_0,"thanks man, if my posting comes after my POP date does that mean i have to return to tekong alone while my bunkmates go to their new vocations?"
hogejnq_1,"Enjoy. Also, don’t waste your money for a psych memo if your MO ask you to get one. CPC will automatically post you out :)"
ntjne97_0,where to see your vocation?
l1tbsx1_0,“2 years very fast one”
18haa3i_1,"will ns so-called ""turn that light bulb on"" for guys? i've asked my bf this question previously but i think his answer doesn't rly count since we've been together since before his ns."
14l0xgh_0,How to withdraw 1k ord credit
frpmzhr_0,oh no no like last year
kwna4n4_1,This is from my batch in 2019. Not sure if it changes now.
kfxwph3_0,Already ORD 2 yrs ago but what I can tell you is workload really depends on which sqn and oso the pilot flying program intensity. But assume the flying interval will be very high and oso weekend duties( can't say what just find out when yr in unit).
p0xdh3_0,How much does education come into play for vocations?. I've heard that they consider your education level for SCS and OCS.
hdtw8tp_0,Usually all the vocation will be possible for u
gc1bgvy_0,"Trust me, whatever you think of it now. Go in tekong, vocation training and unit life and hit 1 year mark. You will NS in a different light in each stage"
mdg0bo2_0,why not be proactive here and let ur nxt chain of command know about this issue and voluntarily show them the evidence as well.
ge430v3_0,You’ll usually receive your beret after you finish your vocational training
kxoe18b_0,oh you’ll have a great ass time….the most welfare you can ever ask for!
k3etej8_0,bro what the fuck have i just read
jju5cxt_0,"Ok thanks so much, really appreciate your help :)"
f6mgv65_0,"Yup they will compensate you for eating into your weekends twice. They will either let you book out a day earlier or book in a day later, on two selected weeks after both CQB and FC are done and dusted. Either this, or they give you one 4-day weekend next time (although two 3-day weekends definitely sounds better haha)

Jiayou for your CQB and FC !!!"
n4cmnbb_0,I’m enlisting on 30 sept as a pes b2 any ideas of what vocation I will be
iq84ikr_2,"I have also tutored before NS to earn but that can’t be done sadly cuz of moonlighting rule or whatever . Anyways, don’t waste your life away ffs"
1dozu3y_0,Possible to go in PES BP with low BMI?
j8gmwri_0,If u want command school lol good luck better hope your batch got people with no bones. But otherwise no repercussions other than higher likelihood to get into shit like st and tpt opt (combat). Most likely infantry though.
ntl77oq_0,"OES elect tech, is this like damn fking rare or smth? legit no one else got this vocation among my platoon"
o9x82f_3,"Given the daily reports of an uptrend in daily cases locally and internationally from the Delta variant, I’m deeply concerned over our readiness to deal with a potential COVID cluster from ICT training, and am baffled by our lack of and complete disregard of measures and where our priorities lie when it comes to keeping our military operationally ready by simply cancelling ICT trainings until the COVID situation gets better. All of us lead lives outside of the military with jobs and a family; some with kids - are the risks even worth it to do ICT? tldr; Why is SAF excluded from COVID measures that is enforced on the general public"
j2431ge_0,"hello, can 2 parents + 1 toddler able to accompany?"
eik1iy_4,Salon one has a promotion where you pay $10 for membership and every haircut for a year costs $1. Honestly it's the most worth it option if you do the math.)
m33x888_0,hey can i pm u for more qns?
jteexwv_0,It should on your first bookout (the bookout date for your whole coy)
iaesypz_0,"If you’re female still got chance cause the requirements lower as not a lot of females wanna sign on. If guys a bit difficult, normally you have to be those in jc perfect score plus somewhat decent portfolio (at least 1 leadership position)."
ebhmqnx_1,"I still enjoyed it though everyone's experience is different. I don't think it's fair to call me fei cai, but I'd agree that it's *better* to have the 2 month cut than the easy BMT. Subjectively speaking, I felt the longer training helped me acclimatise to NS better, but again, everyone's experience is different."
jrieijx_1,Also can I bring along my friend tho? 😅
i0gi7pg_0,I knew a guy who was NS Lieutenant Colonel. He was also the boss of a company that was a supplier/ contractor to MINDEF. Don't know the full story but I think he was a regular in intelligence who didn't re-contract and set up a private company to exclusively do defence / mindef contracts.
hc5kiuv_0,don't worry so much. you can just search for past post ba :) I am sure many of the members share with bmt exp and stuff
mm3fcfl_0,"Really depends on MO reviewing IMO
During cmpb I said I had a minor ear surgery when I was 10 and had fully recovered... I believe I was put down 2 grades and excused from diving vocations due to that
I entered as a B1"
hqwukz_0,"*Bodies are discovered off Singapore waters by the Police Coast Guard; registered to a Swedish flagged ship. Tekong is put on high alert on reports of ""pirate activity""."
hlrb0u2_0,I don't think so. I doubt making everybody serve NS or making everybody contribute to nation building will increase patriotism.
12kadfs_2,"Additionally, I have high interest in signing on to the air force/army as an officer, I don't know for which vocation, but I have always loved the physicality of being in the army environment being a Rugby player myself. I am also married with my wife and we have a 4 month old daughter."
nw2gnbl_0,"To be honest, if you got strong resume, why would they care? After all it’s just NS"
gufz4ht_7,"Lastly, please tell yourself it's not worth being negative  in a situation that's completely beyond your control, alright? It's perfectly alright to feel moody and depressed but remember It's up to you to how you want to make the best out of your BMT experience, being negative would mean a difficult journey to go through and I get it, it's hard to be positive especially in this situation but being positive about it makes the journey ALOT SMOOTHER, trust me

You'll one day look back and tell yourself you did it feel proud and laugh at the shit you've been through 

Survive but also don't forget to have fun

All the very best for your BMT!"
hvjfxl0_0,"I didn’t say you loving army and wanna sign on is wrong. I am saying ppl will get mad at you because you got what most ppl wanted so don’t be surprise if you get lots of hate. I am also telling you pes f isn’t given lightly and if you got it TWICE, there is literally NOTHING you can do other than accept it."
defzm13_0,"If no credit and ORD liao, can still buy? I dont mind using money to buy from them though but not sure if I can buy them without credit."
h4g9cpn_0,"Lepak in school 5. No canteen for you tho, then probably posted to OES/storeman/ammo or whatever. Then will still be recruit for awhile until finish vocational training I think"
jqv9u5z_0,"The reason is, prior to enlistment, most of us would be working at their respective line of work. Then NS come knocking on your door, to your surprise, you are sent to another vocation completely out of your job scope."
keafh3y_3,"3. Most people sign on for the money or stability it provides, but you need neither and you'd have many career opportunities based on your current education trajectory. It's either sign on all the way as a career soldier if you are super passionate or just serve the 2 years and say byebye. Doing just 6 years when you don't necessarily need the money seems very pointless."
imn1akq_0,"Wah, airforce one is like $34 sia"
hie3422_0,"1. If you are posted to a active unit, confirm hit one

2."
k51votl_0,"Context: fellow officer who got injured during pro term. I bit through the bullet and commissioned, got down pesed after ORD and got a service injury card to pay off my injury for life."
im44ng1_0,Oh that colleague was you? Nah i think you were right to get pissed.
cxykia8_1,"They'll want to do their own assessments and take their own history too, to satisfy themselves that it is indeed time, and they may come to the same conclusion as your current vet and then you're back to square one. Consider asking for a different vet in your clinic, where the records are easily available for review, or trying to convince your vet with videos."
kwrh5k1_0,My checkup for pre-enlistment also registered irregular heartbeat as an ECG anomaly. I was given PES C9L2 then.
n07292o_0,How long was the hiring process for you? From the day u applied to the day you signed the offer.
inpigzv_0,"I'm in unit already, not someone who just got posting order lol. and er once in unit its quite obvious if its joint or not joint"
1b3116n_0,"How many Check up and test before officially enlisted . Hi all 

Any idea how many Check up and test before it officially enlisted for Regulars"
o4f6i4_0,Possibility (and possible ways) of joining MCO (MINDEF Communications Office) to write for PIONEER as above PES C
ilaspy0_0,"huh no ah, full-time NS obligation, so the 2 years"
g9aqonf_0,"Mindef are pros at covering backside. They included visit ns portal for more details, you ignore becomes your fault even though the format is exactly like a spam sms."
jsia85n_0,"You book out for that? Back in my days we just continue with our activities along with our incessant coughing company wide. Then somehow, everybody gets immune to that after 2 weeks."
cv1dspk_0,"Posting is determined by a couple of factors, roughly in this order (or determined completely arbitrarily save for PES, if what /u/deeazy said also happens in BMT): 

1. PES Status - Most vocations traditionally have PES requirements."
lmy3v47_0,It’s worth it. Stay safe though.
igljfl8_0,Most are under the rug.
1jfp9g4_2,"This is my first ICT ever. Was pes C9L3 in NS, official vocation was supply assistant."
dhdqkue_1,"The challenge of maintaing after bmt was tough, (SCS/unit is super lax about snacks) but being able to look into the mirror and feel good... it's just worth it la. I'm back in tekong anyway, waiting for your GP."
i0uzu2q_0,"Find a book to read, every vocation have their pros and cons. Those people charging in the jungle probably won't complain about being stuck in a chair, ASA in busy units won't complain about having nothing to do."
j1mnm5_2,"I have spoken to my instructors about it but I made a mistake in telling them I still wish to continue and want to ""limit test"", but I feel my motivation and mood going down by each passing hour, so what can I do from here? And in the event where I OOC, how will the revocationing work and how long would it take?"
cmm34d_0,"Just finished my pre-enlistee Medical checkup. I have to go to changi for a follow up checkup about my lungs,So i guess once i complete that then ill know what pes im in??"
gfckp6l_0,"During my time, I had one 3SG. Party/Clubber boy."
lgauwqq_0,yea it's true that if your bmi is > 27 but body fat % < 25% u wont be considered overweight
gt8xbd4_12,"You're expected to march from point to point and sing during the march. But, it's wayyyyy easier and more chill than BMT."
i6dcdt8_3,As per my knowledge the SAF batches has always been July or October for poly batch. A check on CMPB enlistment dates also shows 2 groups of PES A/B1 enlistment (JUNE and JULY).
ik8magp_0,"Command sch. Better to be a commander than a man in a chiongsua vocation cos as a man you will be aimed by superiors of all ranks for saikang. Additionally, as a commander in a chiongsua vocation, you will have privileges that troopers can't easily get such as nights out and bringing what you want for your outfields."
ilps0jw_0,How do you settle it there
109xthb_0,"those who enjoyed ns, what is your vocation and how did u do it?"
lfg2rwv_0,"By any chance, is your wife 25 years old, 4KG and spits out 450 rounds of 5.56mm rounds per minute?"
co3gsob_2,"1. To increase productivity, the Singapore government has launched a campaign known as the _____ campaign, starring _______."
lid06qo_0,I meant to say what was ur vocation then before u r posted to unit you'll have to be on course for ur job scope aka vocation. Since u OOC from BMT u won't POP unless you go BMT for a second time(for ur case it's most prob sch V)
lm5074s_0,"It depends on where you are… 

If you are the smartest guy out there, the corporate world will pay u more… sure. But if u are average, DIS will be a solid start and give u real experience."
l77yf6s_0,"Managing supply chain is def transferable, but in hindsight when you look at the way army indentment methods  work, more or less there is going to be difference betweeen lingos, systems and regimental part of your work too."
dq6f68p_0,I'm really guessing here: it depends on why you were not selected for command school in NS. Maybe if you failed Ippt but had good academic grades and good BMT performance in general then you still can be considered for occifer after university. A bunk mate (CPL) of mine signed on as engineering officer after uni.
g3yxf2q_6,"So got cheat code, we cycle people in and out of the PC / PS slot so they can naturally promote, until they reach the max estab rank, then yeet them back to their irl vocation slot and yaw another bugger in. IRL nothing changes, but behind-the-scenes your S1 branch ASA do overnights until he forget how his mother look like."
n89pdu6_0,"There was a British Army Local Enlistment Program (BALEP). Not much can be found online since there’s not much survivors from the program in the first place, and it’s not exactly something that the British were proud off, trying to recruit more soldiers last minute when WW2 is already at their doorstep."
fpcf0cc_0,"I appreciate our SPF for being very down-to-earth and approachable (not like the trigger happy redneck cops in America), but why were they just mulling around in this case and also the previous wet market case with seemingly the same lady? Its pretty clear cut that she has no mask, so immediately ask for IC and issue fine. If refuse to provide IC, then arrest. If have previous record in system after entering IC, then arrest. Wearing masks and all the other safe distancing measures is the law now (not suggestions), so why are the cops being so lenient?"
e2e0qnh_0,"Didn’t realize how messed up this is as a punishment until much much later when I was telling my American friends the story. Cue horrified looks
 “they made an 8 year old stand in front of the school using public humiliation as a punishment, for having forgotten to bring a book in the right language?”"
emel5a_0,Passed IPPT!. Nobody cares but like thank you for all the advice on this sub it helped me pass my IPPT first try! Only 61 points which is just passed but I’m happy because I get two months off :D
l1grx6h_0,"I can tell you it’s pretty much not happening haha, even regulars have to wait in a queue to join. In the past it used to be possible but not anymore."
n8hea9c_3,"SAF is now able to access the national medical records, but not all hospital upload the visit in time, some takes months to do so. Having served 6+ years in the Medical Corps, I have never seen any MO who will make the effort to call."
ibyaeuo_4,"Only know year 1 local fatep and year 2 overseas fatep. Most ppl gets to go for the overseas and Arty overseas is fun :) each detachment pack ops boxes and we filled the bottom with canned drinks, snacks and canned food."
koe6h67_0,OP colleague or maybe one of the regulars must have kicked up a storm seeing OP leaving while others are still busy at work. That's why. Never a good thing to be nice.
k4oz9ca_5,"Just the regular PTs in the army. And also, just do push-ups. Lots of push-ups, mindlessly. So long you do correctly, eventually you will realise it gets less tiring and you somehow can just go faster and faster and churn out much reps within that same one minute."
m9t0jc8_0,Maybe can left half a dick.
fv7fb29_0,"&gt; just for something ‘minor’ (and not committed out of his own agency and volition, I might add) like conscription. Ever heard of the phrase ""justice is blind""?"
mjbwdbv_0,I get you. My aunt was also MP and I kinda liked the whole look of it.
m5u8xvz_0,"when I was an NSF i also took such calls when I was an admin. if you have official questions, your best bet is to always email the official NS contact email, so that they can cc or ask the related personnel and then get back to you with a concrete answer. calling most of the time is useless"
gfc9n54_0,"Thanks for clarifying. I don’t expect to get pes f, I am requesting for clerical vocation at least so I have more time to focus on my recovery."
18k4j8u_0,What should I tell them to do?. Let’s say you know someone who’s lying about having a mental illness in the navy to get out.
gc5716b_0,I know someone who's CCA juniors wrote her a letter (regular who just enlisted). Literally anyone can write omg... Next best thing is to send like sms or post outfield letter haha. It's the thought that counts anyways.
i6e5w84_1,"Depending on the various forces' demands, you may be enlisted at the earliest opportunity in August, or as late as next year, but that's pretty unlikely. You'll get your enlistment notice 2-3 months before the actual day, so if you don't get it in June, you won't be enlisting in August. I would recommend going for your IPPT now, in case you fail or something you still have time to cover up and pass."
k6o1qmr_0,Once armour always armour - Sungei gedong camp 😂
1159rb2_2,My CM told me that we need to choose 3 vocations next week and to choose wisely as most of the PNSF trainees that he sees gets into one of their preferred vocation choices. So far my interest are stated in the title but i dont really know much about training and unit life there.
nhoumxj_1,Maybe physically speaking it's less strenuous but the people/environment/duties plays a part also. As a NSF when shit happens you can play dumb but as a regular you can only suck it up. You have no idea how toxic is uniformed office politics.
ji3197j_0,Anyone got their letter yet for the july 11-12 intake?
ga09in4_6,"You’ll be carrying your rifle everywhere you go. I don’t think it ever leaves your side. You don’t fire live rounds like some kinda lunatic, it’s all blanks."
frav5lb_0,"Emart! My vocation has a lot of bashing and walking in my combat boots, so every ICT it pretty much either crocodile or has some sort of defect shows."
goa12r6_0,"Oh you’re at an NPC, nice"
kf3y20s_0,youtube earn $1000000 per month
mkj5giu_0,"How does one even ooc from sch v asa vocation I genuinely curious but to answer your qn, bmt not impt to pop, Ive met some nsfs stuck with REC rank until ord

Im not 100% sure for sch v oocs but those from combat unit downpes to asa usually have to undergo some online asa course within 1 week, not sure about your situation but should prob be the same"
1naqt2q_1,"I am deciding this against the 3 year cyber nsf. Money: For the sponsorship, 50k (1300 monthly allowance for 3 years + 1200 study bonus per sem passed) + 50k (3k regular pay vs 700 nsf allowance for 2 years)."
kseglya_0,"Not TO, some other vocation that’s been there twice and skipped a third time. Familiar with the training regulations there and accident stories, that’s all."
d6vzzyr_0,"I've spent a semester abroad in Norway, and can say their national service is vastly different from ours. The biggest difference is there's no compulsory service."
m99dxbj_1,"You don’t need to jog 10km a day with a 20km long run every weekend to achieve your goals, but you also don’t need to squeeze in 2 sets of intervals every week to eke out every second you can. Just train regularly like OP, with a focus on longer and moderate runs further out from the IPPT, to shorter but more intense sessions closer to the IPPT!"
d9kykvv_0,"Yep. Book out with rifle and SBO1, there's a bus from the SAF ferry terminal all the way to the front porch of MMRC. Literally the whole shoot is done in half a day, sometimes more, sometimes less."
ho9srhc_4,"Forget about the stigma, do what you have to do. There will be people who understand and people who misunderstand."
qsd4l2_3,"reactions can be swollen lips and eyes and itchy throat to more severe ones like headaches or vomiting. super scared that i’ll get PES B (as i’ve read some others with eczema received) because my condition was rly rly bad (like 90% of body affected) after just 5 days of OBS in sec sch, don’t think i can survive tekong."
e2pq53a_0,"Op won't because Op not from Singapore. But Op background help him to see what Singaporean don't see. That your mindef is suppose to change things, and that since your fellow comrade death, nothing have improve for you."
1c5bfcs_0,"Enlisting on 15 Aug, what vocations can I be in?"
huev5va_0,"Most of the tips that your commanders gave you are what we usually do to season the beret. I feel that wetting it is a bit extreme so I personally prefer placing it below the bed. It works for me personally, but of course after some time."
grdabn_0,Wah whose idea was it to ask poor cadets record themselves performing specialist roar...
hk6erev_1,"Every diagnosis is strictly medical-in-confidence, so that means it is private and confidential. Nobody can access your medical records if you choose not to disclose it, and this is especially the case for psychiatric and HIV records. Medical professionals who disclose your medical records without your consent are basically sending their career to the grave because they will get suspended or even struck off the register roll, and no one in the right mind will do that."
k9gr1ns_0,Yea that's essentially what a css sgt does
d0zgnlu_0,"Difficulty adapting should be reflected by PES status, if the difficulty stems from some illness, mental or physical. About NS, I think that unless we come up with a good defence plan where the armed forces is made up my of regulars, NS has to stay."
mqu6pz6_0,Hi I have been shortlisted for sniper course. I’m currently a SCT Cadet and I have to pick my vocation. Which vocation applies best to sniper course?
7et7ts_0,Scared to death of being posted to NDU
ja4eeb7_0,Have difficulty sleeping maybe due to stress. You ord liao hor.
e11jkzy_5,&gt;Maybe the state is willing to pay but still people prefer the private sector life. Maybe the state cannot afford to pay everybody well enough.
nnjsx3f_0,"Alright, thanks a lot :3"
kwp7wib_0,U find urself this one lmao
d938qd5_1,I didn't want to do any more than i had to. Book out in real life meant booking out both in mind and spirit - I don't want to be responsible for anything or anyone.
nh5d15w_1,"Recruits crave contact with outside world. * The first book out after the initial extended stay-in period, new recruits will crave food."
jerdbf5_0,Transfer of vocation. Happens all the time in Regulars when they are moved to different units to gain experience.
i1jd9ai_0,Depends on what you sign on. If you sign on as an ME or EOS you are basically guaranteed a spot in OCS. But if you sign on for the EWOS it is unlikely.
n1u3m88_0,"Oh wow that's pretty fast, I thought military jobs normally take longer so that's good news. Anyway I wanted to ask here first because normally soon after you apply you will get called for interviews/tests, so I wanted to be a bit more prepared before applying. Thanks for replying tho!"
i7t6kk6_0,I think i roughly understand what u saying about
m1669uv_0,"[https://www.cmpb.gov.sg/before-ns/pre-enlistment-process/medical-screening-and-psychometric-test/physical-employment-standards-pes](https://www.cmpb.gov.sg/before-ns/pre-enlistment-process/medical-screening-and-psychometric-test/physical-employment-standards-pes)

combat sppt vocation  
combat services sppt vocation"
k4pg4na_0,"Doesn't say anything apart from the location, date, and FRO number. That's why I originally called them up to ask about what the tests will involve."
dry3pgo_4,We were told to wait at the dojo while we surrender our NRIC and collect our 11B. Here you would meet your Course managers aka CMs (regular police officer who are responsible for teaching the squad law lessons and other admin stuff) and some of the Field Instructors who are like your Platoon sergeants. 6.
lty2s5c_0,"just take note, everybody wants STC but not so easy to get. need CO approval because they're essentially paying you a regular's salary to continue doing what you're doing as an NSF."
hm4a2gm_11,the worst thing about these group wide tekans is when it starts to affect the morale of the innocent guai people. its no fun getting fucked over cos of something u cant control.
l7dozhj_0,"KC3 is a new'ish camp, compared to most other army camps. Did my vocational training there in 2014, which also included guard duty."
kzmwpxe_0,js appeal la u nvr know if u dont try
lsousuc_0,bro wants to be airborne ST 💀
mj9j92_0,Does 11B cover the consultation/cost at NSC without referral letter?. went to Polyclinic today and asked for referral letter to NSC for my skin condition; acne.
j3ro1kx_0,Dont do it. U will alrdy have a hard time carrying stuff around
ja1uj58_3,"The rest of the stuff you mentioned(lower school fees etc.) are privileges of citizenship. Citizenship is a pretty difficult concept to describe, but basically it's the idea of belonging to a state. Normally, statehood would imply a sense of national identity, and so, by belonging to a state you are generally expected to have a sense of loyalty to the state and a sense of commonality with its people, and this is the reason why additional privileges are granted."
js1g1ag_0,"PTE is the rank you hold during vocational training, after that shortly LCP already... unless ooc."
koq6rr9_0,"If you want to sign on.. paper qualification is VERY important, I cannot stress it enough. If I was you and die2 want to sign on, I will continue to poly then sign, or join but study further when serving."
h85pe4r_0,I think he means stay out vocation not an actual job
hkifu6_2,"&gt; 
&gt; Singapore's constitution, like all constitutions, is a special law. It is the supreme law of the land. This can be contrasted with what we may call ""ordinary laws""."
j2i6qwl_0,"How about 1 year of serving, both male and female. Female get to actually indicate vocation and be placed there. Male still gets lucky draw to whichever shit show you are going to."
nu4xjnv_0,"nope, but u can sound out to pcc and say cannot tahan until force them to change, that is if ur a p tagged"
hm8aatz_0,"BMT ends on 10th Dec.

You'll go thru vocation training the following week and end on 7 January. By right you should have 1 week for POP. But I am not sure about this."
i5fh9qu_2,"not kidding). To give you a better understanding of NS, just remember in NS there was never a choice (respect by the rank)."
hrjfd1_0,"Failed ippt vocations. Pes b1 but failed ippt, what vocations are available? Do those that pass ippt get posted to more tiring vocations?"
hv0jmzm_3,PS/Sect Comm can only recommend. Normal amounts are 1 or 3 extras.
igqtq7o_0,"You sign on still don't know what your bonuses are smh, then sign on for what?"
gulrpjy_2,"And dont worry about the lack of sweet drinks. Recruits are provided cold fruit juice every lunch &amp; dinner. For breakfast, you'll probably have something hot like milo."
k0f3yj9_0,Yea we didnt had any tour or R&R but I sympathize with OP cause no way those cost $600 but it is what it is.
lx2ebdi_0,"Bro you in my batch, id say give it another shot if you want, its honestly a pity if you went this far only to OOC rn"
ixlk637_0,It's probably still at kc3.
i2z5w13_0,1 tip:if u don see bmtc flag when u reach tekong ferry terminal. Congrats u in mono intake vocation
mxjxd6h_0,basically posted to camp guardroom and do guard duty.
hyewfc4_1,"And btw, no one will bully you because of rank. In unit, when you’re interacting with  regulars who are captains, colonels, lieutenants, etc.- whether you are 3SG or LCP or PTE you and ur fellow NSFs are all WAY lower ranked than the regulars so no NSFs really differentiates or bullies you because of it"
gagimxs_0,"essentially all 4 said no in different ways, with one even saying that using NS as an argument is unproductive and we should instead focus on female empowerment during the gender equality debate (ala ""Dr S""). And taking one step further - talking about NS is about silencing women, men use NS as a club to show that they contribute more, even though literally nobody is prevent women from rushing to sign up for NS if they wanna contribute more also. Sounds exactly like how these threads go."
nepiu8f_0,i meant after the 84 days end brooo
jqqv3mr_0,"Singtel is the goat of Tekong. I used Starhub when I was there, it wasn’t bad either. But your go to should be Singtel for School 4."
lkbhlzg_0,"Hi! I am 22f, PR with a degree and I would like to join the SCDF."
io7vs2w_0,If cheat don't get caught
ipq7bhf_0,"Hi OP, I can totally able to relate to your path as I have went down the arduous long route as well (Nitec &gt;  Higher Nitec &gt; Poly &gt; NS &gt; Soon to be Uni) (Pretty much 10 years...)  
When I enrolled into ITE, I was compelled to work hard in order to get into Polytechnic and when I did, my motivation and energy was pretty much drained. It felt as though Polytechnic was my final destination in my education path. I was dreaded and burnout throughout my Polytechnic and only woke up upon seeing my 1st Year GPA."
nwk28gj_2,"Wall plugs is limited, sgts may or may not be anal about you using it. I personally use 1x 20k powerbank and charged it at wallplug whenever it was available. Good luck recruit!"
z7ty5n_8,"Just remember there is always a people that will help you, councillors, paracouncilers, psychologist, safety hotline for you to use. Mental health is probably something that they have 0 care about."
m06kpy8_0,Get evidence your OC said it can charge you for not telling it you will inform it you will report PC to hotline. I am sure many ppl will want to know such a ‘right’ to charge soldiers exists in SAF.
k5ph6sw_0,"As an NSF, whatever happens in service, stays in service, and it's not sufficient to really bring out to the civilian world. Weather man, sergant or officer, it doesn't matter (based on how I see it and relate to real life examples)

HOWEVER, the time it REALLY MATTERS is when you sign on,  you promote till MAJ-General onwards thats when your service is really  taken into account."
dnk6ofv_3,"For a regular spec, it is pretty frickin' hard to survive if you are not a blue-eyed boy. There is a huge gap between the Warrant Officer and Master Sergeant ranks."
kc2j5yl_0,"1. how are u a private if u havent completed bmt
2. havent complete bmt how to get vocation
3. in the store =/= storeman voc"
i978sep_1,Yup ORD in first week of Nov so about 5months :). Dw you'll get there
myfhtiw_0,"Most fire calls are fun as hell tho as long as nobody gets hurt. While it is physically painful, wouldn’t have traded it for any other vocation."
mcjs2q3_0,"Nope. I told the doctor i might want to sign on in the future. Bmt is 2 months, i was mono enhanced."
g4jha4y_0,"""I was originally scheduled for enlistment on 1st October for BMT"" - when was this told to you? I'm guessing the whole cohort need to be split up to be processed over 3 days due to safe distancing. So you still fall into that Oct 1 cohort, just that maybe the ferry need to leave space between seats, so you guys have to be scheduled over 3 days instead of 1."
fz5zdrr_0,"You are still a recruit during vocational training, which means no mess, no canteen, no gyms, no etc. Though it depends on your unit whether they enforce them."
nqncnoi_0,"Reservist curriculum should probably be revised though, for both genders. Also, low(er) fertility is not only based on the woman’s age like we used to believe, the man plays a large part on viability."
eu72kxm_0,"The issue with that Thai guy PR, spent his entire life in Thailand but because cannot give up PR before 21 ended up being 'criminal' simply because he was in Thailand and didn't enlist. Real fucked up tbh"
dzlyzc7_0,Choose at least 14 out of 33. CMPB website is currently down for maintenance. [https://www.straitstimes.com/singapore/ns\-pre\-enlistees\-can\-pick\-from\-33\-vocations](https://www.straitstimes.com/singapore/ns-pre-enlistees-can-pick-from-33-vocations)
1i0bzyc_1,"My instructor told me that if I submit the memo and was excused heavy load permanently, I would be OOC. Can I check if it would be better to submit the memo now and be ooc, or to submit once my vocational training is over?"
17njft3_1,"Presently, the Medical Officer (MO) has stated that they will reassess my PES following an MRI and a specialist consultation. I've discussed my situation with my Sergeant, who believes that I'll be Out Of Course (OOC) because I can't perform any of my required activities (HKs)."
nvjp5ki_0,I know which posts this is referring to lol
mq4ltpr_0,"Just like everything else you do in life, the more you do the better you get. Get a training plan and work with small goals so it doesn't dread you"
dyk1mp5_6,It's a classical case of balance of power in action](http://politics.oxfordre.com/view/10.1093/acrefore/9780190228637.001.0001/acrefore-9780190228637-e-119). &gt;What is the size of the volunteer force you are proposing?
g1fp8sk_0,What about army market in beach road? And do they at least sell in camp emarts?
k5dq6bt_0,Pes A doesn’t mean go to cdo vocation
i6reu4v_0,"Just have a feeling. Although open to all NSF/NSmen and regulars I think SFQC will only be be reserved for regulars..  SFQC is 8 months long, and if NSF were to get selected and attend the SFQC he likely need to extend his ORD as SFST and SFQC is not back to back. I think there is a few months gap in between?"
hhz1yqp_0,"Bottom: NS

Top: ORD LOH

Author trying to say 2 years very fast one. Source: limpeh doing ICT"
il9ob33_0,"thank you for the help :) but lets say i report to mo and i do get referred to imh, its immediately in my record?"
1mp127r_1,"Just wanted to know, how long and what was the process like? I just applied and wanna prep myself etc."
nty1sjp_0,"Everyone here giving advice on OOC, but to OP I hope life treats you the way you deserve to be treated. I hope you're good at running cos your problems will be chasing you"
mkgp1mr_2,it comes down to how to split your time. if u serve NS dont cause unneccessary issues then comds dgaf one.
g6j09vf_0,"Pretty much wont see MO on enlistment day. If you dont report sick, you wont even see them except for MO talk in the first week or so."
h67nwys_0,"But did you know, outside your privileged bubble, there are people who were working before NS, supporting their family and need the money to pay bills? I've seen quite a few of these cos of my vocation in NS."
h72n113_0,"prob no down pes, but temp status should be given. If condition worsens/stagnates, maybe can get permanent status."
nmbjr6z_0,Nope I have many loved ones and a large family. What I observed of gen Z. They generally give up easily and are not hirable.
mef9do2_0,i rather you go uni then sign on. sign on as officer. better career progression and salary with a degree
jn3k3nz_0,"Nah I don’t hate them for being women. But it does irk me more when a condescending woman speaks about NS with comments like “it used to be harder” or “it’s actually beneficial what”. Like if a condescending (Singaporean) man said that, I’d be less irked."
k0tvm9b_0,scdf community engagement! ORD’d back in November last year it’s a pretty chill vocation tbh I enjoyed my time there
gu94opr_0,I thought our batch all jc HAHA
h806od5_0,"I got injured during BMT and now I have a hairline fracture, do you guys think I’ll still be able to get into a combat vocation?"
n5ynh81_2,"Tough while going through it, but looking back, it becomes something to be proud of. Thanks for paving the way for the rest of us!!"
m0667gt_0,"Your parents emailing MINDEF will very likely go up to COA but like the other guy said, go thru normal channels first."
ifcm5rf_0,It should say something like pending further review then send you an appointment letter which idk how long it'll take
kvdyvyk_0,So what is the vocation?
mt6jn6e_2,But then you would've already graduated from uni and gone into the workforce. You will start to experience the difference of having a regular income while he's still stuck in school. You will be the one seeking to dump him for so called better candidates.
i14q9uj_0,"Din realised that I can do a lot a lot pushups, change from PT kit to no 4 under 2mins (partly trained up in ncc lol)"
4uybo2_0,Representing your country in the Olympics should be considered National Service
i9vjoyq_0,A Saikang Apprentice.
h5zmo1j_0,"Well, your vocation doesn’t indicate very high security clearance, but just because it doesn’t indicate so, doesn’t mean it can’t be. Anyway, as others have mentioned, you can’t find out anyway, so no point."
m943azd_0,Imagine i felt like this in NPCC imagine once i go ns how ah?
pswdi5_0,What is life like as a guards combat medic?
mwyt3yz_2,7. Got into the **marine industry** right after NS. Stayed for 2 years as offshore engineer.
jwz86ae_0,only regular diploma OCTs get 3k
ht4wfiq_1,"It's not like their FBO is lighter or something. And of course, the obvious point where women aren't even conscripted."
1b0ewcg_0,"PM Lee promised me an ROA of BG if I sign on, should I do it?. Was told by PM Lee(telepathically) that I’ll be ROA to BG(NS) in 8 years like himself if I sign on.."
1jb2ba0_0,"What happens if i get perm excuse stay in as a transport operator?. MO offered to give me perm excuse stay in due to psychological issues, what would happen to my day to day routine if i decided to take it? im currently in bedok camp and we regularly support outfields"
gqvjtoe_1,"Stay in or stay out depends on your unit, mine was a stay in unit (unless your unit lacks the bunk to accomodate then might be stay out). Not so sure about the possible vocations, probably ASA or storeman I guess?"
g5g9do9_0,Then do i have to declare mental illness in interview/employment form? How easy for the employee in both public and private sector to find out that I was admitted into IMH?
nnr44xb_0,"Dear creespygt,

Your [post](/r/NationalServiceSG/comments/1ornkpv/spf_training_vocation_advice/) on r/NationalServiceSG was removed by the Read The Rules app because you need to submit an acknowledgement that you have read the rules. **Please:**

* **Take a moment** to refresh yourself with the community rules in case they have changed."
gchb239_0,"This joke is so unfunny. Everytime a similar thread is posted, there's always that one guy who thinks he's clever and says something related to ORD or pink IC. You are adding absolutely nothing to this conversation."
10u9933_0,"Qn about Mental Health, Downpes and Remaining Contractual Period"
mzp9vac_0,"Why should I? I'm earning 6k/mth as a cleaner. You ought to sign on, you half past six dimwit."
g22stda_1,You are born here so bobian. You got such a good vocation still want complain while poor chibais are out in the field eating cat food and route marching to God knows where.
gtjpst_31,"* Pes E and C have vocational training DURING BMT while others have vocational training AFTER BMT(depends I think)
* Pes E and C have chance to go audition for MDC/Marching band during BMT, Pes A and B don't have chance of being selected to audition DURING BMT. Yes, I said SAF Marchinf Band. I am not sure what requurements you need for SAF Marching band. (*"
15ql3j5_1,"Packing list says to bring 1 extra pair of Civilian clothing. Some of my friends told me bring 2, while some said bring no point, cause I never get to use also. How many pairs should I actually bring? Or just follow packing list bring 1 pair can already? Or no need at all?"
hl8tccp_0,"Army/BMT tekong or mono intake is super hard to get a post out to police or scdf

Usually is more of people hope go within army slack vocations, airforce maybe relaxed culture or something though"
lh2xwgo_0,Bro this one bo bian one. Even if they get PR/Citizenship so what?
k95td8q_0,"Ready to strike, i still got my guards singlet for not being a guards cos i work 8-5 as a technician back then in guards as a support. Was a infantry back then left to sign on as a technician."
1816mg2_2,I was wondering there are usually female recruits who are older than usual (decided to sign on late)? How long are BMT and OCS and what would the pay be?
nb6t9y_2,will i undergo vocational trng or jus some temporary admin assignment until my 84day ld ends? im excused rmj heavy load for 84d.
is86ppx_0,"book out on friday lol. Usually stay in weekend is punishment. Make no sense to punish you for MC

Downside is book in and book out same day, waste time only lol"
mjofzwk_3,For them to expect us to do NS is a joke. Just manage your expectation and survive in one piece.
hpec07r_12,Let your family know what's up to help them destress too. It'll help.
mtfw8qs_0,"Hi, I did try to sign on during my bmt and also during medic vocational training but many regulars discouraged me as I only had a higher NITEC certificate. also my gpa is not bad just average at 2.7."
dsbg9fm_0,How much detergent is enough for two weeks in Tekong?
fin2l9u_0,means don’t need go back reservist until they call you. Source: haven’t gone for reservist in the 4 years since I ord. Called them to check and they said I’m in the holding list
hvxrvkk_1,"As much of our Army is formed by conscription, our regulars (your professional soldiers) do go through the same training as everyone, and most of the time they are at the hands of the conscripted ones (NSFs). If the regular fail to maintain proper relations with their subordinates, they will be in tough times getting work done when the NSFs start taking medical leave."
kycz6ix_0,"Your first 2 weeks u will be confined in camp subsequently u will book out every Friday,I recommend u to get the Casio f91wa as u need a watch that is rugged enough to handle ur trainings and yes they mean to bring a powerbank"
1kpcs6s_0,Got posted to CCK as ST (CBT). I’m from 9sir and got posted to CCK. Wanna find out pros and cons of the camp and what are some things I can expect/mentally prepare for.
ht5l8uc_0,What if u live less than 3km away from camp. Have to stay in even though last parade usually at 6-7PM 🥲🤣
iom0f9i_1,"If he's a normal guards, then he's the same as the rest of us in the army. Not to mention every single vocation, unit and department is important and correlated."
nnohsnl_0,I always wear the yellow LD band but they still scold. I brought it up to an encik once that I was on LD but he still seemed iritated at me. I'm not sure if I should tell every tekong encik that stops me if I'm on LD each time
jiobds8_0,"Congratulations bro. Just make sure you've made plans after ORD. Also, standby a contingency plan as well💯"
i8kw8wp_0,"&gt;'I don’t believe a degree in design is worth it bc we set our own briefs '

I am not sure where you get that info from, all Design degrees I know of (inc Lasalle) provide real world opportunities, directed by live briefs in collaboration with industry partners. Sure at the end of your 3 years you get the chance to develop a 'Final Major Project' guided by your own conexts, by this time most students have successfully located their practice alongside a specialist design discipline that they feel passionate about and use their FMP to represent this in a public exhibition and private view to the very best of your local design industry professional partners (and worldwide via the degree show website / publication / etc)."
dq14fgu_1,"If he downpes then he mostly will become Private in a less taxing vocation, and if it’s a temp downpes after a certain period of time maybe 6 months to a year, he will go for a medical review to see if he can up Pes or stay in his current vocation. If he up pes then chances are he will recourse BMT. For those who constantly OOC and never complete BMT they can ORD as a recruit, idk what happens to them for reservist but from what they say it’s a nightmare."
e90x8hj_0,"&gt;For NSFs and NSmen, MINDEF treats them like regulars and gives a minimum of one year's basic pay for a regular of the same rank. If they're gonna treat them like regulars for compensation, they might as well treat them like regulars for rank as well."
l184i14_0,Then why not just sign on with mindef instead? Pay is at least 30% higher
hxoboru_5,"Then these NSF sergeants everyday kenna fuck by those enciks, not happy go fuck the NSF trainee. The overall atmosphere just like shit 

I eventually got out of that hell hole and bounced around a couple of offices with one that literally only had 1nsf (me being the second)."
m0o3lhm_0,"Personally find that the convenience of putting on and taking off isn't worth the tradeoff of the heavier weight and extra stiffness from the toecap. Plus, some units may not allow their use for things like first/last parade."
iypmn9j_1,"Just like games, some are worst that others. Not sure if regular can choose though."
kz32lck_0,"Take MC with him -> ❌️

Go db to escape work -> ✔️"
ifpvpcx_0,"1.9, scdf nsf rota commanders"
ldgvk6t_3,"That IIRC is up to you to voice out to your CM on how you would like to contribute to the organisation to your strengths. Also, your interest matters for clarity on your progression, but manpower needs take precedence."
j61sm8c_0,"Don't just look at the spending incurred for the additional allowance, also consider the different positive impacts a $200 or more increase in pay can have for the average NSF. At some level that money that is spent is a direct investment in our youth, the most productive and active part of our society, and will most likely get spent back into the economy. Also, with the amount of work some of our NSF's are doing, they really should get a regular pay giving that they are literally doing a regular's job."
dak4r4q_1,"If you're healthy (PES A and B) I'd recommend you push for Command School, especially OCS. They loveeeeee white people like you."
m2u6pvp_0,"Yes possible, troopers can be sent to SCS usually top performing and express interest. Can always sign on"
f3m3ytv_0,"Once I was booking out on a Sunday morning, they had some event in Tekong where civilians came to visit tekong, fish at the jetty, trek around, some even brought their bicycle and kids. Not sure what event this was or they were families of regulars. Maybe you could look this up"
e8nf7te_1,Dun worry sibei slack one. My first week of confinement OC allow us to order MAC and KFC twice.
lpqwr5f_1,Please use the correct term enlist instead of employ. Thank you very much. /S
l2t5a5t_0,"I didn't know you can ""feel"" your kidney. Pls describe. ( I have Medical background)"
gv5je03_2,"&gt;If you had to wear your loose boots, got a tip for you (not recommended), wear your admin socks together with your green/black socks. I got through BMT, my medic training, and about a year of vocation work with loose boots without this tip... smh."
dnc7slm_0,"What my vocation does is the repair of craters, potholes and any kind of hole inflicted by bombs,  missiles etc. Our training period is estimated to be 44 weeks, I am still in the midst of it so can't really confirm this."
i9cqdh4_0,"pros:

i keep fit now, regularly go on runs when before i would just sit at pc whole day. i still do that, but with a run in the middle."
iijhjif_2,"I myself, have played with so much loopholes my superiors came to me to help em to deal with my fellow soldiers lmao. And yes, the same set of directives can have many interpretations, that's why lawyers exist."
ec3yfec_0,"Then OCS and SCS need to be shortened too. I wonder which unit has the longest training for men, infantry only 6 weeks"
h15w51k_0,Can't say much but furbreeze will be your best friend
fc83jyg_0,"It's advisable that u cut you're hair before enlisting. As u said, even though its only 2 dollors for a haircut, the barbers press against you're head that it kinda hurts sometimes"
nmbdqaq_1,* **Submit your acknowledgement** by clicking the 'Read The Rules' option in the main menu of the subreddit or the menu of any comment/post in the sub. Once you’re done you can try submitting your post again.
hbtppdl_2,"Nobody from my coy went, even Platoon Best, Coy Best, all went to standard vocations. The OC even told us no command school."
lxuy5ws_0,"I wanted to join AGC after graduating from law school and they asked for my NS rank and vocation, apparently they take it into consideration for your application ![ gif](emote|free_emotes_pack|joy)"
hsgt2up_2,"You will not be given 3 days MC anymore, but you will be issued around 2 days MC if swabbed using ART test kit at a private clinic. ART test results come out within 20mins, so in camp, I would assume you will be given 2 days LD instead since you are no longer required to self-isolate until PCR result is out."
mh694hc_0,Broooo how u train for IPPT
iyksuqf_0,ya bruh makes it even more boring to read it of posting order
dr13gku_0,What vocation? Didn’t know that the pay increase is that much from recruit to private.
l45er6g_0,https://www.reddit.com/r/singapore/s/Bo6K2Za899
g6xn2mn_0,"If a limited company or a business firm declares itself a seller or habitually sells a given product or merchandise either as a manufacturer or trader, then anything within the class of that product or merchandise sold by that company or firm is sold in the course of business. This may be contrasted with a seller, whose normal vocation being not the selling of the product or thing, sells it as he has no need for it. For example a teacher selling his car or a lawyer selling his computer because he intends to acquire a new one would not be selling the car or the computer in the course of business."
kxtlvqc_0,there was one mother fucker cat which impregnated his sister too💀
10yp6lr_1,"Fellas here really want to earn that kaki beret so pls do share more if you have any info? For example, expectations inside, is there a need to go through GCC and etc."
1cm1dnh_1,"I was asked by my camp counsellor if I wanted to have regular sessions at SCC, so I have an appointment now next Monday, and was wondering where it even is. Is it in CMPB? on the map it looks like its own building but there's other things there so I'm really not sure lol"
l9fi2vw_0,Can bring USB-C Wall Charger into Kranji for BMT yet? I know some recent answers say yes but only for Tekong BMT so unsure. Assuming yes so long as no one sees but waiting for comfirmation
1jvrz38_1,When i get posted to 1SIR what are the vocations and are they stay out? I just want to be able to bookout everyday.
l9vyph2_0,"youll go to kestrel company for bmt, snacks are allowed as long as they are in an airtight container."
j8vqaqw_1,"Enlisted after JC, vocation was gunnery spec in Arty. Went to unit, S3 gathered all the people who has civilian driving license and had all of us converted to military driving license."
ke614uv_1,"My TCM is not regular TCM. Technique is more towards physio-like? Should you be interested can DM me, i have introduced numerous friends and family to him."
l8jmkep_0,the fatty who argued back with him shld be ashamed of himself.
jpgcsys_1,I learned that there are people who I got good chemistry with and could talk for hours without running out of topics to talk about. Then there are some who I don't vibe with and even be hated because chemistry and world view don't mix.
ievggl_0,What happens to broken down vehicles that are sent to KC3
m2t30ar_0,"Not sure if you can ER that early. But if so, the likely penalty is minimally:


any bonus received - sign on bonus, year end bonus, 

Salary - monthly pay plus cpf employer amount 

Any other ER fees based on your contract."
hn81bsr_0,"hierarchy/regimentation is treated differently in the army, and BMT. RSAF might be a lil bit more chill, but it still exists either way."
gbleewf_0,Would suggest you to sign on after diploma. Gt better pay and better career path. You can like find out more when they gt career fair
luzf9th_1,"might wanna give ns hotline a call, cause if you enlist later, you ORD later also. once all ur friends ORD, you will still be serving"
i6emw71_4,But its worth it to me. Club 33 truffle cream pasta with steak for $10 or Smoked duck risotto for $6.50 is unbeatable.
nmub0fu_2,"For more guidance check out [this tutorial post](https://www.reddit.com/r/ReadTheRulesApp/comments/1ie7fmv/tutorial_read_this_if_your_post_was_removed/) on the official r/ReadTheRulesApp subreddit. Thank you for understanding. Sincerely,    
u/read-the-rules

^(This is a bot message and replies will not be monitored)"
ju1ni7o_0,Still here for the next 1 year 1 month ://
dmvryti_0,"But if you were working for a few years and then sign on as officer, they will send you for OCS course etc...?"
16rcll5_0,Procom VS Transcom vocation. What are the pros and cons of both?
jbnl85m_0,"If you’re comparing STAR unit which is composed of highly trained regulars with their identities hidden with the 1st commando battalion which are composed of conscripts and NSmen and NDU’s Clearance Diving Group which is also composed of conscripts and NSmen, then STAR unit is miles clear of them. If you’re comparing STAR unit with let’s say SOTF, SOF, or NDU SWG, then I’d say it’s equally tough, if not tougher."
hmngo6i_7,"It is really about striking a balance, and of course SAF will not give you a vocation suited for your idea of balance lah, so that means the only other way is to take some time to adjust and adapt to the new slack life. Not gonna lie, initially I was quite taken aback when posted to clerk because I was suddenly placed from a 100% pressure cooker to 0% open air, and I needed time to adjust too."
h5orm31_0,Today is my birthday. And today is my first day of ICT.
198qvgu_11,"This feeling started off very slowly for the first month where i would feel like this just otw to work, i would not cry and be able to regulate my breathing and mind. I just brushed it off thinking it was just NS Blues and hated wasting my life and being paid peanuts."
1d9wx7o_4,"He is usually always seen outside in pantry flirting with this specific F DXO (non military regular). I don't know them specifically however they have very distinct features, for etc: M looks like a rigid old encik vibes (previously retired CWO) and F is quite upsize."
ilzzzsx_0,If NS is truly the best time in your life then maybe the problem is personal and I think you have some self-reflecting to do 😂
dm6j2qj_0,I was a super huge fan of processed meat and dairy. My fav subway meal would be Italian bmt with extra meat triple cheese followed by an ice cream.
jvkwgqg_8,"So you don’t have to go through the process of meeting new people and experiencing more culture shock. On the other hand, if you get off with a bad start with your bunk mates and the bad experience follows you through into your unit for the next one and a half year plus, then it won’t be an ideal situation. All in all, mono: hard vocation, low chance to get out of it, but you remain with the same people you enlisted with."
temc4n_0,"SAF ForkLift Course at Kranji Camp. Will be sent to forklift course at KC3 soon, any idea how is it going to be like and what kind of forklift will we be learning."
1ho54t8_0,ns bmt questions (enlisting soon...) + first day experience
j5xqic9_0,But Idt I’ll be able to secure a spot in uni tho cos my studies r not the best tbh
dyfv89f_0,Get rid of chao keng? Forget it.
j36ggnp_2,Get started on that so you can finish ASAP post-ORD. Working?
j0yjtdl_0,NSmen/Regular commanders (3SGs and above) can have military weddings
hoc685f_0,"imho, no - Lynx coy isn't as bad as one think it is. Personally went through FT in Lynx and felt that the commanders were reasonable and caring."
1eqzjpq_1,"MO called me for medical review last month (through the phone) and told me that they will send my documents to the medical board for pes review. I am just wondering for those of you who have downpesed in SCDF before, how long does it take for you to get a response from them after the medical review and how will you be notified of the outcome?"
mvp8kqj_0,My body never had a day without hurt during the 4 months bmt
iwl859h_0,"nah don’t pes F just tahan by the time they process ur pes F you’ll only have a few months left of service, it’s not worth it for the possible implications u may face as a result of pes F"
g4j98gc_7,"I was a TO in Gedong. You'll love Gedong, remember it's about the platoon, not the camp."
jpokql8_0,bruh i put second choice also can make it in right
khop0kf_0,"Your submission is removed as it's a question that can be better received at some of the following places:

* The Daily /r/singapore random discussion and small questions thread for simple trivial questions

* r/AskSingapore 

* r/NationalServiceSG for National Service related questions

* r/SGExams for Schools or exam related questions. * r/singaporefi for personal finance related questions. * Another subreddit that may be more topical."
gnlusfh_2,"PS: for retirees who are asset rich and cannot afford the increased property taxes in their very large old properties, they can opt to tenant out additional rooms, convert their land titles to LH to avoid the FH additional tax surcharge or even opt for a reverse mortgage to draw income from their wealth assets and let the next generation repay the reverse mortgage, which is normally at the low interest rate for property loans due to the a/m stable property tax regime to keep property prices in Singapore always stable and free from mad swings in prices etc. Retirees shouldn't grumble about the higher property tax rates for FH/ large landed properties because they must remember that by property value, they are probably the biggest beneficiaries of the SAF, Home team etc protecting their wealth with zero inheritance tax. As of 2019, budget for SAF, home team were $15.5B and $10.7B, despite massive costs savings from non-salaried service of citizens serving NS: these are very large costs and it is much more likely that the large sized dwelling is a discretionary item and due to Singapore's progress, their residences are worth much more now, thus the need for progressive property taxes, where by the top tier rates exceed that of the respective income tax bracket rates and the need for FH property tax surcharges to ensure the fair recycling of land for property uses in land scarce Singapore. [img]https://i.imgur.com/a9Oat0y.jpg[/img]
[img]https://i.imgur.com/tyFhmJK.jpg[/img]


[img]https://i.imgur.com/M2ztfiY.jpg[/img]https://thehearttruths.com/2013/09/23/singapore-has-the-lowest-wage-share-among-high-income-countries/

[img]https://i.imgur.com/5EIsCKi.png[/img]

[img]https://i.imgur.com/551LYgR.jpg[/img]"
h6btn1n_1,"First couple of days you will settle some admin stuff, kitting as well as learning how to put on your gear correctly. Your first PT session will come 3 days after you enter."
hcodx3r_0,"he doesn’t allow ooc just by telling him i don’t want it, have to get a 84 days status."
n7x5zzj_0,Why don't you add HQ DIS Int as well?
i0q10hu_1,Don’t be too disheartened. Drop up rate is high due to exams or health problems.
mbhj8b3_6,-unit commanders scheduled me back to bmt within 2 months. and off i went.
m2s9k0s_0,Any idea what vocation is suitable for pes C9? Is there any IPPT for this PES?
lxuemiv_0,This. My unit had a guy who was kicked out of the house.
1b4fq63_0,"Ask me anything about SOC. I’ll answer to the best of my ability, but I won’t reveal sensitive info/OSA"
jdbbl4j_1,They are just like any other regular person. Ignore them and stay at home for your own good if you really need the rest.
ji556ac_0,"yes during BMT you are able to sign on again, there will be recruitment talks and you can express your interest again. also curious what part did you reach? did you go to cmpb interview?"
kc1a8n8_0,"Ya sia out of all the NS vocations I respect firefighters the most. They have to risk their safety to deal with real incidents day in day out and have to keep super fit as well. Sure, training conducts might be tough but actually attending to real incidents on the ground is another thing as people might actually lose their life."
gprgsz6_1,Para-counsellors in camp. They can be the OCs and CSM/RSMs of the battalion.
fkgy19m_0,I was a spec in NS and I can tell you as an employer that I don't give an eff about your NS vocation/rank when it comes to hiring. It is completely irrelevant when it comes to hiring in the private sector in spite of what people tell you.
j6xwxz4_1,Both will award you with tab + beret at the end. If you sign on in other vocations after ORD you can still wear the tab but your beret will change acc to the formation that you’re with. Ive seen Air Force and non-Guards ppl wearing the tab
lilkyrp_0,"Equivalent to 3rd Sergeant. With a degree, your starting rank is ME4. Equivalent to a 2LT."
f9pudyn_0,"My best skin days was NSF days. Strict diet and sleeping patterns, my skin literally had zero breakout throughout the two years."
msyp1bq_0,"Maybe different unit different culture? But by right is cannot get any tattoos during NS, think I read it in a directive somewhere."
wuosca_0,What PES E vocations can book out everyday?. My PES status is E1 and I'm currently serving my BMT at Kranji Camp. I was wondering what vocations that I would be posted to after my BMT and which of these vocations would allow me to book out everyday?
jf5x9pq_1,"The leopards and bionixes we had at home were Terrexes, and I nvr went on one during my stay there due to my injury and status. I was also pretty well performing as an nsf, before my injury that was, I had gold for SGT Rocky challenge and platoon best SAW shot as well as bmt marksman (this one doesent matter rly lol)."
kzimm3u_0,">Jaguar’s commanders

Man that must have been quite a while ago"
hxtmxit_0,If you need to ask. Then you might not like it even if you got posted to either one.
ec9ah9i_3,"Source: myself, coming from a family of 3 sons. I Am the Last batch to train with M16 and POP at Tekong. Both younger brothers POP on the floating platform"
jlsv9y1_0,"All combat and combat support vocations 

(I think for staying out chances depend on camp commander instead of the vocation)"
kw887kj_0,"Regular but doesn't mean all go home, some of them got on duty. Depends on what time but your last parade can range from as early as 5pm to as late as 10:30pm

If have exercises then will end even later cause always need sent arms and always take bloody long"
gllh0kc_4,"Contrary to popular COD or MW fps classics, we don't get into constant, adrenaline pumping action and behave like superheroes. We go through tons of constant repetitive trainings and at times, forced to do totally incomprehensible stuff. And especially as a regular, making a career out of it means you're constantly fighting against a declining physical proficiency."
ta70fy_6,"Today the COMPASS test shortlisted recruits were announced, and I was not one of them. Words cannot describe how demoralised I feel right now."
k5z913d_0,"I would share with yall but its a 1/1 appointment, so super easy to get doxxed. I report directly to 3 star CDF and other BGs, deal with only 3 krebs and above."
hmnrwcy_0,"Don’t worry, ESS and NS Claims &amp; Leave portal are always down and broken, like it’s literally in shambles I don’t even know why SAF want to go digital without having proper IT support to sustain. I will be surprised if it is working fine actually. Just wait until tomorrow morning then try again."
l9vf8ox_1,"Go get referral from polyclinic to either psychologists or psychiatrists. Seek help during NS as much as possible, becos only u can help urself

Once you downpes, possible vocations can be ASA, storeman, etc."
lpofz4_1,"If so, then where can i get them? Is a local polyclinic ok?"
lr869fg_0,"I kena'd the ""go fall in the water bottles"" then the encik shout the parade commands, then you have to turn all the water bottles

All fun and games until MAJU or SEMULA given"
ezvodvc_0,Duration of excuse? Reason for excuse?
1dn1jwc_0,"sign on as ADF, NDU or SOTF. Hi all, I'm currently a 3SG from recon and I've been thinking whether to sign on as either one of the 3 options."
1hwg59c_0,Hows life at hq 6div?.....
j2qrucn_0,From best to worst: Pes F vocation (civilian vocation) to Pes A vocation (combat fit vocation)
ik7c9em_0,"If we don’t see the stake in all of this, we simply won’t care. I wouldn’t understand the significance of my unit until my 3rd reservist cycle."
hxwm1ea_0,no idea but my camp had a 38yo NSF
kx33uql_0,"fr ""FOR THE LAST TIME! PACKUP!!"""
h9zzekb_0,"Legit. My unit... at the end of each ICT, would often screen some highlights video with similar vibes."
1pib35c_2,"No other details received yet)

I only see a SAF100 PDF (For the ICT), will there be more info given about which unit I'm even in? I'm guessing 8SIR since I'm asked to report at Clementi Camp."
nditn51_0,"Dear eurokid4,

Your [post](/r/NationalServiceSG/comments/1ndqnwl/no_1_uniform_what_is_it_like/) on r/NationalServiceSG was removed by the Read The Rules app because you need to submit an acknowledgement that you have read the rules. **Please:**

* **Take a moment** to refresh yourself with the community rules in case they have changed."
1b1gylg_0,Just wanted to hear your thoughts.
ladge18_0,Ngl i know a few that have gone through this same thing not easy and things can get ugly but the only way is to push foward. Dont know the reason why the girl did this now of all times but thats not very important.
k0t7mpz_2,"So don't feel bad or down when you downpes. I know if downpes can be boring but what Todo, even the department didn't want to help us change vocation which do something that our interest."
nqidrov_0,"Back in the early 90s, my mum sent me to a Chinese tuition centre for group tuition because my Chinese was trash. The teacher was this damn fierce middle age guy who'd yell at you like a Tekong drill sergeant if you didn't know the answer."
kodbx3f_0,What reservist? I MR lorh!!!
mluv20v_0,"The work schedule depends on which Ops platoon you be assigned to, bomb detection, narcotics detection, security and enforcement. You can find out more details by chatting with the interviewer. Can't share here due opsec"
hc612qb_0,"Saikang warrior, NMI life best."
nvb1pqx_0,They should set up a recruitment booth in university and see how many ppl wan sign on unless there no other choices
lqr9zjt_1,Why would they send someone who isn't fit enough to pass ippt to a front line vocation? If they did why is Infantry only a combat fit vocation? Think about this.
1glbkuj_0,SA Vocational training after post out to unit
macx798_0,EZ SAFETY REPORT HENTAK KAKI UR ENCIK IS COOKED
i5vp8hq_0,you honestly think a one star would specially make a trip to the guard room just to find out who this guy is just so he can charge him for insubordination
10m6ssx_0,Just got cyber operator vocation (pes e9)
dxi2rcm_0,"As an NSF, unless you have been given permission by your superior, you will not be tasked to move or even touched the injured. During BMT, our SOP for someone who was injured/heat exhaustion was to shout MAN DOWN repeatedly until a sergeant/officer/medic hear us. We would only stop shouting when the medic reaches the injured soldier."
ji3clwi_0,"have, my officer cadet course batch had 2 NSFs with only higher nitec certs, never sign on. think there was 1 or 2 more in other vocations."
k92lk7a_6,"After that BMT will be quite rush (even moreso than CDC imo), your schedule will be bloody packed and you will be moving here and there. CDC for me so far - we end training at 4-5pm if everything goes right."
hd7bfrx_0,"&gt;Stanley Loh, the Second Permanent Secretary for Social and Family Development, said: ""Mr Tan's extensive **leadership and operational experience in Mindef and the SAF positions him well to lead ECDA** to partner the pre-school community in the transition towards Covid-19 resilience."" Catch no ball here."
kh71gwq_1,"3) Ofc not la bro. You will just be attached to a group of paramedics and act as an extra pair of hands to them. You wont be expected to do a lot more stuff that what you learnt in smti, mostly taking vitals, doing bandaging and immobilisation of fractures. There will be scdf regular paramedics with you so you wont kill someone by accident."
16dzryq_5,You cannot be the nail that sticks out. Unit isn’t much better in terms of the conformism.
i4i6exx_0,"If you signed on and worked full time for 10 years, your reservist will be waived. Otherwise, if you were to work for 4 years and quit, you will still have 6 reservist cycles left. Do confirm ya, I just heard from one of the ST Eng guys during my NSF days."
npaep8o_0,bro who r u im OCT upgrader
jqw4f28_0,"Depends on individuals, ymmv by vocation, responsibility, rank etc. Personally I was awarded the Encik's Grandmother Recognition Award."
h192ian_0,I think it also depends on your rank and other individual factors.
im3zubs_0,That's one of the more insightful answers. Thanks a lot for that. I think I'll just go ahead with the interviews and have a few words with my instructors and regulars I know about the jobscope before I make the decision.
hw79ui_1,I was posted to admin support assistant as my vocation after bmt. From what I am aware of people who end up here generally have a some sort of medical issue or are just your age old Chao Kengs.
icdxuy_3,"No budget that have to resort to asking NSF to do such a big production, outside of his vocational job scope, and on top of that, we are not getting paid extra? ( such a huge production will usually cost anywhere between 10-20k and SAF expects us to do this job for free?)"
keg4vci_0,Im proud to be a guardsman (Im a storeman)
ergl9qq_1,"You'd think the regulars were pretty mellow and chill when you see a Captain and Warrant sweeping the parade square during your reservist and then this happens. This is what happens when you give people power over a huge number of kids, same shit different place."
iiyuczc_0,"Some Ns boots spoil easily if you are standing under super hot weather for long hours. got one ict, I think got 3 of us had our boot soles came out and all had to use cable ties to tie them up for time being as we didn't have time to go emart due to outfield."
10zp9b3_0,hi may I ask if you sign on engineer like airforce or navy after you graduate from school will there still be PT? planning to get another tattoo b4 unit but I'm plan on smth obvious in PT kit.
1pvsag1_1,"BMT, kranji. They say no wet ration can bring inso i buy haidilao hotpot."
gm7pjcc_1,⁠Your platoon mate would be in even more serious trouble if he were to circulate the picture. 2.
jplrvuo_0,It always tastes weird to me idk why but I believe is the tekong water cuz before I enlist I never cough one only after I started drinking then that's when the cough starts plus we're always hydrated cuz our commanders always ask us to drink our water very often like half full everytime before and after PT so yeahhh...
i14qr8n_0,"Why u wanna sign on recruit, u just clerk? *i have the potential to become SMRT CEO encik*"
hrd00zx_0,"[Here's a link to CMPB's website detailing the rank allowance, as well as vocation allowance. ]( https://www.cmpb.gov.sg/web/portal/cmpb/home/life-in-ns/saf/service-benefits-and-welfare/monthly-allowance)

For your question, LCP is $600, CPL is $650, CFC is $690 as the base rank allowance."
m5ljat4_4,"But in a job, if things get really bad, quitting is an option. There is no such thing in NS, though."
gaygrbd_1,"But that would waste time right? Since iirc, NDU takes a longer time to finish than BMT since i can technically sign on straight after BMT."
gqfjr2s_0,Nothing in camp is ever in order. I remember my friend being made to backdate years’ worth of documents in preparation for an upcoming audit. Everything is one big mess and you just hope you ORD without being blamed for anything major.
dtemnac_0,"Free healthcare for NSmen at polyclinics and restructured hospitals, same as for NSFs and regulars. That will be a real and meaningful diff between people who have served NS and those that have not. And if it only covers you until you MR or reach the statutory age, it will not cost the govt too much."
i4ldzy7_1,"But really consider getting a note from IMH to your unit / camp MO eventually, it should help your situation. If your superior threaten you with how that will affect your future career, just remember that it is not legal for most companies to ask for your mental health status, and most of them don’t have access to such data."
k5ubzvs_0,nope havent done IPPT
185yzxa_0,"Going in SCDF as a PES E9 soon, what can I expect?. Most of my friends and family are SAF, pretty much all experience the same thing- some differences based on vocation, but it's almost impossible to find any info about PES E9 SCDF."
efxmteg_1,Train after office hours. Your unit CO may also encourage or set time aside for IPPT training.
ndzjxct_0,"if its stagmont, prepare for a lot of fun"
lk29c93_0,"Honestly on my POP day, all I wanted to do after that long ass day was shower, eat, then sleep. Maybe book a staycation?"
emdzhrz_0,Same. I was tricked in admission to Pulau Tekong.
i79cm2w_2,On the 4th day you usually hv to pack ur shit to move site. Alot of ppl in my coy fked up their initial packing so on day 4 aft covering shellscrape some had no time to properly pack. (
jrerlzz_3,"SAF won't slot you back into your reservist unit until the next year cycle begins when your birthday comes round once again. Finally, congrats, where you going to study in the UK?"
mkoxi84_0,Should be fine as long as you have a valid reason with medical certificate to back it up.
kak9x2g_0,Thank goodness for that
g13j2u6_2,"Going for frequent walks can help take your mind off things, focus of the scenery and your breathing instead of what stresses you out. All the best and don't give up on yourself."
n4xfz92_0,"So just to be clear that if someone privately shares a picture (without mocking, public posting, or harmful intent) to help identify someone, that’s suddenly the same as harassment? That’s a stretch. And again, I’m not a regular."
hx5sqma_0,stay strong bro... my guess is that its a reasonable request if u ask commanders to meet u at your house staircase or underblock
h1qijo1_0,ah yes same bmt coy (normal/mono) should end up in the same scs coy. so most likely OP's coy has alot of mono infantry people? or maybe his PC is actually preparing him for possible infantry.
m17jocn_0,bro don't mind me but all these info listed not breaching of OSA?
lay12tn_5,Anyone has worked in the saf/spf/scdf knows that there are many more non-combat roles that females can fulfil and heck there many regulars females who already fulfil those roles perfectly. Many roles can be created if lets say cookhouses were brought back to be inhouse instead of outsourced to SATs etc.
gyejuuz_0,"no such thing as work from home la. back in 2020, my active unit kena 2 weeks in, 2 weeks out."
whyygo_0,asa vocation for pes c9 ?
lly1o99_0,"Ya la. But b4 guarantees u entry into the more ""slacker"" vocations mah"
1362ux3_0,is ns rly a time to destress?
di0kiuh_0,There's a thing called medical checkup before enlistment.
lpblv9z_0,"Honestly all of the cambro drinks there nubbad but my fav is the green lime one, sad cannot buy in sg"
jr9l605_0,i don’t know about brunei. Never been there but my friends who been to both said that australia is better.
ngri2ji_1,"Originally I hated that I was a man, but now during ICT, I am seriously thankful that I am a man. I got into my dream vocation (during NSF) and now during ICT I just need to go man mode and listen to my commander's instructions."
l6v6gn7_0,"Initially, I finished upskilling and was keen to explore something new (since I am still young) but market was a bit slow after I finished and I've suspended my job search for a little while in recent month or 2 since I am quite overloaded during this period (I also have high key reservist currently) and cannot commit to an excess of arrangements, but I am resuming my search soon. I anticipate quite a lot of questions about this and I realize I can't control what employers think of it, esp with a decent gap (it's about 6 mths currently) so I can only hope to find understanding ones."
19ew9cw_1,"Posted a thread few days ago regarding 2.4km training and started training on the 22nd. Alrdy done 3 runs with 1 day rest in between and the bottom of my foot, achilles tendon & my shin starts to hurt like hell about 800M into the run to the point where I have to either sit down & rest or walk slowly. For context, Im relatively overweight at 177cm and 90+kg, I use a nike zoom fly 4 for my slow long runs & I also do bare minimum warm ups before running."
k7wi5wr_1,"If I remember correctly when you are posted to unit, you can only sign on about 3 months before you ORD, so do take note, wise of you to do so since quite a handful sign on before they know what they are signing up for. I would say that the ""less pay"" is worth it since you get to experience unit life before locking yourself in."
fcvrk5q_0,Haha Mindef Instagram posted a photo of a regular receiving a medal and he had a special forces tab. They then deleted the post and photoshopped the special forces tab out on the [repost](https://www.instagram.com/p/B60R1v4nIaB/?igshid=1kh3r6x07sotr).
1cxcpix_0,Is regular pay that good?. How come every cpt/3wo and above that I know of drive car to camp.
lml3s25_11,U dont have to bring a watch or a alarm clock. Powerbank dont worry too much.
g4ipzkr_1,"Also, just because you want to sign on for a specific vocation does not mean you will get it. There will be selection processes to determine if you are fit for the vocation."
jt2ub05_2,Being NSFs who can ORD soon and get on with our lives after 2 years was only thing that kept many people sane. This officer unfortunately signed on and came from difficult family circumstances.
hi3clok_0,Alr have mental issues still want to up pes wtf? don’t bother trying to up pes.
n6bey9g_0,Leave no men behind 😭😭
gdmo92r_0,I wanted to sign before enlistment but I'll consider afterwards in case I don't like the lifestyle. Thank you for your info.
ghqsb74_0,"Basically its nearly impossible to reroute without signing on to CDO. If you get any other vocation as an NSF, that's it, you can't special request to be a CDO NSF."
fprdgdy_0,Ask your PWO or sect trainer. Let them know you missed so they’ll make arrangements for your sizing.
k80ewwm_0,"Kc2 not in tekong, it kranji camp 2. The cookhouse got 3 cats, one of them is a kitten"
gopp746_0,Do they work with dxos or regulars/nsfs?
k9v4te8_0,"This place is full of strawberry flakecakes 
Just say what you think is informative to OP. Ignore the Reddit Nazis"
wpthe6_2,"Which minor do you guys think is future proof? And
Will employers consider my minor when applying for certain roles? ( such as applying to be a Web Dev as a COMMs degree holder with ICT minor)"
kek515s_2,"Texted my encik accordingly. His tune immediately changed and he said he was only concerned for my health. I’m no stupid pushover, bitch."
1jinsn0_1,Was wondering what possible vocations i would get since i can't wear no.4 anymore. I'm also excused lower limb heavy load and rmj as well if that helps.
jlt6klf_0,will i be able to participate if i only take 1 day of mc
ha9lllb_0,"Don’t listen to other people on this thread. When my friends went to Arizona for US Air Force joint ex the local establishments were very happy to give uniformed service discounts to SAF and other foreign soldiers in uniform. Same applies for airports, etc"
mxo6v3k_0,"U can choose to enlist early, or u can wait"
jp27ko6_0,Hmmm... unds but i have circumstance that i need to sign on now as well
ogx3ez_0,(SPF) Did not managed to get GRF as my vocation.
c8f6cun_3,"Goh Chok Tong then turns to the NSman, and says ""You, jump in and swim to the other end."" The NSman looks back at Goh Chok Tong, pulls a face, and shouts ""WTF?!?"
ohsmfg_1,Close to 2 weeks into ns &amp; I can’t find anyone that I click with. My bunk mates are nice &amp; carrying but it’s frustrating that I can’t connect with them on a deeper level.
ndrpz8k_0,"2 months found term learning infantry bs (waste of time), then 3 months pro term in stagmont"
lcf8nxy_9,Well you would be wrong. They come back as full fledge SAF regulars and LTA.
cz8x3co_0,It's all random. It's done by (presumably a clerk at) MIDEF CPC (Control of Personnel Centre - the same guys that sorts everyone out for vocations after BMT for the PES A/Bs).
k1lfvcb_0,Damn that im not quite sure since my experience was scs saf
llre08q_0,"Such MOU will favor business..  Business have more flexibility with hiring and have better access to more people, and easier for them to hire in bulk, and in all industry, PMET roles are usually taken and covered by locals who will eventually gets displaced for FT..   It's really simple math..  Business will be happy with these kind of MOU..  at the start they will claim, maybe they can hire more people paying lower salary, which will increase their earning and with better earning they can can lower the price, pay more for salary etc..  But in reality, bosses will put all the savings in their pocket, like, buy instate of rent, higher dividend..  and the more they save the higher their dividend..  and eventually, these FT after inheriting all the skills and knowledge will be ready and more then willing to take over their bosses job, and at a lower pay. So..  what's in it for those local PMET?"
ubi6bw_1,"Eg GRF, TransCom etc. And how long does the vocation training last for?"
m3p5thq_0,"I’m pes E9 and recently got my vocation and here are some of the vocations I’ve saw people got into, ASA(admin),SA(storeman?),medic(only 2 people got into it),signal operator,transport operator(for pes e only class 3),security trooper, one person got into the navy but I’m not sure what the vocation is about, FOR MY BATCH 50/24, what I remembered was most people getting ASA,SA and Security trooper, for me I got into TO, so I’m not really sure what life is like for others"
h26m4jq_2,"This range gets narrower the more ""problems"" you have, and correspond with your PES status. You will also have a list (that you cannot see) of vocation that the system deemed most suitable for you given your tests results in terms of ranking (i.e if you excel in technical questions more than everything else, then you would be deem most suitable in a technical role)  


Then the next part of assigning vocation is based on manpower needs, your preference and whether you end up in Command School or not."
kw67wxh_0,"ya you're probably not going CDO bro but i have heard of people getting their enlistment letter only 2 weeks before enlistment date

if you really want cdo go sign on"
h7nuejm_0,But honestly is the money worth the work and time?
ky53ted_0,"Guardsman is a chiong sua vocation, very outfield orientated job. The frontline foot soldiers."
jcxd1c6_0,Cb the humble brag is real with this one
1pjoztt_7,Angry at the system and kind of tired of life. Any regulars here or nsf pls tell me your experiences. Pls end my pain 🫠🫠🫠
mhcm3k2_0,Bro is this Darryl ☠️
dx4m7v_1,3)Did you express interest to join during the vocational assessment? ( I said no but still got selected sobs)
usexd4_1,Genuinely annoying for others and myself on how blur I am. At this point just give up on having a future since it affects everything else too and that it can be fixed tbh.
lew9wx2_1,Definitely with that PES will be impossible to sign on. Best to up PES if possible as SCDF has a minimum PES requirement for all uniformed officers.
j8s96uw_3,"most imptly, if these still persist when u get to your new unit, u may not need to re-BMT. ur unit will determine when and if u are fit to go for BMT again, so no worries about that. hope this helps :)"
lnp662u_0,"Hopefully that's the case now. But I shit you not when I served 5 years ago ASA was the default for any 'problematic' people. I've met ASAs who had moderate autism that struggled to understand a lot of things, and were treated badly by their superiors. Agree that they should be storeman."
mr482xl_1,"Not saying that they are lousy, but our military is small, and thus even smaller the pool of military musicians. This is the best we got, and we should be proud."
mwv0b15_0,I got $50 fine for it. Are there any further consequences?
nnkumvo_0,"Hmm usually the deferment is approved if the trip is booked before the mob manning, not after."
jmljf7b_0,"the system itself may discriminate malays in terms of vocation but from my experience the enciks are very brother brother to everyone when they aren’t fking yall up and don’t discriminate on race just performance and how u yourself act. Also becareful speaking malay in front of enciks or regulars if you’re gna bad mouth them, almost all of them can understand the language on a conversational basis at least thats how it was in my coy"
kszs5ju_0,bro really said 78 rp is mediocre💀
gaklbn0_0,And i’m curious whether it’s more worth it to stay in PTP or go for enhanced BMT
10p5g92_4,"Is it confirm that high Cholesterol ns man will get Pes e

2. How long more do I have to wait to get call up for my final medical review since my Pes is still pending

Hope to hear from you guys thanks!"
1ne513c_0,"Does combat NS actually make you stronger/look better(more in shape)?. Hey guys, I'm a goin ns soon and curious about combat NS:

Does all the outfield training and physical work and (eating cleaner ?)"
jen64i_1,My mental health has greatly improved over the years and compared to last time I am much more happier and genuinely content with where I am now. Hopefully the assesment will go well!
imrwb3o_0,2021 had six batches?
hvsyi1w_0,Happened in Tekong during my BMT! Not too sure if I’m dreaming or not till this day but I remember waking up suddenly one night and I remember I suddenly sit up for no reason. Everything seemed like very dream-like from what I recall and I turned my head to the right.
m7z0r2i_2,"At outside, you walk to the workplace playing song on your phone. In army, you ownself sing song."
h2lk6nl_0,Have seen pretty solid soldiers with ippt gold and silver bayo candidates in Tekong
lny42i7_0,did he delete his account? i can’t seem to find him
x1hp1o_3,"Only thing left to do is kkj surgery lol. Once this happens, I will be changing my IC from F to M, after which MINDEF will usually send a letter (from what I've heard)."
pnydzw_0,Posted to vocation right before i downpes
nuh7m5o_3,vocations largely clerk/storeman with service medic and service security trooper also possible. BMT in sch V itself is stay in for everyone unless you are excuse stay in.
doojcyj_0,"Was in Guards, each coy has like 2 snipers? You literally go for like 2 live firing sessions and spend the rest of your 2 years walking around with a heavy weapon during training/outfield exercise."
ieaobd0_0,"Nope, not navy but familiar with the vernacular due to my professional work and previous academic studies! I would have wanted to sign on as a navy officer in the past if I had the chance to."
ictygkc_0,"Like even NS i kenna a unit where i am the only NSF there, and in my office i got my own individual room everyone else regulars in separate office with cubicle. Its not like the officers don't like me, they often come in my room chill if got nothing on, offer me rides home all that."
jmnmkbi_4,"Once you finish your OJT, you'll go to WPL phase and this part, you just need to do good onboard your ship before going back to RSS panglima to do your BSC 2 before earning your first skills badge. In short, BSC 1 trains you to be a operator in your voc. BSC 2 trains you to carry out the technical bit in your voc. Hope this helps."
ip1wt7j_2,"Some coys allow recs to show using phone but some don't. If u don't have health booklet or show to the medic personnel. They'll jab u with whatever they have, i think was 3-4 jabs"
swuoa9_1,"Disclaimer: These are all purely just my opinions and personal thoughts, I cannot speak for the rest of my peers but I know a lot of them feel this way as well

Basically I'm in an active battalion now and my OC has an extremely dirty mouth, always making very personal attacks towards troopers/commanders behind their backs, plans everything at his convenience and is really selfish; always putting himself first before the rest of the company. Not to mention the entire company is a mess, nobody ever knows wtf is going on (trooper and commander alike) and this guy doesn't do anything about it."
n8eyowm_0,"Its aight, if you walk further in there’s 2 coffee shops to the left and they have way better food choices + U and Me bbt"
1lixjdr_1,What are the possible vocations or so i can go? 🥲
1pd277c_0,[ Removed by moderator ]
npgu6pq_0,"Emart? Good enough for outfield, good enough for most harsh wear"
k8th960_3,"Personally, pray you get into non-combat units cos it really helps. These units allow for stayout, along with not needing you to regularly wake up at 5am or before to prepare for training."
dgrjhw0_0,"What is so big-scale that your reservist obligations can stopping you from doing? Plus when most people whine about reservist, they mostly whine about having to do soldierly stuff, and less about the opportunity cost of serving."
l36eym_1,"I see my frontline friends have so much fun at work that I feel a lot of regret for not appealing my vocation. I don't get why so many people around me, especially my SAF friends, tell me that my vocation is good."
mw9h55t_0,"bro thats fkin terrifying, downpes asap"
ts0fgx_0,"So, what does a clerk or store man do every day?. Just curious on whether it’s as slack as what I’ve heard."
k5f1jft_2,Picture was damning. Still got Mindef sticker and all there.
mi1k92j_0,"[NS Pay](https://www.cmpb.gov.sg/life-in-ns/saf/service-benefits-and-welfare/monthly-allowance)

As a private you get base pay 680, with an additional 75 on top during training/admin etc

Once you complete your vocation training and become an armour trooper, you get your beret and instead of training pay you get combat pay which is 300$

So 680 + 300 is how much you earn as an trained private 

As a lance corporal, 700 + 300 

Basically just see your rank + extra pay can alr"
15u80bl_0,"Life as a man in any combat vocation. As the title suggests. If it applies to you, would love to hear what the daily life is like, how strict your commanders are, etc."
n26bef4_0,"The sgt and I only started interacting with each other after POP when we were posted to our unit. The hostility started from there and then itself. Before that, we were in different platoons during the Vocation training phase, and even before that, we were in different Coys in BMTC V, and so I honestly don't know where his grudge against me is coming from."
jylvycg_0,"possible

My own surname even more PRC than those

This year ICT cycle I ran into 3 also, PRC NSF NSmen vv common"
hmr56i_0,"Buying clear ziplock bags for ns. Hi guys, I am wondering if there is a place in which they sell the small medium and large clear ziplock bags used in the temp packs for route marches and field camp in bulk for a cheap price?"
m4ufvtp_0,If he sign on as regular/encik it might end up being a feature/accreditation
hxorbmk_0,"yes possible to go mids as an nsf. most of the regulars will take the ship tho, and usually nsfs get posted as PCs of defence squadrons."
ijffusx_0,Go out with friends? ( If you are lucky enough to have la)
izi44z3_1,They lack manpower but they want to continue gatekeeping the NS conversation topics from women so women can continue bitching about how their BFs can connect so well over the two years they unwillingly spent in discomfort and servitude. You may be their first suspect if some gay shit happens in your bunk though.
hqx9yd8_0,"Cannot bro must protect national treasure, NDU training high injury rates leh"
iezx7f6_0,"u are now SIT (soldier in transit), basically you have become an unofficial admin support assistant, if your current bmtc company likes you, they will keep you in the office to be the ASA, if your office already have one, they will have to shuffle you to another company within the school that doesn't have. if your bmtc school is fully staffed, then they will start the paperwork to post you elsewhere."
c7sm6h_0,Anyone can kindly tell me how does the PES system works and will the training be any different among different PES?
k7n6s5a_0,Depends on your unit and vocation.
mkhej79_0,"I applied in late December 2024, did the online tea sesh and panel interview in late january, submitted some forms for application processing shortly after that and am currently still waiting for the outcome"
h2dfnds_0,A ton of national athletes were clerks in NS due to pre existing injuries thus lower PES. PES is not an indicator of physical fitness. Mental health is paramount though so do take care man.
irzukws_1,"It might not even be about doubting the integrity of our Malay citizens, the thought process is why even put them in a situation they have to potentially face members of their own race? That being said, there are Malays in the Airforce and Navy though, just very rare."
e0z3uq9_0,"You sound a lot like one of my good friends in scs, he said he wouldn't end up in inf pro term, ended up doing it with me. He said he would go to BMTC, ended up in guards."
gaed56r_0,"&gt; Rights groups say conscientious objectors who served prison time often face social stigma, and struggle to find employment after their jail sentence

How the tables turned. Here, people without NS can focus more on work as they are free from reservist."
1d11ft6_0,What can pes c2n2 not do?. Just got my new pes as C2N2 with no excuses.
1i7y4ea_2,if i downpes cause mental health will i be pes C or E n will i go to kranji for bmt again if i POP then downpes? also how will ns life be if i downpes? thanks so much 😭😭
mgyj32w_1,But I think the chances are low. So don’t put too much hope in it.
h7tgmj7_0,"Are u SAF, SCDF or SPF akler"
mlihqrq_0,"Could just be a false alarm (we all know the ecg at CMPB is trash), or that you really have a serious heart condition. Serious heart conditions will get you Pes e9."
g71dnoc_0,As in ur pes e9 friend signed on as Army/Air Force under EOS? U sure never up-pes first anot
hkfu1ng_0,"Anyways you won't be able to get an internship with just a month to spare. Like others said, the most is to take some short course or read up."
jpij0h_2,People have been advising me to sign on after training to the vocation of my choice. An ex-SPFNsf told me that i can sign on now and not waste time till after training.
mviz3bs_0,"I missed a few good friends, otherwise I didn't like it. Still tried seeing the positive or life would feel terribly miserable."
mw2t4as_0,"Yea, but they'll realise soon enough their NS record means crap working in the civilian world. It's a matter of time."
j5167yl_0,"Hey was supervising these group of people in the army. His records will be in the system and they will send him for regular check ups where a psychiatrist will see if he is ok or not to serve. If he really wants to pes f, that is the chance"
i4ohamz_0,Only wasted on eating canteen because cookhouse food is shit LMAO
kozylan_0,How are you so sure that your bf will definitely enter airforce unless he is a regular?
gywua7r_0,"Unpopular opinion but Singaporeans tend to speak quite fast, sometimes without proper enunciation, so if you need decent English standards to understand Singaporean English if you aren't used to it. I knew that comment will be quite easily misunderstood so I specifically target spoken English but that still didn't do the job haha"
mcj2znr_0,"alot of ppl have memos from specialists apparently, but he just says shit like “ recover and go back to training “ along these lines, people say he is controlled by the CO. The strange thing about this unit is that our troops can only receieve long term status from the 3sir MO, and no other MO is allowed to down-pes / give long term status. Essentially its just impossible to escape, and not everyone can afford a private specialist 🫠"
188akq7_4,"A normal ordinary salary man. So we asked him if he love NS so much why not sign on. And he brazenly said oh no ah I don’t like NS I think uniform group too rigid I want to explore other options and after enough poking, turns out dude was rejected countless times."
144x0fk_0,What to expect as ARMD ENGR PNR at 38 SCE?
morlh2n_0,Yes. The serviceman has been taking mc to report to work
erj05vu_0,Under the current org structure of do-noting regulars who are only capable of ordering NSFs around like serfs? You're right.
j1fh9vy_0,"To sign on as regular, your PES status has to be minimally A/B1."
g0s2hsn_0,Infantry gets 225 vocation pay according to CMPB website
jkh4b2u_0,Are you temp or permanent Pes E? and may I know what was your diagnosis ?
gchp5sx_0,Big dick moment when I shouted back at my OC for trying to punish me (hose tower + gulung) for accidentally calling him Encik. Remember asking if I got eyes at the back of my head and telling him to fuck off back to his office play computer. I'm glad I got saved by an actual fire call and we didn't come back until after night lecture (8-9pm)
1fc1dm5_1,"I saw things about getting an allowance in Uni, having my Uni paid for, and getting a starting pay of 5k+ which seems very lucrative(?) For context, I already have a Uni placing in comp sci and I have no problem paying for my school fees, just wanted to know:

1) Is signing on worth it?"
1nwy0rm_1,"I ORD as a corporal, having finished a storeman course due to injury and am currently at Pes C9. I am half way through my degree and will be completing it in a year and a half."
m2sumvg_0,Actually it's more surprising than no regular is attached for guard duty. Giving a bunch of 18 year old Chao NSF the key appointment of guarding a military installation just feels like its going to result in worst cases because 18 year old NSFs aren't given the choice to do guard duty anyways
hy6iqim_0,"War is between nation and not about Men initiate or whatsoever. If your country being attack, are you just gonna point the blame that men want all these?. I agree with you women can contribute differently rather than just holding rifle, but yes what women can contribute to nation itself like having national service in other vocation even as admin or receptionist in hospital industry"
giyootb_0,"sign extra duty, can de"
icpl1wk_0,thought the other guy js say one school have 5 company?
jdz7och_0,"For the worse. I expected NS to be a harsh environment, but was hoping to have good relationships."
l1rkzt6_0,"Idk bout this but all I know is to be in CDO, NDU u need go for vocational assessment. Regulars who want to sign on then can join if u didn’t get the VA"
k8rt21d_2,"Support company will send in scouts to report back on the actual on-the-ground situation. S2 will get this new info, match it against their original info, S3 will decide which battleplan to use."
hzfsz8a_0,Ignore bro. I know abit hard to tahan and ignore cb mouth but do your best. He might as well wear a skirt if he keeps bitchin
191kz6j_1,Was wondering if any current or past ceos could share some of their experiences in that vocation. How has it been?
mhr9j03_0,^ i agree with strap in tighter. It does help when you can leverage legs instead of using core fully
ls01sim_0,"Case by case basis. Person that approves your deferment is CO level and above. And if he thinks the same way some of the people who replied to you in the reddit chat about mob manning behind on Saturday and thus will not clash with scheduling etc, your deferment will be denied."
ioipf4p_0,"To add on, going outside lets u claim up to 85% per visit capped at $120/year no individual receipt cap. So if you prefer work done outside you also got free $120 to use"
lvumeud_2,"for any new specs joining in February, fret not as the OC and CSM of Alpha company are very very nice people to work with. maybe it might be because i’m very good looking, but they treat us very nicely and are very patient."
fo2usx0_2,"So for my coy during BMT, everyone wasn’t going to command school so there wasn’t a need to wayang. That’s makes a rather good and friendly environment to train."
olhht0_0,"Sign on private uni eligible?. Hi everyone, does anyone know for all the home team side eg scdf ica spf etc

Are private uni eligible to sign on as in the degrees you hold are awarded by overseas universities"
cexonpw_5,"non-combat vocations that the army and even (if you're very lucky) air force needs

&gt; (I think you can tell from my flair which one I was posted to)

&gt; Out of the 5 weeks at STC only 3 weeks will be spent on vocational training, most of which are not conducted at STC. STC itself is, frankly speaking, pretty awful, though I guess you'll find most camps on the mainland are like that."
jooklxd_0,why? whats with k coy??
co1jys_2,"Honestly I rather just do RT-IPPT, more quicker and nearer. So I wonder has anyone done it before and has pass their RT-IPPT before the 8 or so requirement? Thanks for any useful input I get!"
h40y2a0_0,What was your PES status and what was your vocation?
urmyl6_1,"However,becuz my condition is significantly worsened by being in camp,the MO has given me mc and i go back regularly for medical review to extend it as my condition isnt improving. However, i would eventually get my posting order and I will most likely be on MC when that happens,is my posting cancelled and does that mean that i would be stuck at Tekong forever?"
hy3qs9o_1,"Now in NS, I realise I'm not the best at my vocation. But I try anyway."
d4getco_0,Did you have encik sonny ho? Very nice and funny guy!
4lls18_3,"The short question: Being an eccentric person, what kind of advice would you give to me in order to lead a better life in a conservatist society like Singapore's? The long:
I'm a soon-to-be 20 year old Singaporean Chinese boy, currently serving NS."
j8qx75c_3,"But yea, was pretty humbled by the experience. Tbh, the way the army has been treating junior regulars as of late is like an expendable product."
ewob3du_0,Sending appreciation to SPF personnel keeping law and order in Singapore... Flights cancelled and stuck in HK airport :/
f1u509_0,"Appeal?. hey guys, my boyfriend just received his letter yesterday and found out he got posted into Police."
e5u6jsh_0,$560 a month then we can say is not enough. Instead of increasing their salary why not increase the budget of MINDEF so NSF can be paid more reasonably?
gla5hjn_3,"yes the systems in place may not be perfect or efficient at times but it does make me proud to be able to serve our country and citizens. i felt that if i were to go out to the public sector in my field of studies, I'd probably be a slave to work anyway and the cons of a military career (aka politics, bureaucracy and hierarchy) are well existent in the private sector anyway."
k0uldhq_2,"if u wanna sign on, make sure it’s a transferrable skill… dont mean to hantum all the infantry, commando, armour etc guys but once they’re out of the force, its hard to find another job. If u wanna be in a combat unit, u btr make sure u retire a rich LTC/SLTC/COL with a good savy financial literacy mindset (proper retirement funds, investments, etc) cause no one is gonna want to hire a 40+ man that can do battle planning, how to win battles etc…unless u sibei solid go PAP become MP haha. If sign on as AWO (ATC/ABM) in the airforce or Navy officers etc, next time go out can find job easier, like joining changi airport group as ATC, work as a boat captain, etc - At least got “后路走” aka backup path."
hdb9s10_0,"I see, thnx for the info!"
iuiayq0_0,"Odd batch - All vocations except Arty

Even batch - Only Infantry &amp; Arty

All Arty cadets go through overseas live firing, and Arty live firing is expensive and difficult to plan for, which could be one reason why its only done every alternate batch."
lva15qp_1,"In recent years, the no. Of non-Cdo vocationalists being given slots has dwindled - limited flying windows, capacity and availability of birds etc. Not to mention that there’s a selection test - that regulars need to score really high on to make the cut - meeting the minimum standards doesn’t mean you get in."
i077ftk_0,"Yep, a lot of studying. You will go thru the navy “bmt” which is around a month which you learn more about navy and seamanship. Then after, you will go thru the vocation phase;types of vocation like gunner, tech, underwater and etc. Next phase will be on job training (OJT) where you get hands on experience onboard."
k0bfc7e_0,I can't even do NS. My condition was considered so severe that the Medical officer recommended Pes F halfway through the medical screening at CMPB
lwpsgve_0,bring your mattress to camp
18e8c6e_5,"Before you leave the car, please put on your headress. I highly suggest those staying in to come earlier as there is bag check at the gantry."
ef5o0hq_0,"It’s something that everyone has to do and not just the commanders do for the men, the management do for the workers because everybody has a part to play, especially those who are working the ground and facing the hazards directly themselves. The safety pause is for everyone - from driver to Chief Transport Officer, from store man to chief of army, from mess boy to chief defense force, from NSFs to NSmen. I’m gonna sound very r/gatekeeping here but I will still say it anyway because many of you are coming out with the wrong mentality of the safety pause and I feel it needs to be said explicitly for some people to realise it. If you think that the safety pause is useless then the safety pause is not going to serve its purpose at all."
e1vf7cn_0,"Depends on the way they present and how their slides look. If those cookie cutter type with lots of words and they're just reading off the screen, can say it's wayang."
gsdm6bd_0,"First world country, third world mentality. Had one section mate in BMT that caused our whole platoon to be punished because he didn’t clean up his shit."
sfzhq1_22,SA (supply assistant). this one ur storeman.
gqxen7v_1,"My suggestion to you is to go with an open mind, talk to your sergeants (once you head off to the navy for training) and take it from there. Sea soldier is a pretty unique vocation, and it's a pretty good one to have. All the best!"
f0sw9mo_1,I am planning ahead that's why I asked. If I wants to sign on I would just sign on once I gotten through the interview.
1hcoai9_2,"Can I still make it to command school/ ME4? If anyone knows a person who is currently serving in DIS pls pm me! Quick backgroud (if any of this info helps):
-Stem major in local uni, familiar with programming and tech
-not a scholar currently, grades are somewhere in the median
-during NS, vocation was in C4I Sig"
jzn84a2_0,Ahhh true true :/ thank you! Have a good day :)
ioj3f0q_0,is it true that taekwondo badge is ceased by the army?
hk5v6m6_0,"the unity I had through bmt and found term with my guards ppl was like the best time I had in army, I don't want you leave it for a slack job, I'd rather suffer but have fun with the guys I've been with for so long"
huk1nt3_4,"7. Tell pc you die die must go ocs

8."
zamhyf_0,Chance to get a new vocation if I take MC?
1moqdoc_0,Most ridiculous punishment in UG or NS
11vluhp_1,i’m just POP from BMT. Heard about there was a lot mosquitoes and the cook house there was not that good. Quite scary sia
ga5nppe_0,"It was only months later that I was told by a superior from another unit that I could have called the hotline on him for doing that and he would have been punished

Yes this is a real problem where trainees are obviously not well informed enough to be a whistle blower. I find that trend changing nowadays but to be honest without an actual study done, we only have anecdotal evidence either way

&gt;We could at least restrict Tekong specs to regulars only and let NSF specs go to other units. The sad things is that having Tekong instructors be an all regular force is still not feasible due to the low rates of recruitment ( surprise surprise, people dont want to sign on lololol)."
l7bx05h_0,No one know how you will be selected but for vocation wise I  chose guards and infantry and all combat fit vocations that were available. And just do well for ur test at cmpb
1kvw0tc_0,I own a SAR 21 for Key Installation Defense. I own a Sar 21 for KINs defense because that's what Lee Kuan Yew intended.
hsvqlhw_0,"OOC room, probably you have to go MO for LD and they'll send you for a course after your LD, or you post in to a unit as a trainee, then recourse or end up as an Admin Support Specialist/Storeman."
hom5hya_0,you will be too tired to be bothered by the hantu
g6hzqfz_0,"Posted To: IDTI

Vocation: MP

how fucked am i lmao"
h5uzvy1_0,"Rushes to get license before enlistment

Posted to transport operator vocation

/cries in loss money and time"
ff4al3a_0,"What does PES status have to do with outside job other than NS anyways? I’ve never heard how it’ll affect you in outside job other than it’ll be harder to sign on for government jobs that require IPPT like SCDF, ICA, SPF etc. etc."
e7qok1n_0,"Partly due to habit, partly bc of the paranoia that it might be someone calling me for reservist or someone calling me for a case I attended to."
h21vrhx_0,I recognise the tree behind. That's the tree my encik ask me to go ask questions one.
jf6wozf_0,"Anyone who's experienced outfield would love to trade positions with you. There's a reason why SPF is the jackpot of the three services

But to answer your question, sign on to SAF."
ibva17t_1,Regimentation q strict sometimes (see sergeants mood). At the start will have a lot of pt also but will get used to it.
j9986ip_3,"If you wish to sign on you can choose what vocation you want. I'd advise you to talk to family members or seniors who may be in service, for they would be able to tell you more honestly about life in the force n what the job entails."
ku8zv0c_1,"No offense intended, it's just you haven't even experienced infantry and the like yet, whereas NDU/Guards/Commando are another level of difficulty added to that. You may only hear the good sides while they leave out the bad sides. Even the good sides you hear(e.g."
gxe1745_0,Yes you can sign on anytime in NS. Don't have to he during BMT or end of NS.
domsybt_0,"HSP Panel 1 for NSmen 35 or older. I believe the colloquial term is ""FFI"" (Fit For Instruction)."
k4obvzm_0,"Imo it's quite useful for outfield with cookhouse rations if one doesn't want to use the plastic cutlery. There's no soup that require a proper spoon. Use one hand to hold the packet, and the other free hand a spork."
iyra5es_0,Id wear the old one proudly
jia68yn_4,"And I am sure you have seen the war in Ukraine, it is mostly on the logistics. Fight of resources."
gkjh2u2_0,"Yes, low, but depending on the nature of the work I don’t believe it’s impossible (I’m only saying this if you’re not PES fit, I think most combat-fit C4I vocations are SC only)."
fnd5zre_0,Sooooo.... Pulau tekong but with a waterpark?
k7bw2m7_0,"You should have thought of this before you disrupted NS for your studies. No one is allowed to pursue uni education until they ORD unless you’re going to Med school and coming back as Dr.

Suck thumb lo."
mua740b_0,"Opposite experience to u. Had fever the day before, wanted to try IPPT since I was feeling better already. They don’t allow lol"
ico1eqo_0,"oh, you were still NSF ah. i thought you NSmen hahaha"
et8tgxw_0,"Can get into SCS, lesser chance if you're not leadership batch. You can always sign on to confirm your spot"
i7o5v20_0,"I’ve met psychologists from the SAF before, and I think the reason why they may suck at patient-facing roles is because their main role is more of industrial organisational psychology (kind of like HR, but with more data analysis involved). Also heard that some of them genuinely believe that most of the recruits they meet are just trying to fake their way out of working, and this might affect their bedside manner as well (disclaimer: I think this is really unprofessional). Can’t comment on the counsellors, doctors and therapists though."
h6p7zb1_0,Too bulky and where you gonna throw. Also not so convenient to eat.
hc6gvuh_0,"If u sign on with SAF. U should have your LTA rank however u may need to check in the event that u sign on another unit(maybe need to go for training or wat) 

For police case."
j8cn46c_6,"Granted, under his command, we were a strict crew. No stashing of food in the tank, and certainly no rest till we get the shit done."
izmlt8i_0,"For those curious, OP said that the office is very cold and he claims to be suffering because of it. He then asks if he can wear a jacket in the office."
n4g70og_11,"All regulars would be on the leadership track. OCS or SCS isn't the only way to get the rank though, there are other leadership courses which do grant you that promotion, but these tend to be a lot tougher."
j0xziw8_0,Johovan Witness - DB for 3 years
gmskkz5_1,The SAF exsiting is also one. 😂 Hmm dictaroial gahmen.
1i2d91a_0,"My very first Kranji Camp 3 ICT. hi everyone, I just received my first ICT (High Key), and will be reporting to Kranji Camp 3 later this year."
uupjxv_0,Need advice for 42 SAR monointake armour. Need advice!
j3fpixg_2,"Vocation allocation based on skills

4. Reduce the duration of NS

Singapore’s population has ballooned from ~2 million in 1967 when NS first started to 3.5m citizens + 0.5m PRs in 2022."
cyu06f8_0,1) Basically all the same in BMT for pes C except L9 no need outfield. Unit life depends on your vocation and unit. 2) As listed by the others
dzlukcv_0,In BMT now. anyone know if I can go overseas during this weekend?
j45gy4x_0,"Regarding the PES - it depends on the diagnosis of the specialist, if it’s something relatively harmless you won’t down PES"
h7opuwg_0,"Feminists love to say they want to get rid of misogyny so here's my question. Don't u think this clearly implies that according to the law, a 14 year old boy has better cognitive ability to make decisions and hence be more accountable for his actions than a 15 year old girl ?"
m5bo9lb_1,"For first few years, 3 week high keys where one learn basic soldiering skills, logistic duties also better than nothing. If both of us are Singaporeans, same age, why should I be the only one doing reservist, fulfil IPPT requirements and you don't?"
kux24zv_1,"So unless you are really committed to being the best in your cohort to stand a chance (I am talking about OCS not in BMT), it is not worth the gamble. Personally I do not think there is anything inherently wrong in signing on, but you need to do more research first since you will be locked in for your first 5 years of your career (excluding studies). Like any other commitments, the pros and cons are very dependent on what you want to sign on as, a plilot?"
kc44xj2_0,"i remember being so lazy that i didn't bother to camo off, the camo sibei solid, just stayed there until the end

granted after the final outfield i went airforce infantry and didn't touch camo again"
igmc22w_4,like very clearcut misdiagnosis kind of scenario. geez.
mylj3z3_0,you kena boi end up scdf still reject lol
duu792o_0,"You got a diploma with a decent GPA, don't sign on as a spec. If you wanna sign on, see if you can get SCS conversion to OCS thing"
gvnggcp_0,"&gt;I wonder what the salary has to be to attract people into the construction industry. I postulated that if you give SAF NCO regular salary, you should have some takers"
lglev2y_0,"Tell me you peaked in ns without telling me you peaked in ns. Ndp duties are on saturdays btw so there wouldnt be any outfields…and if an unit had outfields extending until saturday, they most likely wouldnt be participating in ndp saikang anyways."
kuhd9rs_0,"i just oot and yeah im gonna try and mc all the way till i get my vocation , ngl mono intake infantry is not funny"
m0usnnp_0,"The first thing u should do, is express interest to the army, apply to sign on as an officer, send them your resume, cert etc, then they will see if u can join them or not."
1frv33d_7,How long do I wait till I get my next posting? Thanks guys for reading
fwvrv60_2,"I am not familiar with your vocation and the RSAF, but if I'm interpreting this right, there's two phases of training you'll need to go through and you're in the first phase. What I'm guessing is going on behind the scenes is that you're earmarked for this vocation, meaning that you're destined for this vocation and set under their manpower count, so your current encik effectively cannot help you."
1ogap4k_0,Would I get RT during BMT if I missed a whole week of training during my confinement period?. I was sick for over a week (abt 9days) during my confinement period for BMT.
fr0n8yi_0,"Ah, honestly, I'm not familiar with the control training for the AWO(ADW) regulars. Sorry!"
jfedztu_0,It will be 660 yeah next month
fyr8u5g_0,What voc do you have? I would say if you are a clerk then the office culture is quite similar in terms of dealing with bosses
dzneawj_0,"You don't choose the NS vocation, the NS vocation choose you."
gre70pi_1,"After I ORD I chose a uni course in the same subject. So I am a big fan of taking a break from studying to work, to earn some money while finding out what kind of job you really enjoy. Wish you all the best."
ds04jjm_0,"At least that was what I did because it has happened before, just double check again with your CO and PS. Sgt at Tekong is God, Sgt outside is dog, don't need to worry about it."
mwnhw3n_0,"If you do, please let me know if they let you continue to wear the naval medic skills badge when you're not vocationally a medic, very curious"
jwesu6l_1,You get posted to another vocation (in this case logistic). This was back in my time from 2010 - 2012. Heard he was nearing the graduation period to make 2LT.
n9h7e37_0,"The only time(s) you are required to cut your hair is when you report back for In-Camp Training (and technically summary trial for IPPT/NSFit defaulting too even if it's at CMPB instead of with unit), it's not a requirement for mob manning as you may not even get activated."
io0vh8d_1,Medical grade insoles and certain makes of shoes could help mitigate pain and discomfort where there is any  and reduce injury risks. Source: Kid had severe flat feet (literally no visible arches even without standing/applying pressure) and unusually wide feet (his shoe soles would eventually rip off on the sides and rarely lasted more than 3 months). Doc ordered custom insoles and recommended suitable shoes for wider feet.
ixpjz5q_1,there is nothing to do with your vocation posting. if your form is not done. somebody will find you and ask you to clear. don't worry
hn1nv01_0,"No difference between B1 and A honestly. BMT is exactly the same, in fact your coy will have people who are B1 and A tgt. No effect on unit/OCS either, since both B1 and A are eligible for combat vocations. Btw, for command school, one of the requirement is in fact Pes B1 or A. For Commandos, you gotta go mono intake."
jaalmft_0,"Perhaps look to the corporate world for inspiration. In corporate world, there is variable bonus and varying wage increment for good performers and poor performers. Instead of flat wage monthly, shift to wage range structure."
ksnu02t_0,When they say NS-related why does it seem to exclude SCDF and Police NSF/Men
iv8c0ny_0,"Ouh i see, i did apply for navy but after the base tour, the work space is claustrophobic for me and i couldn’t see myself really enjoying working in the navy while sailing. Yes i applied for transport supervisor, the recruiter said starting this year all vocations are now considered combat, so i will be drawing the same salary as what an infantry regular would draw"
i9ro81l_0,[https://www.ns.sg/nsp/portal/site/mindef/manage-disruption/info](https://www.ns.sg/nsp/portal/site/mindef/manage-disruption/info) please refer to this link for information. The date can be obtained from your offer letter IIRC
1cwa0ow_1,"Not trying to play punk or anything but my mistake im left with a month before my window closes, so I need to rush. Also, most days my schedule is ‘Work -> NSFIT -> Night Classes, so I do not really want to push myself. Any help welcome!"
ykz5pj_0,Windows to sign on as Officer?
hapgqro_0,"All I can say is during route march a few weeks ago, literally everyone in my platoon sang that even tho I was song IC and very clearly said ""Save my girlfriend"" and not their sick version. Some things will never change"
hthsufn_0,What vocation? If you don’t mind sharing
1c68eo0_0,"Types of Vocations for NDU. Just receive letter for ndu in august . Don’t really feel like going cdc course , what other options are there for me and how do i go to the said option?"
eb4m4gr_2,"Don’t buy it. Downvote all you want, that’s how much I hate conscription in Sg"
u95517_0,Let's start a mutiny and FRAG SAF Regulars
lw7qp6p_2,As for potential camps it depends on if you get posted to 8SIR or 9SIR battalion. Generally 8sir is in charge of camps in the east and 9sir is in charge of the west.
ijla8po_0,"I rarely talk in reddit these days, but here is my 2 cents as a lowly ME1 in chairforce. My advice: see if you can get into OCS first. Then decide if you want to sign on ME4 or officer vocations while finding out if they do fund your university studies and what are the conditions for it."
jvqswu_0,"NS Vocation for PR Obese batch. Currently I'm Obese Batch in bmt who gotten B1 pes status and fail ippt
I'm a PR China, what are the possible vocation I would get into"
l8oqihz_3,"Once there's a confirmation, then you'll be sent out to join the next batch of vocational training at wherever you're posted to. If your commanders (not your sgt but your OC, CO, etc.) like you enough, if you down pes low enough, and get revocated as an ASA or storeman, they may also be able to keep you with them to continue helping out with whatever admin task."
1cayhpl_0,"Forced to change my surgery in NS?. I tore my ACL a couple weeks ago whilst playing basketball, but fortunately with no damage to my meniscus or other ligaments."
kv7fzjy_1,"They already have enough blood in their hands. Light duty has to be given by the MO, either after you report sick or pass the MO a memo from a specialist during a medical review."
gbf0820_0,Pros of signing on now is you’ll get paid regular wages while doing your pobc. Cons is when you get your vocation as PNSF and your regular sign on is successful you will most likely be posted out to another unit hence wasting your time
mqkth7j_0,"handwritten note with picture of loved ones will go far too, rmb when we are in there we understand we are the lowest life forms and its the start of a journey no one rly asked for, it helps to remember home"
mwo63ok_0,"If you’re genuinely feeling unwell, just head to the A&E. They can’t prevent you from getting RSO there unless there’s some official documentation saying otherwise. You’ve only got 9 days left until ORD, no regular is going to care about someone who’s gonna ORD soon. If you’re really sick, prioritize your health and get the proper medical attention at the A&E. Even if you RSI, most medical centres will send u to the A&E anyway lol."
f1m0kfs_2,"i suggest bringing in monopoly deal and uno, shit ton of snacks and portable charger . o yea confinement was 1 week"
ghkiw42_0,It depends on your wing.
x9jtqy_0,9/9/22: Supply Comd HQ Posting Order Anyone?
jm19vos_0,Some superiors are truly gems. But usually never your own \[at least for when I was serving :'(\]. I used to spend so much time in other Branches just to hang out with other regulars because mine was simply not pleasant to be with
nkiwema_0,But isnt that different? Hes a signed on.
fm7dyya_0,"Low PES people wanna fire rifle, throw grenade and get full experience at least for BMT level. The A/B1s did all that but then realised apart from that, NS sucks major balls so they wanna down PES to not suck as much dick."
dx1ollr_0,"Goddammit my Febreeze leaked now I smell like detergent on the Tekong ferry

What a great start to NS"
1n9xtuv_0,Pre Enlistment Vocational Assessment Centre
h7ronhu_0,"Hahaha. I hope he doesn't need to do ns, Considering how much he did for singapore. And we can shut all those mindef jokes up as well"
hcsrdah_0,"Chances are, if your injury is severe enough to warrant a downpes or oot, you won’t have to recourse anyway and you’ll be revocated as an asa (not likely to be storeman because of your injury). I OOCed from SCS with knee injuries, but i learnt so much more as an ASA because i was involved with the discipline and justice side of things in my unit, i got to go to court martials, send people to db and even visited changi prison once. OOTing is not the end of the world, and at the end of the day, your two years will only leave you stronger and more mentally resilient than you could imagine"
1af73qd_0,"Changing services as regular, is it possible ?"
fyc3klf_0,"theres a top up for psea account for those that ord. the govt is already doing what op wanted to a way smaller extend, and fixing the problem you described as unused psea account funds can be transfered to cpf."
h05c1bd_1,It's an order not a suggestion. Just msg your sgt/commander like 30 mins before if you want to buy food.
mw9ubcd_0,"Was from 18th mono, things were still okay"
jk0c79i_0,Is yours mono intake?
lb8jib0_0,"Uh... Not me brother... I just know the medics well

Sorry if my comment make it look like I medic..."
io3m5i4_0,lesgooo another 500+ days as a ns gf 🫂
dydn4qt_0,"you still can do something about it; i'm pretty familiarized with the process of getting mental help while being in ns

first and foremost, i need to know your vocation and pes status as the process differs greatly depending on those variables

anyway to answer the question you had in your other comment, it's preferable for you to visit IMH's A&amp;E if you're feeling suicidal instead of other hospital's A&amp;E and yes the doctor will most likely know that you're a nsf

and to answer your original question of the doctors mis-diagnosing you, you're probably ticking off the check list for adjustment disorder rather than depression/severe depressive order/ dysthymia/ other mental condition you might be suffering

what did you them tell them specifically during your time with the doctors? have you mentioned that your suicidal thoughts persists outside of camp and have been in existent prior to enlisting? i believe you made too many associations with serving ns and your condition hence leading them to believe that's what causing it."
ih5clo5_0,Take 975 from opp cck mrt station or just take the shuttle bus at the same location u take 975. But the shuttle bus will only come in the morning at 0645 0700 and 0715.
h8qp9mm_0,"if you considered not signing on becuz of this then i suggest dont sign on at all, you will regret it."
njmhgq9_0,Service side maybe can? Not all vocation in mindef is combat.
mx87ax7_0,All to Muster Bate at 1900
mh6yyok_0,"""Siao ah, this is army"""
f46i18o_0,"You can only be ASA if you're perm/temp PES E, PES B4/C9L9 with back/leg problems. PES E have ASA, SA and ST as the 3 main vocation, with MDC being the special vocation for people with talent they need(photographers, singers, band, etc).You up PES you will 100% be out of ASA unless you have mental condition, back injury, knee/leg injury, or had surgery. Your PS said so either because you have those stated injuries or mental condition that is deem as unsuitable for combat, either which will deem you unfit to be put in any other vocation except for ASA due to heavy load and enciks fucking you upside down. But if you up PES to B then you will most likely be in combat unit unless you're a white horse or B4."
hysqws8_7,PT will definitely be not as xiong as BMT and definitely it's a walk in the park as compared to GCC and Guards standard. 3.
c3cwxms_0,"my experience when i was in there is that it seems to me like malay officers treat fellow malays better and they tend to speak in their own language in the presence of other chinese officers/pnsmen. initially, i tried to be friendly to them but they never seem receptive to my friendship, although they do tend to very friendly to other chinese people who were very 'malay' in behavior - they speak in malay slang interspersed with malay words, smoke with them, etc."
aix0db_0,"Injured actor Aloysius Pang's condition worsens, now in ICU: Mindef"
1kr2olb_2,So kinda hesitant to attend. Thanks
inkxhy1_1,"You do your PT, combat training, life firing, road march and fieldcamp. Uour only exception is SOC (Obstacle course) and SIT Test (Last day of field camp to test your leadership). So you basically do what all B1 and A does, but you have 0 chance in going to command school."
hpjnis9_0,MO give 1 day? Just call safety yo
hx8a1sc_2,"2. no one knows if u ooc = 100% go to inf unit, dependent on manpower, got chance to be sent on another vocation training and revocate."
j9t9rbx_0,Must be psychiatrist. Psychologist only talk cock with u but cannot downpes u.
wdeca7_2,"No luck thus far, at this point I am desperate to the point where I am applying for random admin jobs. And no I am not gonna apply and do banquet, warehouse or any labour based jobs as I am already 23 this year and I am looking for a proper job which can boost my CV and provide me real world experience. I'd prefer a FT/contract position over an internship role as  I need the financial stability to pay my school fees and support my family despite the latter being a good option to boost my resume :/

* edit: my highest qualification is a Polytechnic diploma"
jtrvz1e_0,Give urself heat injury abtm style
j9028ls_2,"except those opted for SCS / OCS cuz leadership). You can check with your immediate superior about signing on after BMT if you’re interested, the current batch I’m in have a few people that signed for AFE even when they were in different vocation."
h4kgqi8_0,most of the guys who ord before me have vocations but are not vocationally trained. idk what they will do for reservist tho
iih0gbx_0,"Signals like Intel, is one of the more sensitive vocations. I think it’s better you just wait till you actually get posted in."
fulotrl_2,"Depending on how you want to handle the situation, there will always be drawbacks, you cant get the best of both worlds(i.e dodging army and have no consequences) but if its at the expense of your mental health and you really feel like it could be the determining factor that throws your mental to shit, please just sound off and take care of yourself (get that pes f). lol dont let NS take anything more from you than it should"
mbavydg_3,"Nonetheless, ptp phase is generally more chill, and is said to have a lot of admin time! So other's have reco-ed to maybe bring a book or smth to entergain yrself!"
iwyqa7x_3,Slots for practical lessons appear once a month. So you know exactly when to camp for those weekend slots.
cn0yxbl_0,"Helps to have a pillar to lean on. also, best time to stone and think about post-ORD plans"
178e7gu_0,"Drive in IPPT with car rental. Can I drive into camp with a rental car e.g getgo, bluesg for IPPT?"
jx2oonw_1,"I can’t do anything about it so I just force myself to accept where I am. Try your best to make good friends, they really will make your time in there fly by"
ijpcb0v_1,"Oh and also no more SOC, you're doing VOC (Vocational obstacle course) it's tougher by quite a bit 


As for the commando portion, one of the criteria to get the guards tab, you need to clear 3 high keys. 1000m coastal swim (East coast park ocean)
Heli rappelling (about 11 stories high, jump down from helicopter)
10km combat march (wayyyy different from BMT route march. Combat March u carry 30+kg load excluding rifle, you need to march up hills, lots of hills."
k3d7r77_2,"The whole thing about having no transport at night is an outright lie, every medical centre has minimum 2 ambulances we use on a daily basis. I honestly suspect that the MO that he got was just an asshole and could not be bothered, please don't take this as a sign to not seek medical help from the med centre in the future."
mum6zf3_1,"Trying to show your bravado to a bunch of vocational students, in a school thats publicly accessible for everyone to dine. I was more surprised he'd want to have a go while in uniform in public eyes."
hzhjee_1,Obviously excluding prank calls. It would be a bonus if you could tell me if calling for being threatened by a superior to be charged for something you didn't do is appropriate or not.
wi4bov_2,"it just feels like the lives of those whom I used to be a significant part of, I no longer am. I'm just history now."
irb0knn_0,"Oh yes and also , you could probably provide more details of how your relationship with friends in camp are ? Are your superiors nice to you? And what kind of vocation you’re in?"
efdik5s_3,"&gt; Operated by a crew of four, including the gun commander, charge loader, ammo loader and driver, each serviceman is given a safe zone within the turret, MINDEF said. &gt; To lower the gun barrel, the gun commander has to make visual checks that the area surrounding the gun barrel is free from obstacles, and that the crew remain in safe operating positions. &gt; 

&gt; He will then sound off “clear away” to warn the gun crew of the impending barrel movement and shout “standby” when the barrel is lowered, the statement explained. &gt; In an emergency situation that requires the gun barrel or other moving parts to stop immediately, any of the servicemen, except the driver, can activate an emergency stop button."
lh3rcso_0,There’s no such thing as a pure MP vocation officer… because MP officers are infantry qualified due to their other roles beyond MP work.
ed07dfq_0,"5 years poly - nitec - hnitec then poly. I only went NS after poly, and I enlisted when I'm 25."
hg31jk3_1,Those enlisting in April usually get late November to early December. Check with CMPB again if you have not gotten anything by the end of the year
kqnaow0_0,Are you Bobby from sch V
h7fm07l_0,A military fanatic that wants to motivate the section to best section/trying to psycho people to sign on. Told me to skip breakfast to lose more weight ....
jj2w5r6_2,"Really ain’t shit unless you’re some big fuck on the up and coming. Unless signing on creates fulfilment or you just enjoy being a soldier/DXO, don’t sign on"
1o2km4v_1,"I noticed a slight difference in my base allowance for this month pay. However, my rank still remained the same. I’m kinda confused tho."
gvjtubo_0,Kindly explain how's your desk job and why do you want to get out of it? I'm currently serving frontline and I would do anything to get out of it.
j2mpsiq_0,"Reducing NS to 1yr makes SG weak? Taiwan NS only 1yr leh. Our military budget is 10 over billion SGD, we have reservist every yr for 10-20 freakin years."
h8yzb1o_6,"For instance, “I’m so tired, I just want to fall out already” or “there are still so many more laps to go”. On the contrary, practice happy thoughts."
155r2l5_2,"I had my pre-enlistment check-up last year, before I began questioning. The National Service environment is probably a terrible place to be in for someone like me lol but since I can't see a gender specialist before the end of the year and I'm not ready to come out, I think it's way too late for me to defer my service like I've heard other MtFs do."
loih1ni_0,nah thats fucked ah HAHAHAHAHA
er77lay_0,imo more lectures than BMT? cause u have more stuff to learn(but also a lot of SDL time which means slacking in bunk)
hvl0feq_0,Lol definitely not. The fastest path a male can take in sg is a bachelors at 24 (ntu biz is 3 years).
nlesabj_0,Bro just train yourself in your own free time. Literally got no benefit to uppes unless you want to sign on.
1nlo6x7_1,"Do you think there could be a significant shift in on demand for a specific industry ? If you aren't in a heavy outfield combat unit, what have yall been doing to better position yourself for the future? I've heard of some people taking finance courses and learning coding."
lrulbd4_4,"And to assume an appointment you will need to be qualified via courses. CTC will generally qualify u to be an OC role (Cpt). Progression after OC can be Battalion staff, like S3 (Maj) if you are earmarked for command. Not sure if there is another advanced course to take for that, as different vocations/formations have different needs, but generally speaking the next big appointments after that will be B2, then CO (LTC), which requires you to go thru NS Command and Staff Course (NSCSC) in order to sit on the appointment. After CO tour, you can move up to brigade as COS (SLTC), then brigade B2 (some brigade COS may go to B2 straight), and after B2, if your brigade commander spot is open to NSmen, you can them assume that and with that, the full Colonel rank will come."
fwd1m57_4,"Lim Boon Heng  
  
""If we ever introduce anything like quotas or incentives based on race, it will reinforce the perception that Malays and Indians have low skills and can only get jobs because of an incentive or quota."" - Tharman Shanmugaretnam  
  
""These schools (SAP schools) need to remain essentially Chinese to give the edge in interacting with China..."" - self contradictory statement made by Tharman Shanmugaretnam again  
  
""We must encourage those who earn less than $200 per month and cannot afford to nurture and educate many children never to have more than two... We will regret the time lost if we do not now take the first tentative steps towards correcting a trend which can leave our society with a large number of the physically, intellecually and culturally anaemic."" -"
j139e5f_0,"Hi ethnotechno,

Your submission is removed as it's a question that can be better received at some of the following places:

* The Daily /r/singapore random discussion and small questions thread for simple trivial questions

* r/AskSingapore 

* r/NationalServiceSG for National Service related questions

* r/SGExams for Schools or exam related questions. * Another subreddit that may be more topical."
i8j9zmb_0,"Seems worth it if you are fit and uppes to B1 after NS, you haven’t gone through infantry/combat training so it’s not like they can post you to combat unit, at most just need to follow the combat ppl outfield as ASA/SA during your reservist."
ww5rtz_0,"Failing ippt after mandatory ns fit sessions?. I have mandatory ns fit for this cycle but I think I will still fail IPPT after the 9 ns fit sessions. If I do still fail, will I have mandatory ns fit again in my next window?"
ggd3abu_0,"Ok, so you do know they will inform your parents/guardian of your condition? So why are you trying to hide it from them lol"
krhe7jp_0,"GPA cannot buy chicken rice, PES B1, can't reveal much abt my vocation, and I plan on going into Part time degree."
mj9vk04_2,Step 3: Report sick/pengsan. Shortness of breath or palpitations or headache or chest pain.
ig7t658_0,"TPG was the best telco during BMT for me, I was the only one in my plt getting 150+ Mbps in bunk while everyone else was getting 5 (M1) to 40 (SingTel)"
nq5njb4_0,"if you are VERY VERY keen, you can dm me. I'd need some info, and I can poke around. I'm deleting this whole comment thread just in case."
i0zbnl1_0,"Never witnessed before, but I heard that some regulars tried to fish when the ship's on harbour. But the quality of the fish is dubious cos the water is prob polluted with oil and sewage from the ships..."
hkf4d5z_1,Nothing much really to expect. 2.
fc7o97_0,"NS Vocations. Does anyone know what is SVC SUP ASST, I know SUP ASST is storeman but what’s the diff between SVC and non-SVC? Thanks!!"
p8rzmr_1,"Back pain due to weightlifting with badform during 1st year, ever since then there is pain whenever i bend or kick something. Pain has gotten much better since then but everytime i jump, bend or carry heavy fieldpack it hurts."
mxpluc3_0,"Just apply and provide receipts la, if your CO isn’t a bitch he will probably approve. Fellow NSmen all understand each other one."
pjwxel_2,"My bunkmates are kinda toxic but so far I've been able to just ignore everything or try to laugh it off. For some reason I've always been slow with hands on things, even the commands are something I've been struggling with."
iieh15m_1,There are restrictions imposed on countless groups based on plenty of parameters. Women don't have to serve NS.
n30zifj_0,"wait then can i sign on to DIS and quit 1.5 years in, and based on 2.5 regular = 1 nsf years I completed 1.5/2.5 = 0.6 years of ns and I only need to complete 2-0.6 = 1.4 more years so total is 1.5+1.4 = 2.9 years same as the 3 years cybernsf im aiming for. So the qn is if i will remain in the same vocation as my regular years (should be rite coz im trained in that vocation alr). And I dont mind paying penalty as long as I dont go combat"
clkl77y_0,"Aside from the regular channels of job-hunting, employers are increasingly scouting for potential hires via the portal as well. Go ahead and list every damn thing you've ever done, from poly projects to part-time school holiday work, and even your NS vocation duties."
gy2jt00_1,I'm in SPF and there are many enciks who I've came across who did SAF as their NS and signed on for SPF. There are also people in OCT (police version of OCS) who transferred to OCT after finishing their BMT.
joc35z3_1,"If this is your fate, get ready to deal with paperwork, and be the go-to person for your OC, 2IC, and CSM. Also be prepared to take care of the coyline when everyone goes out for a company mission - read as handling all the ""keng-sters"""
ekyhar1_0,"In US, it's said the dogs are always one rank about their handlers to prevent abuse and so that action can be taken if handlers are found to be mistreating the K9s. Tfw doggo outranks your lazy NSMan ass"
esmyl5t_0,"If you are PES A, command school just means additional responsibilities, especially when you are going for reservist. So the short-term pay bump is not really worth it."
k33e0q8_0,You had said schemes. It's a bond requirement. So there is none.
n6zrqm8_0,"Dear Big-Guarantee-5509,

Your [post](/r/NationalServiceSG/comments/1mhyq4l/dropping_1_min_off_24_in_2_months/) on r/NationalServiceSG was removed by the Read The Rules app because you need to submit an acknowledgement that you have read the rules. **Please:**

* **Take a moment** to refresh yourself with the community rules in case they have changed."
iwoco6d_1,Thanks! Do search the subreddit for similar posts.
v67420_1,"I am fairly certain that this should be okay, as an ORD parade should fall under “attending a ceremonial function, or a social function of a purely military service in nature or
any other occasion as directed by MINDEF/SAF.” - SAF Dress General Instructions


But can anyone help to confirm if this is true?"
hqs3hbr_6,"Servicemen found abusing drugs will be disciplined and sentenced to detention. As part of the rehabilitation process, these servicemen will undergo supervision and treatment programmes."
jlfpjds_0,Mostly agree but you do realize that point 2 can potentially lead to his PES F getting rescinded? All he needs is for the shrink to certify he is fit to pursue a course of undergraduate studies.
iwehrji_0,Just WhatsApp the Sargent.
hf4uy8w_0,"I do produce them for sale currently. I am working with a local 1/6 Scale figure builder that does local themed police/saf figurines. As for casting, these guns have some complex layers geometry which regular injection moulding or silicone casting cannot easily recreate."
if6icip_1,"They act as a subject matter expert for their own professions. There was one USMC Sgt Maj that decided to yolo and became a 2nd Lieutenant after decades of service. As for myself, I only personally saw a MP Spec who went to sign on as Arti Officer after ORD and Uni."
1hd8fa7_0,VOCATION ENQUIRES 04/24 BATCH. hi is there any difference between svc sa and just sa?
iektqby_0,All three SAF SCDF and SPF is important in our country. Lets appreciate all the NSF from different organisation.
izinlvd_0,I'm comparing the regulars and officers (of the different forces) against each other. People who do actual work vs feudal lord larpers. You can tell the difference in culture between the scdf nsf officers chosen from Scdf and those sent over from Saf
yu9gvb_0,b3/b4 pop on 26th Nov possible vocations. What vocational intakes are there this time of year?
nbbpe09_0,You know now that I think about it you're probably right. But back then they told me to go revoke the mc or they will proceed with malingering investigation and my dumbass chickened out and went to get it revoked which only further made them think they were right. Probably screwed myself over with that move but still thanks for taking the time to reply and help
gxl8t1l_2,"In short, aim for OCS as it helps with your portfolio. Don't sign on without a degree."
ieerc0j_0,"Informally, you could just be let off with a warning. Formally, you could be charged, SOL, DB or even court-martial trial, depending on how strict your unit is. The rest are OSA."
khs58mg_0,Polar vanilla roll cake
fvyl7o9_0,You cant guarantee that you will get into “slack” vocation. So just go be a men since you only bother about the pay and praying that it is “slack”.
lfsypoy_0,someone else literally said there's a wall at bedok saying (why) they got dissolved lol
dpkobxj_0,No. I had this friend with leukemia in the same PES E batch as me and he only turned up 2 days during our BMT.
i10g9le_0,"Fate sealed bro, only way is sign on or DB kekw"
lky9ti7_16,All of us in combat unit are jealous because we *want* to learn said skills but are *unable* to because of our vocation and how our daily routine doesn't have 6 hours of admin time. I decided to skip the remainder of the paragraph because it doesn't support OP's claim that ASAs/SAs are looked down upon/not given enough credit.
mofuzpu_0,Siala chill lah bro 🤣 What did he do to you for you to be so mad? 🤣
uh6pmz_2,I told her it hurts whenever I swallow anything or when drinking water. I told my mom that I want to go and see a doctor tomorrow.
ms2os3s_2,Crash out on day 1 if u need to but thereafter you gotta find ways to adapt and take what u can out of it. Good luck lil guardsman
lql6wy4_0,"Depends on your unit, if you're from CRF this is basically expected for your career. For GDS its good to have for a lot of regs. If you're in logistics, airforce, navy getting Ranger tab is you'll be venerated as a demigod when you return and maybe your other career regulars feel you're spoiling market."
fze30zb_0,"It's illegal to work anyway so it's basically the same thing

If your regular is a dick and they find out through random gossip then gg DB cannot play around one"
nls5wfj_0,"Such a massive red flag that Switzerland is demanding it back. The record would state him as PES F, unfit for service."
jljpckq_0,Check out those industrial areas on Saturday afternoon. In fact MOM still makes a distinction between an off day (paid) and a rest day (unpaid) on Sat and Sun
mnji77w_0,"Surely, the residents sure got NSF, ns men and not serving NS, regulars. Chance for them to develop other areas."
v46q1t_2,I know of the 5 years requirement thing. My diploma was business management so am unsure if there is any vocation that i could use it for.
guuyb07_4,2. ** Consistency is key.
m63jqvk_0,"I know it's out of topic but some people be talking as though they know you for years, just because they sit down there and monitor you for long doesn't mean they know you only you know yourself and what you're capable of...."
nw5hwxa_1,* **Submit your acknowledgement** by clicking the 'Read The Rules' option in the main menu of the subreddit or the menu of any comment/post in the sub. Once you’re done you can try submitting your post again.
gq6yrfo_0,"Oh I thought you were a recruit coming from BTMC V.

AFAIK, someone from HRI will send you course materials and details via OSN. Not sure if you have to attend the course in person."
gbs99ke_0,wa second year soldier.. hang in there.. I ord mood alrd lo
lo6x3le_2,"If they will to discharge you from NS, your parents have to be around to acknowledge and approve your discharge so please ask your parents to come along on Monday. Hope your problem will be resolved and getting the best outcome."
eqyoap4_0,"Music recs pls. Anything but hip hop jazz and death metal

Don't give me BMT roar

Actually need some moody mellow daughter-esque music, my playlist is overfilled with upbeat shit rn."
llyq5wl_1,Ie. You will become a regular for a shorter number of years.
heghh9q_0,You can book out a Mcdonalds restaurant for your wedding and it'll be more memorable than any other generic hotel banquet i bet
nr5cyrm_1,"by right it is not possible, but you’ll be surprised at how regulars will bend the rules as long as it is agreed upon. if cannot, try to ask if you can clear your 4 days of leave on your traveling period. you will need to cut short your travelling period by 1-2 days because you only got 4 days but you need 5 days of AL for monday-friday."
jbtskjh_0,Nope. But think only service pay similar to ippt
nhouczw_0,"Let's remove our helmets and put on our thinking caps now, RSAF regular = not a commander in the SAF? 🤔"
i5kziet_0,"In any case, take this as a lesson, in life as well. Want to do anything, ask permission first. Better get the black and white."
jqropuf_0,Hi does anyone know what intake is in Oct 2023?
ja8fif7_0,Thanks I think I get it if really health over ns I need to start to spam mc now
inz1g7s_9,"5. Washing powder  
6."
nhufu5m_0,"Possible or not..  Have you already indicated interest to sign-on? and have any recruiter told you when you can get posted out of grds or when you will get the offer? Your problem now is..  Even if the AF wants you, they may need to wait for you to be able to be transferred out or the unit will release you to other arms which I believe is highly not possible..  so..  by the time you can get transferred to the AF to begin whatever courses you need to attend to be a regular, you would be few months to ORD, and in some cases, you go to your new unit after you ORD..  

Technically, in some way, you can have your cake and eat it, and that's provided you sign on during BMT, but once you get your posting order you cannot choose when you want to get out and the unit taking you also cannot just take you, so, you'll be left hanging not knowing when you will get posted out of grds, which can be after GCC or few months before ORD or after you have ORD from the grds."
n7cl7l5_2,"When things legit happens, it will be too late to regret. ( Speaking from old trauma)"
krqlnzm_0,"Ah I see - that I understand. My major concern actually regarding combat vocations is saturation - because I've heard too many times where people cannot clear their OC tours etc etc because there just isn't space for some vocations. e.g. Guards - you have 2 battalions, and there's only so many companies so there's limited OCs."
8x95k3_0,Parents criminal record affecting my sign on at SPF?. Hi.
nq7h2j4_1,* **Submit your acknowledgement** by clicking the 'Read The Rules' option in the main menu of the subreddit or the menu of any comment/post in the sub. Once you’re done you can try submitting your post again.
hr5tcv0_1,Even got people know. They also cannot tell you anything because it break OSA.
fcto87i_0,What happens if on the day you ord you're still on MC?
iq7mb0v_0,"I have the following
Permanant excuse (Driving)
Permanent excuse (Vocation requiring operating of machinery) 
What do they mean and how does it affect my NS?"
npor9dm_0,its not really worth it unless you planning to go for ocs or scs or becoming an encik
gbjmin2_0,"Actually, I heard that they need more sign on regulars in SAF? is it true?"
gmthbmi_2,My BMT section mates all became storemans and drivers. Some of them even got silver and almost gold for IPPT. So I am guessing it doesn’t affect your vocation as well.
gybqhhi_0,hi bro mind if you can pm me? cant seem to pm you
hcj0p2g_0,"Just sign on before enlisting,then u will get 100%spf."
lo75p4i_0,I literally sponsored my whole bunk with washing powder for 3 months…
hvxad5n_0,Why not vocation also? I elect CFC MP NSF as MP
14nnrb7_4,Also do I really not have to go for NS? How often do these kinds of cases happen?
gx0o22k_0,And I am taking driving lessons at this school. Classes are already hard to book in the first place.
e368vbf_0,"serving ns now and have a stay out, 12 hours shift vocation. should i enjoy as much as possible during ns before uni starts or should i upgrade myself and learn new things? if the latter, what do you recommend me learning?"
j843cre_0,Is it possible to get my vocation changed after posting due to health reasons?
k0tsn42_0,"Extremely hard to be a pilot, you will need sheer dedication to be able to get through pilot training which also involves jungle survival training. [More information on this website](https://www.mindef.gov.sg/oms/rsaf/careers/vocations/schemes/eos/pilot.html)"
eike1rr_0,"After Service Term you maybe posted to your vocation, again depending on ur batch. If Infantry, well enjoy your numerous outfields and charlie mikes."
fvi6btn_5,"In normal circumstances, these types of decisions are left at the OC (CPT, typically less than ten years of service) or CO (MAJ/LTC level, typically one to two decades of service), but this is clearly a decision made at the General (read: very, very unlikely to U-turn) level to align with the whole of SAF. Typically, OCs and COs may budge and give in to requests from parents and/or MPs, but this is certainly not one of the circumstances that they will do so to accommodate."
lmdzvv4_1,I'm not sure why. We were flown on different commercial flights across different airlines.
nhonaup_0,"tell ur Oc or Pc u wanna sign on, dont say cause i cant cope but cause u have passion blah blah"
gx995ko_1,"They'll equip you with lifesaving skills, train you on unarmed combat, shooting and cognitive skills to do your daily jobs once you passed out of HTA. I recommend you to take up frontline vocation, it'll be a fruitful journey for you."
g8kw0tc_0,"BMI is important for every regular
Along it is the IPPT, ATP, VOC. I may have forgotten 1 atm haha"
daz8laq_1,Voluntary NS is not the same as a purely regular army. One could volunteer to serve NS on a part-time basis (i.e. the same as today's reservist system).
je2823n_0,The think is I really want to drive. So is there any way to revoke the light duty?
gq6yhdo_0,"Its a stay in course? Nd bring duffel bag etc? I'm already in unit, been an ASA for 3 months but I haven't attend course cus I OOC from my previous vocation"
kdhrcks_0,This is an indicator that you're going to be a One Star General in your lifetime. Either sign on or wake up already. You need to go for First Parade.
iblyqkg_0,"I heard you can call the KTPH dental appointment hotline, make and appointment there and go ahead with it. Should be covered."
k6de5ln_2,We were supposed to be ‘garang’ and follow instructions without thinking. The tonner to the site was filled with excited whispers and fresh optimism of the army life.
1dzajco_1,"Context is, I try to be as supportive as I can when he complains to me about NS, saying encouraging things etc. But i feel like i'm unable to really help him feel better even though i'm trying to be supportive and it troubles me, because I'm unsure of what to say or I'm saying the same set of encouraging words all the time. I want to understand how to be more supportive and try to make him feel better, so are there any more ways that i can do that? Additionally are there any things i should avoid or any advice on things that i should do?"
i158ejh_0,Wah not easy to be USM of your sch ncc. I quit after sec 1 after being conned to join.
mlzpon7_0,"Flooring actually makes up quite a bit of your renovation cost so if you're planning to sell the house after awhile, you might want to consider opting for the OCS. I was speaking to IDs and all the quotes for flooring in a 4rm BTO flat costs $10k and up."
hnzwnqn_0,driver very dog life meh
hptg123_0,Guy in my camp brought in a induction cooker and a pan. He fried rice in the bunk for all of us to eat. LMAO
utjpsx_0,"Private degree recognised by SAF?. As title suggests, I plan to sign on as an officer and I would like to get a degree for higher pay and faster promotions."
xmtwfx_1,"However, when I went to the RSAF website, it says that the educational qualifications require an individual to do at least a degree in engineering which is not possible as I am just going to finish my A-level equivalent qualifications in high school. The problem is that I do not want to waste 2 years of NS going into a vocation like infantry, guards etc; rather I would utilise those years to advance in my career. So here is my question, is it not possible to join as a regular in the air force before NS enlistment and have to serve in an unhelpful vocation or is there any way you guys know that could help me?"
1esxrbx_1,"I am wondering on the chances of recoursing if i missed my pct training or is unable to complete all 5 days before my pop date (7 oct 2024). To give a background on the situation, i missed out on all pct day 1 slots due to a 2 weeks LD and now am unable to start PCT. Assuming if i am able to complete all of my components other than pct, will i :

1) recourse(i am assuming this means i have to repeat the 3 months of training??)"
gyb0vpq_1,"As for poly/ITE distribution I’m not sure, but usually you won’t have JC kids because they would’ve enlisted already. I feel like more people are from poly as compared to ITE but I may be mistaken."
npr5ak5_0,This wk rly like a 1SIR version of #metoo
ncixvn6_0,"Yea SP coy CSM is actually quite a nice and funny guy, so long as you don't fuck around and pisd him off."
jzxn1n9_0,Very boring postings and you will be surrounded by dodgy people
m003qx8_0,Thank you.. Is Alexandra govt? As I’m still in NS and don’t have alot of money to afford private healthcare atm.
g9vygal_1,"Signals and MP are less siong vocations, that are rarely required to outfield during their professional terms, though. If you're asking whether it's possible to get a non-combat job, that's definitely possible."
i0w0jzb_0,"dont worry bro, i have a friend that ooc'd and was the typical fuck up recruit, he went to transport and he is LIVING the life rn"
nffc0nv_0,pro term depends on vocation
gvjsod7_0,Bro u sure? I've asked like my colleague and all he said was good luck with that cos its unlikely? But I srs i will do anything just to get out of this vocation
ns1wlp4_1,"if yes, sorry one more question! how is the interview/sign on process like?"
eetb28s_0,There is some monetary compensation but I think not extraordinary amount. Hence the reason for the group insurance by Aviva for NSF NSman regulars (one of the cheapest for death coverage).
ngojfix_2,"there are still doubts in my head whether i should sign on or not. Firstly, we nsmen are earning only about 800+++/month realistically."
hnu64u3_0,"Does anyone have any clues as to why we got rejected / if we can appeal? Also, if they reject us for regular doed that mean we can’t go there as an NSF?"
f0t91c_0,Going to sign on as a Naval Diver. Hey guys!
e6l9i4e_0,"Is BMT so slack now. Admin time last time = bathe, use HP, quickly polish boots etc then lights out"
hjwmjm5_1,"anyways good luck on your a's, it was so far the hardest thing i had to go through so be proud of yourself for not giving up. atb"
qtq4gw_0,"Possible Posting after BMT?. Going to POP soon, was told by my PC that I am within the top 10 in the coy."
lrdmgay_0,"Ah then you'll probably be able to exercise during SRT periods, unless policy is different for PES Es compared to PES Cs."
jn8ynrm_0,Bad evening wiper companei
j623ybr_0,"I’m gonna use your comment to put out a single reply for all the replies that have been brought up here, because this one seems to sum things up:

I’m not **against** paying NSFs a livable, sustainable wage, but I am aware that such a large change in the way we approach conscription would be unrealistic especially given current economic circumstances. Look, let’s take a very brief look at the numbers I used: should we assume that 455mil is the pay we give NSFs, just *doubling* the pay of the average NSF would be equivalent to spending enough money for, say, supporting the People’s Association almost 3x over. This is money that could be used for things such as, you know, education, bursary funds, funding other projects… Or, you know, redirected to the NSFs who genuinely cannot live on $600 per month, or the underprivileged who have been suffering with the onset of the pandemic and the anticipated recession."
ndsbubw_0,does the platoon number differentiate your vocation
dullnw4_4,"None were rated as ""critical"". &gt; According to MINDEF, they responded to the hackers’ vulnerability reports within five hours on average."
ik3bjn2_2,"Many just signed on with just diploma cert. Their base pay is already higher than most university fresh grads. And this is not taking into account their appointment, combat pay etc. Moreover, they have free accomodation, 3 meals per day, alot of medical benefits, transport claims etc."
1msb0xp_25,Just because you are a commander doesn’t mean you are not human. I mean if your men is smart enough to call saf hotline you should do the same (unless you sign on).
j6fifxk_0,"I’ve forgotten a lot of things, but one meal I’ll never forget was the Christmas-themed meal in Mandai Hill back in Dec 2012. Picture this- you’re back from field camp and only slept at 5am after getting back from Tekong."
hm95pyp_0,Same here! Paid using my insurance for inpatient at CGH :') cos cgh cant find any record or sth
lnorz84_0,heard those who go SEN schools get pes f
e8yrnj9_1,"Depending on your fitness status, you may also be excused from certain IPPT stations. In the end of the day, most of us ended up in vocations like combat medic, air force technician, signals, security trooper, artillery, even some k9 ops."
kavmvf_0,Supply Supervisor Vocation. I just got my posting as a supply supervisor.
dlsi1nj_0,report to MINDEF hotline
jplbwtq_0,No pes requirement but can't be p-tagged.
cxwd0eb_0,"It was basically the first thing I ever bought online with my NS money... Lasted a few months and I would be pretty proud of it when I went out with friends and the like. I'd want to keep it for the sentimental value especially as its no longer ever in production. There's no other real reason, its just been a part of my relatively dull life and I doubt I'll ever want to throw it away, scratch or otherwise."
mghufor_0,"Prioritise the interview over anything in camp. Ask your OC for permission to book out for this interview, show him the scholarship document."
e9ynq18_0,mindef reserves fall in
jhd8k3y_0,Is it still possible to have a military wedding for reg EWOS?
1eqyy6b_2,And does past PES BP affect vocation? IE can still go commandos anot? Thanks!
jkm7o4s_10,"Interestingly in a way there were begging me not to up PES out of care and concern as friends between myself and them. On the other side of the fence I myself after being charged the first time for some petty shit, recently had went through 14 days of painful SOL and was charged again for 21 days of SOL over buying food outside of camp slightly before midnight as an active SOL personnel and no, delivery was too expensive so fuck it."
l2dr7bh_0,"Go behind take, come back this other colleague very ""strict"" go tell him cannot get, must buy more then can. Apparently its very ""strict"" here and she die die want to chase after the big fishes, dont care the small fish."
kwb4tjc_3,"Further, the societal cost of enlisting women into NS now would far outweigh the benefits. Women will be delayed in their entry into the workforce. The immediate effect will be an accentuated decline in the size of our local workforce, and reduction of household incomes."
qofk5p_0,"Hi just to get some advice About signing on as a MIE in c4i .. First of all , I do not have a uni place .I feel like I could get a part time degree during the 5 years and at the same time earned some money to pay my uni fees and accumulate some money at the same time. ( Currently my diploma is in the hospitality sector , thus , am very sure my starting pay won’t be more than what NS is able to pay me .)However , I’m not sure if the military life is right for me and right now my thinking is to Zao after the 5 yrs . Any regulars able to advice ?"
1e34bww_0,What is the EOS (enhanced officer scheme) and how does it work? . Is it once you signed on you can apply for the scheme?
j66hnsy_0,"If I'm not wrong, IPPT at HTA is for NSF and Regulars. However if your unit issues a recall order for IPPT, it will be done at HTA"
ul4gfx_0,"Rank design for enlistee ranks. Probably no one thinks about this, but this is just those 2am shower thoughts

I came from  uniformed group background (not NCC)  and have always wondered since sec school about the arcs design on top of the  lcp/cpl/cfc ranks that are only exclusive to enlisted men ranks, I remember ppl around me joked that they are umbrellas to shield from higher ranks lol 

As they are different from the rooftops of specialists, I wonder what was the thought process when the people on top came up with it 

Perhaps like to signify seniority but without virtue of command like the 2 arcs for CFC but they are not commanders"
iuuaf0l_0,Is 3rd November also guards mono?
i59xqy8_0,"Carehub means you sch v right? The Bison and Coyote OCs are pretty nice from my experience, I don't think he/she will stop you from seeing MO."
n2ueuzv_2,"Yes, the no big no small NSF 2LT can get the 38yr old MSG regular to knock it down, but good luck to the 2LT afterwards)

But again, context matters. If your admin spec 3SG powertrippin go cookhouse see people happy then he small pen island cannot take it, the people kena pump got every right to tell him to fuck off lel."
kfxmz6e_1,"Jokes aside I need to get the EXCUSE NONSENSE from MO, hopefully he gives me wish me luck. FORKING NS"
g6ng5sl_7,use this information to do you know what. and if you are the OES sergeant reading this.
htaccay_0,"And 10 cycle reservist (15 if you're commander)  

ICT + MUT + IPPT/RT + Vocation training(some selected) is not to be underestimated   

Nearing actually in-camp, most the higher commanders burn unpaid weekends to plan for it too"
fmyyhq_0,"Which unit am i going for my vocation in ns?. Hi all, im an STO (service transport operator), and right now im still in training and havent been posted to unit yet."
i7rntxa_4,3. NDU and Commando cannot ah unless you go sign on or sum shit.
gc8sn8u_0,"MEs are people who expertise in niche areas such as engineering, C4, medical systems etc. Take it as uniformed engineers/technicians working for the SAF."
j8vpa7l_0,"Hi OP, Currently im about to graduate uni but reading this post reminds me of my NS time. &amp;#x200B;

I was a spec in the navy and I was the lowest rank there (most of them are regulars), and there were times when I broke down like legit crying due to the stress and everything."
gq6cm81_0,"I suppose you can try, but most units would rather not. ( they will lose 1 ASA and someone will have to cover you until the new untrained ASA arrives) Maybe let your superiors know and see if there is anything that can be done."
go3wed8_1,"However, I do know that most regulars are not too particular about this, unless you're in a training institute. Examples: 


J H TAN -&gt; JOHN TAN



BECKER -&gt; JON BECKER"
k15vn36_0,"Source: Possibly a recent departure from regular service in the WOSpec Corps. Many regulars join up with the dream of serving in military leadership. These people are those who have that die-hard boner for soldiering (which, statistically speaking, is bound to occur to some extent in a population). Some however, also join up because they got nothing better to do with their life."
hk1bq1j_0,"no, unless you somehow get clearance"
e1y1hzl_0,"It's either an actual MP who wants to vent his sexual frustration after his gf kena potong jalan during BMT or some fucktard like the siao lang on MINDEF FB page who always want to charge everyone in the comment section. Pretty sure EVERYONE takes it off once they leave guardhouse, almost every regular who don't change into civi will usually just take off their smart 4 to drive in vest slack when leaving work."
pd5ak4_3,"Turning their heads when the female regulars pass by and calling them stupid nicknames like ""thick"" or ""melon girl"". What's sadder is that these guys already have women in their lives and yet are not satisfied."
lrcx8i2_0,"You will automatically be excused any vocations that involve the use of firearms. Rather, you will be placed into a new experimental vocation known as Swordsman, whereby you are trained in HEMA techniques to use a blade on the battlefield. This is the only way whereby a soldier in the SAF has the privilege of wielding a sword without having to go through OCS."
etvpmt5_0,Thought I was the only one. I have been using it for 7 years after Ord. So that's 9 years.
g21h3ue_0,"A lot more swearing. No fucking way your section mates all lim kopi like one family, more like everyone force prep or lie on bed stare at phone

The sergeants and commanders not so xiao on, they forget to mention they are usually NSF like you, but regulars generally more motivated."
ifmmv5e_4,"I believe the government, in a partnership with external insurance firm, can come up with a better insurance plans. They worked with AVIVA, I do not see why they cannot work more extensively with the current insurance firm to increase coverage since they ‘value’ army guys so much."
1bx0afx_0,feeling anxious due to camp. Superior start marking me I feel very tired.
kiq3odc_3,"I know not everyone shares the same feeling about BMT as I do but I am grateful for this blessing. I guess I have to learn how to enjoy the process and take things slowly, will be in there for another weekend anyways haha (confinement for field camp next weekend)  
  
Anyways this is just me shouting to the void, take care fellow NSF's! lets push through :)"
ccu7kti_4,"non-combat vocations that the army and even (if you're very lucky) air force needs

(I think you can tell from my flair which one I was posted to) 

Out of the 5 weeks at STC only 3 weeks will be spent on vocational training, most of which are not conducted at STC. STC itself is, frankly speaking, pretty awful."
ld54kt_0,Im only sec 4 but im genuinely scared about NS. How do i prepare myself mentally and physically?
fbonfad_0,Wanna support local? Put your eMart credits to good use and wear those SAF tees/singlets. Wear those top of the pile Commando and OCS ones like you are rocking Balenciagas.
kq88bfm_0,What’s the CAT clearance hierachy and the general vocations in each tier?
db0qvtq_0,"Felt like all my efforts during BMT was for nothing. When they were throwing their hats the next day at parade square, I was walking to jetty with my barang barang."
hwgnuao_2,"It depends on the manpower needs of the SAF. &gt; How about uni applications? I understand that it is university application period now, and you are likely to be encouraged to apply. Feel free to do so, most local universities (some like SIM do not) should reserve a spot for you until you complete your NS duties."
e0wndqz_0,"usually students, nsf who just ord and desperate for a job or aunties and uncles fall for this. im one of the naive nsf who just ord back then that fall for them."
fby26zy_7,"If you wanna keep your brain fresh, you can bring books in and read during what little admin time you have (your admin time depends on your PES status). For vocation, if you want to go all out, SOC and Oct are the most popular ones. Other popular vocations and generally the ones people go for are GRF (typical police officer), ProCom (patrol high-risk areas), TransCom (patrol mrt etc) and PCG. If you really don't want to go front line or shift duty, NSOSO/SA is popular as well because you follow office hours though the work you do may or may not be difficult/laborious depending on your unit."
kzd65sr_4,"Plus, who wants to be a spec and not an officer because you earn less and have a lower rank. Got a few people opt for preferring SCS but still go OCS."
mcvj9xf_0,"Bro don't think so much for now, just go for the appointment. They are doctors and they pledged to treat every patient professionally."
gvi3sru_0,Just sound off. They are paid to be burdened. What vocation sounds so scary??
kc44lvt_0,"Book online, once confirmed, head down. Not sure how early will guardroom allow you in, but within an hour before the conduct should be able to enter alr."
njjypct_2,"For more guidance check out [this tutorial post](https://www.reddit.com/r/ReadTheRulesApp/comments/1ie7fmv/tutorial_read_this_if_your_post_was_removed/) on the official r/ReadTheRulesApp subreddit. Thank you for understanding. Sincerely,    
u/read-the-rules

^(This is a bot message and replies will not be monitored)"
j764gf3_1,"War won't start on a nice Sunday afternoon where family are all together. We will get caught off guard, communication will likely be down, roads will be congested and  destroyed. families will be scattered in different locations..  Kids at school, mum and dad working in different location. how to run?"
ijkoyfy_1,Happy enlistment!!! At least you get to ORD on National Day 2 years later lol.
k457yzy_0,"Sorry, but your post was removed because it belongs
in either the enlistment or posting-orders megathread."
lm708su_2,"When I ROD(ORD now), I decided to sign on. During my stay in trainings, I will booked out on Wednesdays at 6pm and meet up with her for a couple of hours before booking in again at 10pm."
1g7eyry_22,"Need to do interview and stuff. MDC peeps who successfully enter MDC will first join ASA, before moving to MDC after vocation training end."
i1vm36f_0,"As a regular, I believe at the end of the day the ultimate goal would always be to put food on the table and a roof over your family's head. I might hate the job at times but I know that even if the economy is bad, I can still put food on the table for my family. Just my personal opinion tho"
e90g2c6_0,"Once my final exams are completed here, I plan on dedicating parts of each day to exercising and training for IPPT, and overall being prepared for NS. I definitely do not desire to be the best and enter a very tough vocation - such as Guards - but I just want to be physically fit and healthy (although 2 years in NS will already do that for you if you aren't already)

&gt;most of them regret coming back to serve NS because they’re already comfortable overseas and don’t intend to pursue a future in SG."
gs9cl5h_0,"Ditto that. Enlistees are under Enlistment Act and regulars are civil servants, they abide by the Instruction Manuals."
gghoz0j_3,2 weeks is long? Fk you understand go find better jobs la!
m4p0kaq_0,dont sabo your sectionmates
kanpcmj_0,That explains why current polder works at Tekong are done by HDB!
piae9i_2,"What are the chances of getting better vocations for B2 such as MP,Driver,Trooper or SPF? ( heard that these are better than the rest especially SPF) compared to the rest."
e6nqqz0_0,Was feeling down as I still have 3 months to ORD. But I feel better now thanks m8 :)
n9rscj_3,My eyesight is 125-150 degrees. Will that be a hinder?
goy03yc_0,To afford the electorate greater accountability and transparency? How about we start justifying first why CDC mayors are paid so highly when their function is already so diffused to the point where it can be a part time vocation?
dm0kam3_0,why the guy in the 9pm show not regular in SAF but somehow is in ICT often enough that it affects his relationship with his wife ah
h337yxi_0,"Should be MMRC, ratio to trainee here quite low unless other plt sgts help out"
id599nz_3,"During your semester breaks you will be on vacation attachment (come back to serve)

6. As a C4X you will be a ME4 and not a captain. different rank schemes

[https://www.mindef.gov.sg/oms/c4i/vocations.html](https://www.mindef.gov.sg/oms/c4i/vocations.html)"
kjxbxrk_1,"Don’t listen to your instructor because sometimes they can also dumb af. Imagine if your officers ask you where your helmet and webbing go, you say your instructor told you to throw away. You gonna be in deep shit."
k7q9hp_2,"Wanna hear some opinions. And also, which combat fit vocation usually more slack ah"
h907dmq_0,"Yup I do agree especially I have seen both sides of the fence. Without TO and storeman, they will be no food and water for the outfield guys liao LOLOL. Back in my days, the encik tester also damn jialat but luckily for me I kena one that was quite kind and passed me on the first try of my driving test"
mhprn79_0,Yep but what even is that this is so unexpected
k637sz0_0,yes. just stay there and don't come here and waste a slot in NS. just pray that for whatever reason your flight doesn't transit here
jjl7y53_0,Why your encik so sick
m88x30_1,"I have been posted to PES B4, and I was wondering if anyone here could share more about their experience in this PES! I know there is an article covering just this, but I'm hoping to find out more about the day-to-day experience as well as more updated experiences in general."
ldrai5_0,"which oct rank should i wear?. Hi everyone, recently just signed on w RSAF AWO and about to enter OCS soon."
jijf3cu_1,Then sit back down eat popcorn. It feel much more better
jdr8o1s_1,I was immediately referred and I saw the specialist within 1-2 months. Did the appropriate tests and got a proper diagnosis.
jl53p14_1,"You can start off by doing 6 x 500m <2:15, and as time goes by, you can drop the timing to maybe 1:50. Do this twice a week."
j2h1t25_1,Alot of these guys are just people who cannot get anywhere in life outside of the army. In camp they are king so they abuse their powers.
g5kdgya_1,"We just need to turtle it out and only open our borders to other countries as soon as they contained the spread of the virus in their country. One way or another, the virus situation in the US will subside in due time."
rdzo39_0,"Technician @ 6DA BN Chong Pang Camp what to expect. 6 DA BN @ Chong Pang Camp

just finish training at oes anybody can tell me life at cpc 6da bn as a technician? thanks!"
1ews6ia_0,Sign-On Requirements and After Sign-On?
jndrr52_2,"Worst punishment I had to dish was waste their Admin time in smart 4 after dinner, then force them to pull down long4 before go up to practice folding smart 4 more. My 2nd batch more like annoying kids."
lst0iif_0,Oof looks there's no escape even though you are pes F
e0oynhn_0,It’s a vocation that’s typically given to pes E personnel
vgsktm_0,"7th Singapore Infantry Brigade. Hey just wandering, is the all-regular unit, ADF a part of 7 SIB?"
lboz26p_1,"but this will also depend on your vocation when you transit to pro term. as compared to OCS, SCS has it way easier, and yes, grants you more time out of camp over the weekends."
df1i833_3,"PT training is usually a lot of running and the usual IPPT/SOC training. 48 also gets two or three overseas exercises - not sure if Matilda (Aus) is still running, but that one was quite okay."
ggz155a_0,"One thing I learnt when u told to clean fans ,use dry wipes and remove the dusy and not wash it. It alot easier."
i3n8d43_2,"After gcc i think guards is pretty much similar to other infantry in terms of regular day stuff, except idk how to really explain it but there is an inbuilt semi-ptsd that keeps you on your feet. Like even now when i hear the total defence siren my heart speeds up for a brief momment hahaha."
jcwfo2_5,I'm not even the type of guy to get angry easily but this guy is an exception. Regularly mocks me between him and one guy but i brush this one off because it seems extremely immature and it shouldn't hurt me because he's using me as an ego boost.
idtek2p_0,I personally learn't to cherish my outside friends and family way more. Never missed the people around me until I was in the thick of it in BMT.
j8qmvkk_1,"Of course, not all regulars are doing this, but i can assure you NSF officer and regular officer don't do exactly the same thing. That is at least by default, unless the regular officer isn't doing his/her job. If you don't know what is happening and merely seeing it from an outside view, then stfu"
hnmts5m_0,"I know ur post is old, but do u think u could explain the differences between hq/division/station etc?"
ily33qn_0,Naval chef/ nsfs at horsborough(?) lighthouse
kjcri83_0,"Grass is always greener on the other side, regulars almost convinced me to STC 🚩"
1e771bg_0,"Irregular heartbeat check up procedure. Hi, I was previously given a notice for irregular heartbeat but never had a specialist check up. If I want to get a specialist check up, do I report to MO to get a referral for specialist or do I just go to any heart specialist clinic and do the check-up, than send the bill to OneNS?"
g131s5p_0,"Just a random thought: While it is inevitable that they have to go through BMT, would it help if they were posted to be PTIs after BMT? Then they may get to tailor their own training regimen, which might help them to maintain at least their fitness, if not the swimming technique?"
i9btfol_0,hi may i know what will happen during the process of applying for hdb for a pes f citizen?
hzftz2o_0,"Nah, we are different vocations so the equipment may vary. Have you heard of the PANTES set?"
tv3ld5_0,Admin tee and pt attire after POP. Was wondering after POP can we still use our admin tee and pants and pt attire once we enter our vocations or is there a new set of admin tee and pt attite we need to adopt
hyclcyv_1,"* Also, my vocation has no evaluation and hence no roadmap; every ICT is intense refreshing of what an 18yo does but in an aging, unfit body. Definitely the faster, the better."
jzs2uun_0,"Hi everyone, I recently got posted to the Security Trooper (CBT) vocation. I was wondering how is it like inside this vocation?"
mu5crk3_0,Does anyone know where exactly is the NS Fit at Punggol Park? Urgent.
gg8imy9_0,"i think we should make DOYU (depends on your unit) a thing because its basically the answer to most of the questions on this sub. yes, you have to tell your unit that you up PES because they will find out sooner or later anyway."
1lqqh88_6,wtf u want me do brooo. how tf do you even ck a mri and ct scan.
fnopok8_0,"I don't think this is true for everyone, when it first came out, our OC just told us to download it if we want and uninstall it at the end of reservist. Nobody did and we didn't have to rate it either."
j5ofjyc_1,"Idk what are LIFE activities, but you can go on with your regular life outside without issues, and you will still be able to participate in PT sessions unless you have any other excuses (e.g upper/lower limb/RMJ)..

For Shaving head, unless you got ex haircut, you gotta shave. Iirc land deployability (Lx) codes were phased out some time ago,"
lyphr0c_0,Can sign on as SPF sergeant too. Don't need to go SPF OCS
ly51ti9_0,"Hey NSGF (LDR) here, my boyfriend is not in officer but I can say that as long as any guy is enlisted into NS it can really just be mentally tiring, draining and exhausted for them. My boyfriend is an introvert and he is someone that needs space as well & doesn't communicate very well but he is getting better at it right now so I am proud of him for that, when my boyfriend comes home on the weekends all he does is sleep, it is not because he dont wanna spend time with me its just that NS is something most of the guy's dont wanna go thru because some people face people who treats them poorly, some guy's face bullies in camp or other stuff like getting extra punishments when it isnt their fault."
invkquf_0,Don’t have to rush to buy it. Go in first and make sure.
gs9ip4s_1,"So plus your school + BMT + OCS, it would already exceed the validity date. so maybe apply when youre in sem 3.2 or in bmt? why not try applying for other vocations also?"
q96fxn_1,Just ended 2nd week at BMTC School V and are under SHRO. We have 4 weeks of BMT + 5 weeks of Vocation Training. Does SHRO apply to vocation training too?
lnnk9sf_4,"To SAF, your safety is their top priority so do not hesitate to do what is necessary to protect your life. Don’t overthink the situation as I truly believe that there is definitely a way out and please don’t take your life as it is so precious."
m5alvj6_0,"it's u r gg to do NS mah  
not your lao peh leh  
20+ years ago aka 老兵。 think u now have luxury to indicate the vocation choices right? your vocation choices + your PES status (and perhaps supplemented info when they screen checks) => determine or narrow down the vocations u can do  
and if they find any sus info from prelim bckgrd checks, then u can forget abt gg to those sensitive units no matter how kilat your PES status is"
d2wv7wn_0,"Yes. Don't know the details, but my friend went from C9 to a combat vocation and even went to SCS after"
e2jrj1a_1,"furthermore, Ns actively stops the best players from practicing their instruments. Many seek loopholes to become clerks and whatnot, even resorting to light briberies in order to compensate but often it's not enough."
ln7z3nv_0,What are some reasons for OOC without downpes?
hxykzam_0,Wa u want psycho me into gds is it?
kia6ks0_2,"As for your parents.. That can be potentially difficult, I understand. Perhaps this is something you can discuss further with your specialist on how to tackle."
1mssxcz_0,"Mission Order: Coy Exercise “Castle Clash”. The company moved out at H-hour, and the battlefield stretched before us in the shape of an arena, marked by bridges and towers."
fy0slya_0,Best to shave. Wouldn’t want them to reschedule you again just to have a pic taken
dhjehq6_1,"You will not need to exert overmuch as you will have signed on and been ""marked"" for OCS. However, you will still need to go through Basic Training &amp; OCS but you won't really get ""tekan'ed"" as much. The govt needs to show that it has females in the armed forces so you will tend to gain exposure (and therefore have ""fame"") to rise in ranks."
fiv47p_0,"SCS. Hi, will be enlisting soon and I'm interested to go for scs. What are the requirements for scs, must you have very good scores/gpa because my gpa is really bad but I'm willing to become a spec, must i wayang abit and perform well in all the tests? sit/ippt/live firing and all"
ne4hpjo_0,"If you really know then you will also know that SVP is a dirty word because of the potential audit issues and the fact that you still have to obtain three quotes, and all the associated pre and post paperwork. There is simply no point to it."
k1deww_0,Anyone knows what are some vocations that PES B2 folks will end up in?
ngz1atl_0,"Yes..  My friend application took close to 6++ months, and he applied before he ORD, went to uni for study, then around 6 months into his study they start processing his contract..  his took longer maybe is because he need to sit for some scholarship interview..  and involves studies sponsors also, so, once after he sign the offer, mindef reimburse him the school fee he paid and later took over paying his school fee..  and this friend has since graduate and now start serving his bond as a regular officer and doing sai kang while waiting for his course to start in Jan 2026. From my limited knowledge..  No news is good news..  and rejection usually comes early, maybe max 2 months? but thing can be different nowadays, but still, no news is good news."
jw6o7rk_3,"Trust me, it’s not the worst. Persevere and see for yourself. Good luck"
m6c3995_0,"Without speaking to all the regulars in the SAF, I won’t know for sure. But what I can tell you is that regulars are human, just like NSFs. Just like every other demographic, regulars get their share of egoistical, uncaring, idiotic, merciless ones, etc. There are also nice, caring ones who know their shit."
hr2otko_2,"Power bank, you can bring in as many as you want, but usually 60K is enough. Do not bring in illegal items like vape and you should be okay to go. Also, don’t bring in too much redundant stuff because you will need to bring it home."
n08x2on_0,"just know that most of your admin time is going to be spent ironing your uniform or polishing your boots. But other than that, some firefighting lessons, some footdrills and talks are the bulk of what you will do."
jbx12e5_0,Bro chill. Stop overthinking
na67h62_2,"For more guidance check out [this tutorial post](https://www.reddit.com/r/ReadTheRulesApp/comments/1ie7fmv/tutorial_read_this_if_your_post_was_removed/) on the official r/ReadTheRulesApp subreddit. Thank you for understanding. Sincerely,    
u/read-the-rules

^(This is a bot message and replies will not be monitored)"
gnjc7ip_0,you have to cut it out and sew it onto the sleeve of the uniform
13i6vyx_0,"Will height affect candidacy/choice for a more suited vocation after bmt?. ## Context

I’m fairly tall at 1.85m.

##Worries

One of the things I’m worried about is being posted to infantry."
khtc65s_0,Ur MO is not wrong coz he might think that you have severe eating disorders. Pls go for your appt thanks.
hue1hf2_0,Don't remember having that. Perhaps you can go to a career or life coach instead. National Service doesn't include job-seeking services.
ivxp5y8_0,ayo I won't tell if you won't tell
jctyd8u_0,"Yes you can (and should be allowed) to downpes at any time of your service is your condition deems fit...

BUT unit regulars are usually more interested in their promotion/career progression than your physical/mental health so they may make it very difficult for you to downpes (cancelling your MCs/restricting RSO/even outright wrangling with the MO to downgrade your excuses). So yeah technically possible, practically difficult unless your OC is the rare breed of regulars."
ip57j3k_0,But if I end up in infantry then do I down pes then ??? Because I can’t choose my vocations right ?
ggcz29x_0,"Earphones are definitely allowed outside of camp. Just take them off when booking in and when inside the camp itself. Technically headphones aren't allowed outside of camp, but I have not heard of cases where people are reprimanded for it."
1lsynqo_1,"it’s not like we’re close or talk a lot or anything but the fact that now he’s not chronically online makes me feel like something is missing. like i don’t wanna ask about him how he’s doing either until he reaches out to me, also because i don’t wanna bother him. he enlisted last wed (do what you may with that info), or maybe someone who’s in that batch can let me know how are y’all doing or something idk."
nrej5vl_0,"same same but i heard E9 is not liable for reservist but C9 is. Source: Im C9 my ASA buddy is E9 (he was told this by his MO after getting it)

But it may differ across formations, im from SAF MES"
gjo2173_0,Yes SOC is a veto in pro-term in OCS. You cannot commission if you fail SOC.
iyhglk0_4,I went to a chill place while waiting for a recourse and thats where i meet a new nutcase. An NSF like me Dude was really annoying.
1l3sex1_1,"**Background:**

Current NUS y1 CS. Am quite worried to graduate in a volatile tech sector with mass layoffs."
lbeps0y_0,"i’m going in as C2 next week, read from past threads kranji don’t have wall charger. best to bring powerbanks."
j4scs4y_0,I see no one on Reddit charged yet
him9cxp_5,"- Additional Vocation pay 

The only downside to unit is your bookouts are only after 5pm technically. Anything before 5 requires EFO, although I always bookout 2-3pm every week :)

Give it some time."
x4xldu_0,What kind of vocations can NSF do after POP in Air Force?
n9ngqex_7,It was a privilege only given if we achieved something. SCC also has nights out.
r77m5h_1,"Just kinda curious on your experiences on being a Tekong recoursee, how was it? What was your vocation/ command school?"
19aiiwa_1,I have excuse RMJ and excuse vocations requiring colour recognition. Thanks!
h9z2rmc_0,Just do your best. Also gt ppl fail all 3 ippt too. Dun think so much.
ngf16if_4,It is NOT easy. any other qns u can ask me also! - a recently commissioned awo
flj1eei_0,Encik says is more powerful than science. Hard truths.
2zoq5o_0,Any tips on a NS in SCDF?. Just got my enlistment letter from the SCDF.
1md4ozq_0,putting yes for recce for vocation interest form.. currently in scs found term gg to proterm next week and as said in the text ive made a mistake by ticking yes for combat intelligence as i thought it was smth else and though i resubmitted the form. ive thought about it for a while and if i go there ik for a fact that my condition will make me unable to survive there.
1gn3g0u_1,"Started smoking socially as a way to network and make connections, but now I hate that I’m dependent on it to focus/get through the day. Would very much like to quit."
g98gl3i_0,"If you like a vocation with little physical activity, imo scdf watchroom operator is the most desirable. You get to sit in an air con room for 24 hrs straight, and you can use your phone when there are no fire/medical calls/admin work to do (which is most of the time)."
gva7cds_0,"Hey so as long as you have a place in uni, what friends of mine did was primarily just “cold call” firms in their industries by emailing or getting in touch. Polish up your CV and resumé now while you’re still in NS, try and get some references (it’s all you have), and see if you can do any external courses while you’re still inside."
ja2jvtb_0,I’m alr in unit which is related to a combat support vocation so where do I go ?
e9eahsd_0,Why not just go to the emart to buy with credits instead of paying cash?
krforhy_0,"Maybe integrated shield plan plus other insurance, paid for the next 10 years after ORD."
ncogwlp_0,"Just apply if you want to defer, but in your case probably not guaranteed."
18deko4_1,Wheel or track what unit or camp can be posted to and stay out or not? And are there any outfields? Thank you un advance:)
i9ahd0s_0,i hope thats the case...
l2crrfx_0,No idea bout that. Are u an nsf? Or a regular
lnkjmcn_0,"Yes… but u gotta continuously improve and work your way too. But from JC, it will be difficult for u to get in, unless you have some exceptional skills to begin with."
drc5qow_0,"Chemical biological radiological, basically it's at Seletar camp (from my knowledge i ord'ed 1 year ago) it's pretty cool as a vocation, you'll be on NTM tho. Notice to move. Your NTM is 10 mins I believe, means on weekends you can't book out, only when you're on duty!"
ljqgwx3_0,Agreed. Esp those who hate regimental environment does not suit to sign on and i am one of those.
epsr5ek_0,"If you really want can still apply for SPF, while awaiting results you have to enlist in SAF tekong first. Once result come out and you get selected they will pull you out once you POP and enlist to HTA."
g9aoxiq_0,"Left 2 more months to get out, hahaha best part is I'm a regular hahaha. I had enough of this place we call Saf."
kfyruuh_1,"Which is why some commenter suggest only doing your prayer during ""admin time"". Also, note that it's very personal."
fmhxj45_2,U r keeping them safe. Need listening ear can discord us at our discord channel or pm me
f8saqsu_0,"my side got one guy kena extended ORD (willing or coerced idk). he went into DB, but quite sure his DB isnt 3 months long."
mt4jpmt_0,"word of advice... if you have already ord, continue with your next phase of life and don't think about going back to the army. Since you've a bad experience in bmt, you definitely would not enjoy regular life, you think it'll not be as toxic as your bmt?"
dikzzx2_0,"It's an outdated list. If you're heading to tekong any phone is fine, just don't bring a tablet with you."
g97pcpf_0,"Battalion shag, med ctr/bcs medic more shiok. Try to lower your expectations tho in case you get some other vocation, no one really knows how the posting really works."
iror9zp_8,"They are the ones with a badge on the right side of their chest. [ https://cdn.shopify.com/s/files/1/0269/6193/6451/products/Capture2021-07-0912.04.38\_1024x1024.jpg?v=1625804278](https://cdn.shopify.com/s/files/1/0269/6193/6451/products/Capture2021-07-0912.04.38_1024x1024.jpg?v=1625804278)  
  
2."
furzhr7_0,"Wtf, which clinic/ hospital?"
e24jd1o_0,bmt already survive 8 day outfield with 4 set now confirm still can de
fzezf3z_1,"I would like to also clarify the misconception that PES B2 cannot go command school. Unless you are referring to OCS, pes b2 allows you to enter certain vocations such as Airforce Technician/ Transport or Supply Supervisor that grants you a 3SG rank."
jr9p4ay_1,"Today, there are lots of officer who signed on without degree. There are WOSPECs who are degree holder."
iykshkz_0,Gd luck bro but see u in plc im going scs
mfr83d0_0,Regulars are usually known to be free outside camp
l0bhn3n_0,"Thats the funny thing, ns.sg doesnt show rank, vocation or unit. Not very helpful tbh."
hx55l47_0,I don't have a brain and will enlist later in the year should I be worried?
jh93w42_10,"If it shows otherwise, there is no point in accusing your doctors because they were working within established guidelines and professionally they have done nothing wrong, unless you are able to prooof beyond reasonable doubt that they have been negligent in manageing your condition. Otherwise you might even create more problems for yourself."
jn85ba4_0,"I personally know 2 gay and 1 nb regulars, of whom 2 are commandos, so lmao check your bias"
gpmc1g8_0,"Doesn't matter at this point what vocations there are because you don't have a choice in that matter. The only thing you can influence is whether you can be a specialist or officer, and that really depends on your fitness, your general behaviour around people and how garang you are. For example, even if you're overweight, which means there's almost 0% chance of going to OCS, you can still become a sgt by being the most garang recruit on the island."
iez359_0,Should I change vocation in SPF
jalzfhi_0,"Congrats from a guy from the 04/10 intake (2nd batch to march to and POP at Marina Bay)

Nice to see they've brought the mainland march back."
i1j6lb8_0,If you have a degree or degree placement and wants to sign on via the Enhanced Officer Scheme you definitely have a high chance in entering OCS.
ur9qf5_0,Queries to clerical work.. Are NSFs even supposed to handle matters that concerns money? Heard from some regulars that we should not be but I’m not 100% sure about it.
j2ly9a8_0,HomeTeam Guys literally work side by side with regulars after they POP. They should atleast give them almost the same pay as their regulars...
f9mnf5a_0,"https://www.reddit.com/r/singapore/comments/4wkknv


https://www.reddit.com/r/singapore/comments/ac4z2l

firstly, would advise you to read the above mentioned posts as they are quite good and informative

i enlisted last april into scdf as a jc student just like you, when evey guy in my class when to tekong, only one friend and me went to scdf, obviously i also was like you as there is a huge stigma when enlisting jnto scdf, there was a running joke that scdf doesnt have a mono intake cuz scdf itself was a mono intake, but dont worry now january and april batch is jc batch which means 80% of people would be from jc, i couldnt relate at all to my saf friends and they cfm will say"" wah scdf so lepak"", just ignoe them, fyi my friend who enlisted into scdf also went for the commando va but he rejected it

assuming you passed ippt and are in good physical shape especially since you were selected for commando va, your 1 month of recruit life is nothing lol, just lepak, it has no indication into what vocation you will get, 85% of pes fit ppl will be posted to BFFT,  which stands for basic firefighter training for 4 weeks, split  into 5/6 different rotas, which is going to be pretty shag ngl but since you are fit, just control your mental game, after 4 weeks of bfft you either go thru another 7 weeks of ffc or 19weeks of scc( sgt course) depending on how ""kilat"" you are in your bfft, i put kilat on inverted commas because some rotas send their worst ppl to get rid of em and some rotas send their best ppl, so your luck

dont worry about recruit life legit, its fkin lepak compared to saf bmt, but once you crossover to cda(compound beside nsti) den you will feel the shagness. anyway you will have  a chance to work in fire station helping singapore on your duty days, ans you work 1 day get 2 day off, not even admins get this privelege. so go in with an open mind, do your best if you wanna become sgt if not just do your training and fk off, all the best 👍"
iu7w5gr_0,"Omfg, do you understand what is an experiment? I said it a few times. For fuck sake, look up the meaning of it"
f7rzwlm_1,Theres nothing to record from just a chat session with a recruit. :) Unless they refer you to an actual psychiatrist or something there shouldn't be a record that'll affect anything in your future. Hope it helps and all the best!
gyan234_0,"Personally I prefer using the token as I agree it’s so much more convenient. I can just take it out of my pocket and check in without wasting time standing there while trying to unlock my phone and scanning the QR code on the app. However there were places that didn’t have the device scanners so I had to use the TraceTogether app, like the ActiveSG gyms for example before they were closed. A good feature about the app though is it lets you remember a location under favourites so you can “pre check in” without needing to scan the code, and you can check in for multiple people like family members if you have their NRIC info inside the app. I would say just download the app as there might still be places where they won’t have the safe entry device to scan the tokens and the token also roughly has a 6 months battery life. I was using the app already before I was issued the token and during my ICT last year, we were informed beforehand that checking in via the Trace Together app was mandatory and check ins via our internet browsers will not be accepted."
hvszm3v_1,"I not yet seen or heard of a PR going to other vocations from OCS. I've heard of a PR who got to OCS, and signed on after getting citizenship. Changed vocation from Infantry (he was a BMT PC) to his preferred vocation"
hvu5dg0_0,starting uni at 20 isnt an issue for us NSFs but its the fact that our female counterparts start uni at 19 and the job sector views being older in the workforce as a bad thing
9lx7oi_0,[NS] What freedom will I have in selecting vocation?. Just got my enlistment date for 5 Jan 2019 to SAF. Someone told me that it's probably going to be infantry for me but I was curious about how much choice I'll be given after BMT to select a vocation.
lfrwlrj_0,Worked part time after ORD and 100 hours of regular pay + 5 hours of overtime pay was equivalent to my monthly NS allowance
l0pqu1q_0,Its actually a pivotal point where ur boy becomes a man
wzar40_0,Falling out from trainings in unit. what happens if i keep falling out for trainings/courses in my unit due to medical reasons but was unable to get a pes down because it is not considered 'severe' in the MO books but it affects my day to day life? will i eventually downpes if i keep falling out?
m77319q_0,thought ultimately to say yes-no to the deferment request will still be with the unit CO or the Bde Comd \[if its a bde hq ICT\]?
jkepnww_0,"My opinion, really questionable whether you can clear the security clearance required for officer regulars, even more so for a high clearance unit like DIS. Factors are probably if your family members are govt officials or in public service too."
hn8ejgj_1,Nurse back your health then sign on. Better for you and everyone.
jp3sd14_0,i feel it's btr to sign on after graduation. the min no.
j7u0za5_0,This guy thinks he can choose vocation
iq3umcr_0,The way you type can sign on wospec alr
dgzezxg_0,"Alot of your work is going to be office work in the army as a regular though. It's not just outfield all the time, especially as you go up the ranks."
jppz4yz_0,"is it possible to sign on as a poly grad first, gain exp with SAF and apply for SIT naval architecture and marine engineering after? or i have to complete the full bond."
1d0v581_6,"Beyond getting all the undesirable tasks (sleeping in watchroom, buy food for everyone, terrible sentry duty times) as well as the worst drills is there anything else that I should take note of? Honestly I don't mind physical exertion or getting tekan for not doing my job, or having to do more during my boy period - after all, that is what I should do."
i093jpk_0,"Luckily throughout my regular (4 years) plus 10 years reservist, I only had 1x decomposed body incident. 1 week old."
ksba6xy_1,"Not to mention half assing 4km run, just walk 1km can liao. Generally during my unit we could order in almost every week if we just asked for it and nights out was every alternate week."
i529h3m_0,"tell your unit dont talk cock. [https://www.cmpb.gov.sg/web/portal/cmpb/home/life-in-ns/saf/service-benefits-and-welfare/medical-and-dental-benefits](https://www.cmpb.gov.sg/web/portal/cmpb/home/life-in-ns/saf/service-benefits-and-welfare/medical-and-dental-benefits)

&amp;#x200B;

Private clinics and hospitals  
  
Maximum reimbursement of $20 per visit. This is subject to a limit of $350 per calendar year."
puzk8m_0,Possible to amend G50 form after submitting?. Need to do a G50 form which determines my unit after basic vocation training.
graxr87_0,do u know any where i can applyfor gomo physically?
h3bn4y3_4,"This might be big words to a 18/20 year old. In simplicity, stay true to yourself and your values."
jw2y5yb_0,"Good question. I am planning to extract also since it is covered under 11b and like, free mc but I'd like to know what others think as well."
ysuotq_0,PES B4 + perm excuse colour recognition. Which vocations can I get?. So I'm about to POP on 26th Nov and I'm wondering about which vocations I can get. Anyone here who POP'd with the same/similar statuses can let me know which vocations did you get?
jucm7dp_0,Must have feel proud throwing yoir work to others.
i6jljwt_0,"From my experience in 04/21 B3/B4 BMT, your life will be damn shiok compared to others especially those mono intake. Never once was i knocked down in my entire tekong stay. At most was scoldings."
iimp197_0,"Agreed. The times spent with bunk mates just getting fit and chilling out were the best times in saf for me. By the time we hit high keys, everyone was bonded and helped each other through the rough times."
hqsczl9_0,"If you survived grenade, gun and encik blast, thunder is nothing."
kqu2jit_0,Free food. Free pyjamas.
los5t5s_1,"EOS values degrees a lot more than not having one will severely handicap your rank progression, so even if you do not have one, they will pressure you to get one. As another commentor mentioned, there isnt a recruitment bonus for EOS holders, since your income ceiling is much higher. But worry not, with regular salary, you will reach a similar amount in less than a year."
jte013p_0,sorry u feel this way but just bc u had a rough time in bmt doesn’t mean u shld discourage others from trying to pass their ippt tho? also i’m pretty sure they would expect u to be as fit as u were when u passed ur ippt when u enlist so if u had been slacking after u passed and stopped training its on u…
n9bavn0_2,"on the other hand, my fellow officer batchmates were mocked because they abused power. they pushed others mentally, talk down the men (even though they were year 2 men with much more coordinative experience) and there was once one of them shouted at our csm for a few missing stores."
j7pik8v_0,Bro looks like this emoji 🤓
s56dp5_1,"In my letter it has been stated that i have to enlist at BMTC HQ and I know its SAF. I just want to check if there are possibilities  to be transferred to SPF or other vocations after the enlistment. If any recruits have the desire to become a police officer or fire fighter , would  they be able to crossover to other vocations after their bmt?"
lahsrvh_0,"The fittest guy I know personally, ippt 100 pointer, has high cholesterol. Bruh like that me how..."
cuf0otf_2,"If, on the night of the 11th, WP win a majority, things are still going to be pretty much the way they are, and *you're still going to have no say in national issues*. We don't hold referendums. We're probably not going to hold referendums."
nvooi0l_1,* **Submit your acknowledgement** by clicking the 'Read The Rules' option in the main menu of the subreddit or the menu of any comment/post in the sub. Once you’re done you can try submitting your post again.
kho2soj_7,This is what it means to be a combatant in the environment where everyone left and down-pesed. It was painful to see the rest chill in office as ASAs while you are struggling terribly out in the field.
1dnyn1u_0,Items to bring in for CDO. What should I bring in other than things stated in the recommended packing list? Am I allowed to bring in Fish Oil & Protein Bars/ Tidbits?
geodtsi_0,Any reason why y'all did 3 packs? I did 5 packs before but it was because there was some incidents that year.
hdf51z5_0,"If you really want SAF, then sign on before your NS. You should be able to get a deferment until after your A Levels."
jhi9jwo_0,"Being made to run IPPT in moderate rain with strangely no CAT 1. In that same morning when we March back to coyline, we took the long way around the parade square to exit from it while also in the rain"
q8pk4g_5,"I can the sense of joy on my sgt as he leaves the island and the look of horror as he does guard duty. It gives me respect to know he to is under the suffering of the island, we are all at different levels of the social structure but all in pain only when we book out and see the reason, our family and friends do understand that this is all""

\- school 1 recroot"
nglvih1_0,What condition do you have?
1fflghc_0,"ASA in Sungei Gedong HQ Armour. I would like to know if the shuttle bus is free to CCK MRT, how is the culture there, what to take note."
jbnf0n0_0,"I suppose it also depends on what branch, and what unit u r in. In my case, in Basic only instructors and regulars could punish. and in unit only regulars could punish."
l7hhg9g_0,Every stn is a good stn :)
miz7i7l_2,"I think after sign on then you'll do it. So if you really want SPF. Just enlist first, up PES then apply to sign on."
17182vv_0,"I made a SPF NS vocations guide for anyone that'll be enlisting soon, it might be helpful to you so do give it a watch! :). https://youtu.be/DjJsSlfRGNU"
n6guw6u_0,"What to bring when enlisting? In addition to the packing list provided, what should i still bring?"
jq78lir_2,This is my experience in RSAF . You might be posted here.
nwnuawr_6,"There're a few more open houses next year (typically close to nationally significant days or graduation days) so definitely check those out! If you can at least enjoy a conversation with the regulars around the booth, it's a good sign."
enf5rdp_0,"Not necessarily, even if he successfully gets PR, according to [this application form](https://www.ica.gov.sg/docs/default-source/ica/forms/forms_explanatory_notes_and_document_list_%28for_spouse_with_or_without_accompanying_child(ren%29%29.pdf) and the [Becoming a Permanent Resident page](https://www.ica.gov.sg/apply/PR/apply_PR_who). Look at point 12:
&gt; Under the Enlistment Act, all male Singapore Citizens and Permanent Residents, unless exempted [Footnote 1] are required to serve National Service (NS)

Footnote 1 says:
&gt; Male applicants who are granted PR status under the Professionals/Technical Personnel and Skilled Workers Scheme or the Investor Scheme are exempted from NS. So I don't think so, unless ICA instantly exempts every 1st generation PR or that Korean dude applies under those schemes."
hx5wbvf_0,Hi i just began my bmt as a pes e9 can i ask what should i do to i be able to become an admin spec assuming i get asa vocation
gfdn6ll_0,bring charger cos can charge
cuy074n_0,"It depends on your PES status and vocation after passing BMT. If you're going to be a stay-out clerk, then it's reasonable to conclude that BMT is the toughest period of your service. On the other hand, if you are posted to Infantry units, Commandos, Ranger units etc, then those would be much tougher than BMT."
mbhojf_0,Book out timing for excuse stay in recourse
jt9y80_2,"Regardless, I still want to give this tour my all and be the best PC I can be - after all, NS to me has always been about the people, and how I can make a positive influence in their lives. In OCS, we are always taught the “ideals” of leadership, but more often than not, it is difficult to translate these ideals into actionable steps."
r0uvwo_0,"Do I still have a chance to join the Commandos?. So I will be enlisting in the army next year, and it has always been my goal to join the commandos."
eetdhgu_0,"Your superiors may not like it, but your mates will appreciate it. A few years back, my reservist unit was going for CQB with live rounds, and nobody bothered to ask how many guys were actually qualified on the SAR21 because some missed the live range."
1hd6dvv_1,"It tells me to bring a set of civvie, camera handphone and all SAF items. I'd like to know what to expect from this vocation please 🙏🏼"
jgv6h1q_0,"Normally u get posted out, then the last few months of ur ns term u will then go for Re-bmt"
hdbc4b8_0,wait for ur encik to say “wake up ur idea gennermen”
mnqe0zr_0,"Wow it was still there during late 2023 

Went there like a month ago to do my licence, was wondering why auntie close so early 

Was gonna buy ice cream for refresher but I saw pandian there ,I just u turn then zhao"
ilro12e_0,"Wanted to stay as SCS Trainer

Kena fuck 7 SIB Pathfinders."
f0sxze6_0,I am asking for guidance and not immediately sign on. I am still planning my way and asking for guidance which your is clearly not.
immbqg1_1,"But that just shows how unconfident SG doctors are compared to their US counterparts. ( BTW, in USA, doctors who give wrong diagnoses are liable to be sued for tons of $$ and lose their entire career, unlike SG) 

On this note, I would totally support Cleveland expanding into SG — I bet they’d take away 25% of MOHH’s business."
lnpft4k_0,Why not sign on before you enlisted?
jzxqki_0,"How to get into Police SOC,STAR? And any other vocations somewhat similar to them?. I'm looking forward to joining these kind of vocations as we get to learn a lot of things exclusive to them only, among other reasons."
h7eyzfl_3,All the best. Why would you even go out during a mc though?
1cqplok_0,"PCC therapist? i dont rlly know what it is really called just need serious help.. Basically, Its definitely not the PCC MO as the person doesnt have the power to give mc only a time sheet but this person isnt helping me very much and instead makes me feel worse about myself for who i actually am."
krempjx_1,"My son is finishing A levels this year and haven’t received an enlistment date. Still Pes D. 

If majority of people get enlisted in Jan then I won’t take that chance."
nhgoskw_1,"Her mate who’s not a signed on regular reported her. Got charged with sol when we all came back, charged under training disruption"
gg2shwp_0,"help la wish we could swap vocations 
got thrown to command sch against my wishes"
lt0wwg7_0,"If you pass an IPPT (can be self-booked or ICT-IPPT), you can exit the mandatory NS FIT program once the results are updated in the system. Same for regular NS FIT. Passing is the end-goal anyway; they are happy to see you pass and will discharge you from your NS FIT program."
id0jnvc_0,You may however reroll your chances should you successfully defer. Why though the green over blue?
hvj4s42_0,A door closes another door opens. If they pes f you twice means something doesn't work out with relation to your health vs the demands of being a regular.
n1s7s2s_1,"Since u got such an issue with the word stop giving it attention. Words only offend when u let it offend you,"
kssav2f_0,>transferable in the real world. Literal codeword for S1 Branch clerk vocation cos muh excel vba
j1ubccj_0,"nope, there are tones of people driving in and out of PLC including NS men. Moreover regulars just want to do their 8-5 and fo of camp."
lom9p46_0,"Maybe many regulars for your batch, so no quota left."
gqoaidw_0,"Food is better than BMT unless you came from school 4. However, you can bring in whatever snacks you want, and can probably use the snack/drinks vending machines."
imaiiwo_0,"Non-regular can reach (NS)MAJ rank ah, but would happen during reservist + ROVER, depending on estab rank"
inqk5ki_0,Bro 42 SAR is mono-intake haha
kivke8a_0,A level history student?
jcsx5eb_0,"Phone, wallet, earphones, keys, laptop, laptop charger, portable charger, android cable, apple cable, wet tissue, dry tissue, assortment of otc medicine, umbrella, snacks, coins,

All in an enormous emart backpack. I have become known as doraemon to my friends"
fz7lmkc_1,Was given PES E1 due to moderate hearing loss. I’m excuse firearms and loud noise vocations.
1221pb3_0,"Females in airforce as AFE and BMT. Female; Planning to go to airforce and sign on as officer, any tips on BMT and the force? I heard AFE serve a different BMT (Service BMT) instead of combat BMT."
h6pvne4_0,"Unless you win a medal and it must be the Olympics, nvm if you win most other competition because ordinary people don't care about that. Many great names actually don't win Olympics gold or even medals since the event is only held once every 4 years and there's alot of various factors that are out of one's control. So an Olympics medal, what more a gold, is actually somewhat a miracle for a country like us. Trying to say you can ""buy into"" being an athlete (and thus out of NS) is really dismissive of their efforts."
fljjpla_0,"So the infrastructure in Singapore build and maintain itself? Pass holders in SG also don't have to pay for medical services provided in SG pertaining to Covid-19. They also get the safety and public services which derives from our Singaporean son who gave 2 years + 10 years of their time for NS and reservist in SCDF, Police, and Army."
h4ao1r8_0,Yes if you got PR from apply as student
h4oeaiv_0,Thanks for the insight! What did your friend sign on as?
nwwjef_0,"Is it worth it to sign on as a pilot/ WSO?. So I have 3 months of Flying Experience Programme (FEP), and by the end, I have to decide if I want to sign on to be a pilot or WSO."
dzspzix_3,"Why would they do so? Yet, the responses to my book indicate that many have."
14434ug_0,"ADVICE ON NDU(HOW TO DO REALLY WELL). I'm 19 years old currently just POP from a PES  BP batch and signed on to NDU, any advice from a fellow diver to another on how i can get through CDC & SF and do well?"
h9p2x30_0,That depends on where of MPC
db58hw7_0,"I'd say that the best way to understand their foreign policy is to think of how useful it is as domestic propaganda. Look at the SCS, it's not like taking over the place would actually be worth the international shitstorm."
jxsrjbc_0,"Bottom left compartment & drawer of the locker is for personal stuff. Idt they care what u put inside, at least for my coy. They mainly look at how u fold ur tshirts and uniform"
gu00yq2_3,"So for example if DBS gives out a 2.5% yield pa. for their dividend payout, and DBS share price went up by about 3.5%-10% that year, total gain that year can expect 6.0% - 12.5% ish."
esguf44_0,"ah yes, the curse of non-muslim food. I switched to muslim food after BMT, biggest regret was not doing it sooner. Muslim food was really a cut above, prata in the morning, mutton bryani at least once a week."
hw5xohu_0,"OK, signing on to change vocation is clearly not a good decision as your basis of making said decision is very very shaky. As what the other chap commented, its on a whim, I second it."
m80g2de_0,"Just book in and see MO is okay, don ned bother about the judgemental comments, some of us just really aren’t cut for combat training as I’ve see some people really have meltdown and being downasf and no one will care for them, NS is only you yourself, you don’t care for yourself no one will. Don’t bother about what others say and just follow through with what you want to do."
1fy11ng_0,info on spf soc and what voc to pick. I am a PNSF right now still thinking about what vocations i should put as my top 3.
l1qxl6p_0,I remember last time at Tekong mine was near the forest. At night very cooling.
ja6ev99_0,"source from msian friend: those selected to go for their national service don't even know how to strip and reload a weapon. the guns are loaded and handed to them to pull trigger and return it to their instructor. not sure about their regular force, but if this is the standard of their nsf i don't think we need to be worried."
jkhyj04_0,grass always seem greener on the other side… personally I find that Tekong BMT was definitely an experience but I wouldn’t give up an easy vocation for it as I believe find boring life >>> shag life
hnlwos8_0,"Wanted to be Guardsman/Commando, ended up getting the letter from SPF. # noragrats"
fb3ni2e_0,"&gt; Given that I’m in pes B1, is it a given that I’ll be assigned something that has to stay in after BMT, or do I still have a chance at a 7-5 kind of posting ? If I do, how do I increase my chances of getting such a posting (I need the time during the week to pursue my martial arts if possible)

The rest of the comments have addressed your concerns but with regard to the above point, you need to think about it from MINDEF's point of view: **What's so special about _you_ and _your martial art_?**"
domi3p7_0,"You brought it up because you claimed that conscripts aren't independent. You said that conscripts depend on the government for food and shelter. That's not true - conscripts stay in camps and eat SAF food not because they cannot earn their own money, it's because they're forced by the government to do so."
lftvljk_1,They complain cause you're not going overseas with them?? The fuck?
ipydcfy_0,Wait for the electronic systems to break down and do a test using manual count... then you can do sub standard sit ups that should be faster...
kd10cnp_0,"I also saw the 2 POC name DXO Oo Meng Kum and DXO Josephine Chew Keng Jee who do an army illeagel duty, Mr Oo Meng Kum ask me to do duty storeman for 14 to 28 days and was tekan in from 7th July 2011 to 21st July 2011 and I was told to get an officer for a counsellor and they keep making my life like that and keep on asking me to go ops room keys. Then when the soldiers all go chalet and Mdm Jo scold me for fun and said why I never draw keys every morning and I said I have done with all the 14 duty storeman and pay everything back, so I realize the Nee Soon Camp must investigate it. After I sent a report against Mr Oo Meng Kum that he ask me to draw ops room keys 10000 times until I ORD, so I don't trust a liar and he ask me to bring down the nominal roll and book in/out book down to the fall in area. Then Mdm Josephine Chew Keng Jee ask me to sign extras with a total of 23689 duties of returning keys, then she charge me of returning keys of extend ORD, but my ORD was 21st February 2013 and she said I ORD on 21st February 2014 for giving a false statement to the RQMS and QM."
1147jye_0,"NSFs, How do you spend your free time inside and outside NS?. [View Poll](https://www.reddit.com/poll/1147jye)"
lls2095_0,Can claim grab before 0530 and after 2100
im0djzf_0,"Best to find out more about the vocation you’re interested in, speak to NSFs / regulars around your age group in those formations first to find out what are the possible specialisations within those formations and see if it’ll interest you."
g3597v2_0,What did you help out in as an SA? I think it's similar now. A lot of the stuff we also do isn't exactly in the job too
mhh4wnl_0,"Also it’s like reverse psychology 

The more u dun want to serve the more shiong ur vocation will be"
hhuvqj4_0,"I have never heard of SC/SGT(3), max is until (2) if I’m not wrong for nsfs. Only regulars go up to SGT(3), which replaced the Staff Sergeant rank."
nuy2rha_0,Usually I'd say 9 core but literally don't. Your health is not worth a few bucks.
z0mkh4_0,"Advice on whether i should sign on in the Army. Hi, i would like to have some advice with regrads to signing on in the army."
kdecgl4_0,Could have been true when NS was first implemented. But SG very rich now and MINDEF budget high
1cyjq2h_0,Should I get excused from uniform?
ljcf734_0,Most likely is transport!
mp3k4wl_1,"Most frontline NSFs or Regulars i’ve known especially in EMS changes a lot in their time in service, though sometimes it’s bad like picking up new ‘habits’ and dissociation or good like being able compartmentalise & focus on new things to destress themselves. 10/10 would do it again :)"
t4b9vu_0,Have you ever seen/ heard of a commanding officer/ NCO punching a subordinate or vice versa? What happened afterwards?.
nhneorg_0,"for my 2 cent, i think it has value, but its something no one will think about until some outside force starts acting up. i want to say its better if it remains this way for what it represents, but deep down i really, really wish we get better benefits for the 2 years."
gyob0if_1,"Right now it's too late to get females in because it will cause uproar. But then, some roles in NS aren't physically demanding after mindef uses technology to replace some vocation."
cs6sndi_0,"IMHO, both  

SAF/Mindef has the highest military spending per capita in the region. We invest a lot into the latest and greatest we can afford (although that is not really apparent if you are a lowly grunt)  

Also, quite a sizable chunk of our military assets are not in Singapore but in 'exchange programs' with our allies overseas. And if you manage to sneak a peek into our air/naval bases, there are allied force assets parked there regularly."
jzgdi0_0,which vocation should I choose spf. guys ill need your advice.
lpehd5v_0,"Pay $$$
Easy memo
Easy owadio"
ereq1li_0,"u can book in advance tho? thats what my friend does when he has early flights

just put it out there and pray"
famwshr_0,"Posted to: IDTI

Vocation: Security Trooper (CBT)

They said to bring writing materials and the SAF issued items given during BMT does that mean everything including duffel and field pack? Also what is there to expect? Any tips?"
m2n38nm_0,"If you OOC you will usually be assigned a CSS/service vocation like TO/SA/ASA, which is compatible with either combat/non-combat pes even after you downpes. I (and my other unit mates) were also ooc and posted out to our units first, before getting downpes and getting revocated if needed."
176ln5g_1,"Currently doing saikang everyday and I’ll most likely extend excuse as my condition is not getting better. However, mo told me my condition will not warrant a downpes. Will i be stuck doing saikang for another few months whilst unit wait for my excuse to end to recourse me, or will I be posted out even if I didn’t downpes?"
d66f1iv_0,Also the tiny-ass sample size. Because there are only 100+ active NSmen in SG at any given point in time. /s
nsvg9qs_0,"Unker seems like no one here is taking you seriously, you’re just mad that both NSFs, regulars and newer NSmen are earning more money than you ever did"
gugq9mk_0,"&gt; Though not a SAF regular and just a lowly NSMen, my commanders during NE briefing for ICT do share some snippets and nuggets with us. I don't think things with our immediate neighbors and some of the larger powers in the region are as civilised as it seems."
o3xh5u_1,Currently in SCS found term and I am having some mental health issues. Does anyone know how to report sick for such things in camp?
rznnjb_8,I really want to become a driver or get into any other vocation like security trooper or stayout/slack units.) 5.
gx7tpep_0,how did the real soldiers in the SAF allow themselves to be led by this fat clown ??? how did he even pass IPPT with all that excess weight????
cz8wrch_0,"Hi, do you know how PES C recruits are selected for air force vocation? ( E.g based on one's educational background or performance in tekong)"
idmu7y9_0,"if you feel scared you’ve already lost half the battle

yes, OP mention he has anxiety and it makes him anxious around him but you can circumvent this by having your own support circle and also improving yourself 

also if he does (touchwood) hit you or smtg, you report to your commanders immediately and he’ll get charged. for now focus on forging new memories and think of what you wanna do when you wadio. cheers man!"
ejuocs_1,Is going through extra 6 months worth it? Is being a section commander worth it in unit?
gg0mjr4_0,"Then you have to wait 3-6 months before ORD mark in order to sign on. Meanwhile, you can try to lose weight in that period of time."
fbg1uye_0,Aight thx for the reply bro
grd7qv5_3,Another time his vehicle scrapped against the camp gate. Nothing happened to him and the enciks mobilized us to paint the vehicle where it was scratched and paint to gate to hide the color marks.
ibym30t_0,"1) yes

2) You need to pass ippt unless you are excused, if not you can't promote and it will affect your performance grading which affects your bonus. 3) Uni is much harder than poly but having a background helps, you can still not bother and fail a module if you're not going uni but fail too many times, you will break bond"
hn1gd0n_0,mmm so how is POBC like? do you have any personal experience? after POBC as PES E what vocations can i do
ct3n204_0,"army scare of mental NSF. simple as that, regulars are not steel, they are subjected to take good care of NSF and follow orders, to work for SAF. a few paper work may cause them not enough coffee time but its their work ok."
gtt4sdv_0,"If u got a specialist letter from a hospital should be fine 
If he still proceed to downplay your letter and not give you the excuses 
ask him ""so will you be responsible if anything happens to me"" and ask for it in writing which they will not do and proceed to give you the excuse"
jzm8nw8_0,SCS. Should I be happy or sad
m1z1bhm_0,See you there from raven
fduc07o_2,"(When 3SGs like section commanders ask you to give them your MCs, timeslips and excuse letters, they usually need to take a picture or collect it and send to to their superiors which are your PS and PCs as they are for administration purposes. There should not be any problem with directly giving the MC to your PS, so long as your direct commander is informed about you doing this first.)"
g9bpwtf_1,"Swimming is just a small part of the vocational assessment. Have fun in the hyperbaric chamber :D

Once you are enlisted, swimming lessons will be conducted during BMT to get you up to speed. I enlisted as a non-swimmer and managed to pass out just fine. You do need to be comfortable and confident in the water as there will be a lot of water-based activity throughout your training, with time limits on when you have to accomplish them, e.g. before BMT, during dive phase, before hell week etc. All the best!"
ibgdo01_1,"void(ed)? vocation. The only inconvenient thing is that you will be ""that guy"" booking in on the 2nd or 3rd day with all your stuff and you wont get to choose your bed, you will be lost as fck, and basically stand out like a sore thumb."
mo3f4gg_0,"1) Depends on which vocation you go. Yes, NS will be MUCH EASIER compared to our SAF Buddies."
lqks18z_1,"During my time (80s/90s), probably 1 out of 7 or 8 candidates, are accepted. There is only about 2 intakes of about 3 to 4 squad per year. After the early 90s, about 12 to 16 squads are trained yearly. Right now the number of squads trained should be higher."
kdgn9l_0,Anyone that went to guards can answer this question?
d1o4k4i_0,"should be. mindef should have automatically input this, so you should check the tax portal."
dn1o2er_1,"One of my PCs did just that, got the golden bayonet, and went to OCS. Son of a gun"
de3osda_0,"&gt; Her eyeballs and clumps of hair were recovered at the foot of the block. &gt; An autopsy found multiple injuries to her head, neck and limbs, including a gaping 12cm wound across her neck that cut her spinal cord. all the spf/scdf guys who responded to this case confirm need to go for ptsd counselling sia
 
this is some fucking texas chainsaw massacre shit right here"
jys7da3_0,"i suggest dont. spf's no.4 is basically our uniform and when u don it, it basically means ure on duty. spf uniform is not for show. it rlly carries a heavy weight on the person wearing it"
jq8qg5z_0,Can those enlisting on Mon/Tues update whether they got mono?
iqp1tpd_0,"Hi bro, lets say if i get excused swimming, will i get downpes? dont really want that as i wanna get a frontline vocation"
i8taqzw_4,"Really really, not worth unless it's your best outlook on life OR you really have a passion for it. Very easy to get trapped with non-transferable skills and then you'll just be forever stuck in that shitty life."
hn2tvoh_5,"If you wanna just try and dip your toes in to get a sense of whats happening, try  [CDAU](https://www.mha.gov.sg/volunteers/home-team-volunteer-scheme/detail/Details/civil-defence-auxiliary-unit-(cdau)---emergency-medical-services) to volunteer and get a taste of what you're getting into. You can always ask the regulars there how things work, what to look out for and how to better cope with the new working environment"
k4j4ix3_0,The craziest regular ever
fg7jiwh_0,where would u find the coy number tho cos i googled and can only find the number of his sch (sch 4). thanks tho!!
h1eoz8x_6,This includes the admin roles which everyone says its boring. In fact you will be extremely busy if you are a manpower officer ( the toughest admin vocation) or an operations officer.
gfhhyys_0,subtlety hinting about feminism but also having double standards? time to zao dude
kv68iqt_0,Yes just say you don't want to extra reservist
hca4ps4_0,"SIG OPR IC1 here, any ideas about what IC1 does?"
jzn2e84_1,"Unless you got valid reason to stayout (Medical, Family matter, etc), You gotta stay in, regardless of vocation. Its SAF, so no choice."
hs6okcq_0,"Zero chance of going to medic vocation in Pes E, unless you up pes. PES E vocations are admin clerk, store man and sometimes driver"
kxtx6by_1,You go outside and see a real doctor. He will give you the medicine and MC.
py78u8_0,"In vocational training able to cancel LD?. Hi currently i have ld 84 days due to panic attacks 3 times in a month or so but i kinda regret it as i dont think its that serious. I want to complete my vocational training and dont really want to recourse, is there anyway i am able to cancel ld?"
dm6xdx9_0,Thank you :) yes it's at tekong!
ip5v2ad_0,"Fuck what your commanders think, your body you know best, just report sick and do the things needed to fix your body, no point giving your body for 2 years then at the end of 2 years everyone “ORD LO” then you knn here spoil there spoil no point + if your commanders are regulars is their job so is their problem you just NSF internship 2 years and fuck off already, fix your body, take care your body, fuck what your commanders think cuz legit after you ORD LO you live your life they live their life and they will probs forget about you also"
14fscfy_11,"Other than risk pay for combat/combat support vocations for which I fully support. Proposal for all systems to allow for the display of one's highest-valued accolade:
----------
If you're in a service vocation, your uniform is quite barren. To combat this (no pun intended), a pin (symbolising the highest accolade you have attained) shall be worn on the left collar (on the opposite side of the vocation badge). In order of precedence:
NSF of the Year <Vocation> of the Year; Coins (in order of precedence, depending on the commander's establishment/command/appointment); Best Soldier of the Month
----------
You may comment below for suggestions for combat/combat support vocations as I am not an expert in this and shall not comment on the efficacy of NSF commander leadership in these vocations:)

Do let me know what you think about my suggestions!"
kifijil_0,Then give offs to them as well? What thinking is this?
ic7k68u_0,"Dont need charge up the hill for assault like the rest of your platoonmates, you're mostly deployed as firebase with the anti-armour folks. Need to get used to the extra weight."
kve1buv_0,will safety hotline really not do anything?
n4tr7hs_0,Wanted to have more work life balance. Also lost my sense of purpose (felt that army became more like a child care centre than an actual military army lol). I was an officer so was earning quite a bit but I didn’t feel happy at all. Am earning lesser now but feel way happier. My partner was also a regular and he left cause of terrible bosses.
j6qq0ky_0,"But wouldn’t you say NS being mandatory is also a test of ones character too? How one will react and behave if they’re forced to do something they don’t like, something uncomfortable? Many act as if NS is the only thing in life where they don’t have a choice, but if in future if you think you have so much choices, you won’t get anywhere"
g3z7ruk_1,"Dual vocationlist can rarely clock the required mileage to convert military licence to civilian licence but it definitely give you the experience of knowing how to drive so you can probably go and take a civilian driving test (via private instructor route instead of attending a conventional driving school - which will save you a lot of $$) outside during ns or after you ord. Honestly speaking I feel there is more pros than cons of entering into the driving school , driving skills are probably one of the rare few skills you can bring to the outside world after you ord."
mfr48mc_0,"You know what this means.,.. 10km more of tekong cough victims"
fk0odjp_0,Did you buy the Safra membership?
m39zgke_0,"might as well save the money first. can buy later 'cause PC stuff usually also update/out-date faster b4 u know

no hurry to get the com set correct?"
h8j8kss_1,They tend to reserve the 10 or 20 for the more rabak side of offences such as untidy area. But maybe that's because I Pes Bp lol.
cu6tw25_0,And then eventually a 1 day DB for repeated charges. I've admitted NSman for defaulting IPPT and I think it's kinda embarrassing to be sent to DB for that.
ey9pu3c_0,"Yes you can still pop. In fact, most of my friends who failed ippt went for 8-5 or slack vocations like MP, signals"
ld4mjy2_0,"Enciks and SMs usually belong to EWOS track, which does not require them to have a degree, thus not many will have degrees much less be a (undergraduate) scholar. This brings to the point of the two different schemes within the SAF (there is a third but not relevant here): EWOS and EOS. EWOS or Enhanced Warrant Officer Scheme is the track for WOSPECs to undertake when they sign on."
42a5rg_3,4 weeks in Tekong and 5 more weeks in a vocational school. This does not include the first week though as it will be week 0.
j3zyf2i_3,"please do support him throughout this period as it would be mentally taxing, especially during the first few weeks at his new vocation. after about 1yr 7 months, he will be close to ORD (basically being free from NS). this will signify the end of his NS journey and he will once again become a free man. this is the most simplified version i could think of to explain the ns journey so other nsfs pls forgive if i missed out some details - feel free to add on."
g11svhg_0,May I know why NSF don’t get CPF when SAF is a government organisation?
i1e7fj7_0,"i did not cope well in bmt, and now knowing that its gonna be the same for the next 1.5 years, i can't help but worry"
hoax561_7,"Unfortunate, but there's nothing we can do also. Tried asking my buddy once and he got so mad at me for that."
hy3fh1o_0,"It started very intensely when I got transferred from to ASA vocation. Its been there since PTP. But I didnt care much abt

The last 1.5mth its been relentless"
jcwyfbe_2,99% of time eating or playing game. - Stays 5 minutes away from camp.
1e4jbl7_8,"Rough breakdown about said vocations (jobscope, peers, camps, etc)  
2. Progressions in terms of career in the vocation itself and if i do finish my bond and transition to civi  
3."
fw80glw_3,Also i feel u should at least go to SCS as u at least will have some rank and will get some personal liberties not afforded to men at the bottom of the food chain. Both will require huge amounts of luck not to be posted to a shitty vocation uh .
ipuhpn6_0,"PRs by law cannot rent out the whole unit, SCs can"
viuclc_12,"Well this IMH doc is another fk no diff than SGH. I tell him, I can't keep going on in NS like that, there's no motivation everyday in life."
